operation,page,samples,p50_ns,p95_ns,p99_ns,minimum_ns,maximum_ns
history_page_cold_cpu_cache,1,30,41300,76200,149400,33300,149400
history_page_cold_cpu_cache,2,30,56200,103500,120100,48300,120100
history_page_cold_cpu_cache,3,30,57700,109700,190200,45700,190200
history_page_cold_cpu_cache,4,30,57200,102800,105300,46900,105300
history_page_cold_cpu_cache,5,30,56300,100900,105600,43700,105600
history_page_cold_cpu_cache,6,30,55900,88800,108200,44200,108200
history_page_cold_cpu_cache,7,30,54400,63300,64600,43100,64600
history_page_cold_cpu_cache,8,30,56300,90300,101300,48200,101300
history_page_cold_cpu_cache,9,30,57600,127000,131700,47800,131700
history_page_cold_cpu_cache,10,30,55600,101400,102200,46400,102200
history_page_cold_cpu_cache,11,30,55500,111300,123500,49800,123500
history_page_cold_cpu_cache,12,30,55700,98700,112600,47900,112600
history_page_cold_cpu_cache,13,30,59300,102100,107700,45100,107700
history_page_cold_cpu_cache,14,30,56100,100700,102800,43700,102800
history_page_cold_cpu_cache,15,30,56100,88200,106100,49600,106100
history_page_cold_cpu_cache,16,30,53000,83300,100300,47600,100300
history_page_cold_cpu_cache,17,30,56000,103800,104200,49300,104200
history_page_cold_cpu_cache,18,30,58200,107700,144900,46800,144900
history_page_cold_cpu_cache,19,30,56400,99300,173300,45800,173300
history_page_cold_cpu_cache,20,30,57800,154400,219400,48800,219400
history_page_cold_cpu_cache,21,30,54400,71400,90000,49300,90000
history_page_cold_cpu_cache,22,30,56200,74600,102300,45700,102300
history_page_cold_cpu_cache,23,30,55500,63900,100400,45600,100400
history_page_cold_cpu_cache,24,30,57500,70500,93300,44600,93300
history_page_cold_cpu_cache,25,30,54600,67100,105000,48800,105000
history_page_cold_cpu_cache,26,30,54600,100200,107500,48100,107500
history_page_cold_cpu_cache,27,30,54500,107600,127600,49900,127600
history_page_cold_cpu_cache,28,30,53300,103600,106200,47500,106200
history_page_cold_cpu_cache,29,30,54100,68300,100600,48500,100600
history_page_cold_cpu_cache,30,30,52700,75600,104000,48700,104000
history_page_cold_cpu_cache,31,30,55600,65700,493800,48700,493800
history_page_cold_cpu_cache,32,30,56000,84000,111300,49400,111300
history_page_cold_cpu_cache,33,30,54700,90000,285600,48200,285600
history_page_cold_cpu_cache,34,30,54600,68300,100800,47400,100800
history_page_cold_cpu_cache,35,30,55300,106700,124400,47600,124400
history_page_cold_cpu_cache,36,30,56900,113600,143300,47200,143300
history_page_cold_cpu_cache,37,30,55600,63600,93400,45600,93400
history_page_cold_cpu_cache,38,30,54400,64800,88600,48700,88600
history_page_cold_cpu_cache,39,30,55200,82300,126600,46200,126600
history_page_cold_cpu_cache,40,30,56800,96400,101100,49600,101100
history_page_cold_cpu_cache,41,30,56500,114500,121000,48000,121000
history_page_cold_cpu_cache,42,30,53300,69600,125700,46600,125700
history_page_cold_cpu_cache,43,30,53600,92700,104500,45200,104500
history_page_cold_cpu_cache,44,30,56400,111800,170100,44200,170100
history_page_cold_cpu_cache,45,30,56500,108500,156400,45500,156400
history_page_cold_cpu_cache,46,30,57200,99500,100100,44600,100100
history_page_cold_cpu_cache,47,30,55800,67700,154100,43700,154100
history_page_cold_cpu_cache,48,30,54200,101500,108900,43900,108900
history_page_cold_cpu_cache,49,30,56500,67200,99400,44700,99400
history_page_cold_cpu_cache,50,30,55000,97700,112700,45400,112700
history_page_cold_cpu_cache,51,30,54100,100100,104000,46300,104000
history_page_cold_cpu_cache,52,30,52200,102200,105800,46000,105800
history_page_cold_cpu_cache,53,30,54500,128200,149300,44500,149300
history_page_cold_cpu_cache,54,30,53700,76800,84900,46500,84900
history_page_cold_cpu_cache,55,30,55700,95200,104600,48100,104600
history_page_cold_cpu_cache,56,30,52400,138000,169100,48100,169100
history_page_cold_cpu_cache,57,30,51800,100300,101100,47300,101100
history_page_cold_cpu_cache,58,30,53100,112700,118100,45500,118100
history_page_cold_cpu_cache,59,30,53900,92600,128700,46600,128700
history_page_cold_cpu_cache,60,30,57100,82600,91500,50300,91500
history_page_cold_cpu_cache,61,30,52400,67000,85500,46500,85500
history_page_cold_cpu_cache,62,30,52700,78700,199800,44000,199800
history_page_cold_cpu_cache,63,30,54500,103700,109600,43400,109600
history_page_cold_cpu_cache,64,30,56200,105700,175100,44500,175100
history_page_cold_cpu_cache,65,30,54100,90800,106900,43500,106900
history_page_cold_cpu_cache,66,30,53300,68500,91200,45000,91200
history_page_cold_cpu_cache,67,30,53300,107700,163000,42600,163000
history_page_cold_cpu_cache,68,30,53900,89500,114700,46700,114700
history_page_cold_cpu_cache,69,30,56300,102200,103900,49400,103900
history_page_cold_cpu_cache,70,30,56300,104200,104200,44400,104200
history_page_cold_cpu_cache,71,30,55900,114000,122000,43100,122000
history_page_cold_cpu_cache,72,30,54300,100600,105900,43300,105900
history_page_cold_cpu_cache,73,30,57200,103700,185000,48500,185000
history_page_cold_cpu_cache,74,30,54600,78000,97900,46700,97900
history_page_cold_cpu_cache,75,30,54500,125100,158200,44700,158200
history_page_cold_cpu_cache,76,30,54300,66700,106000,43400,106000
history_page_cold_cpu_cache,77,30,55300,107100,110700,47900,110700
history_page_cold_cpu_cache,78,30,55000,108700,112000,46500,112000
history_page_cold_cpu_cache,79,30,56700,92700,93700,48100,93700
history_page_cold_cpu_cache,80,30,54100,62100,98800,47900,98800
history_page_cold_cpu_cache,81,30,56000,113000,126600,47800,126600
history_page_cold_cpu_cache,82,30,56100,99100,113000,48400,113000
history_page_cold_cpu_cache,83,30,57500,110800,114000,48600,114000
history_page_cold_cpu_cache,84,30,54400,90400,100800,47000,100800
history_page_cold_cpu_cache,85,30,54400,98300,99200,48100,99200
history_page_cold_cpu_cache,86,30,54200,91900,107600,48700,107600
history_page_cold_cpu_cache,87,30,55200,138700,178100,47700,178100
history_page_cold_cpu_cache,88,30,55200,111200,112500,48600,112500
history_page_cold_cpu_cache,89,30,56200,101900,106500,45000,106500
history_page_cold_cpu_cache,90,30,51900,106900,194400,46200,194400
history_page_cold_cpu_cache,91,30,54600,72800,105100,45600,105100
history_page_cold_cpu_cache,92,30,55900,64000,93000,48500,93000
history_page_cold_cpu_cache,93,30,55500,114800,123900,48600,123900
history_page_cold_cpu_cache,94,30,56400,102800,103400,48700,103400
history_page_cold_cpu_cache,95,30,53000,100900,105700,43800,105700
history_page_cold_cpu_cache,96,30,58500,68800,85200,44300,85200
history_page_cold_cpu_cache,97,30,58500,105000,123400,46500,123400
history_page_cold_cpu_cache,98,30,58500,103800,105900,48100,105900
history_page_cold_cpu_cache,99,30,54900,98600,111400,44600,111400
history_page_cold_cpu_cache,100,30,52600,100500,103900,45200,103900
history_page_cold_cpu_cache,101,30,57400,102300,184200,47500,184200
history_page_cold_cpu_cache,102,30,55900,103300,103300,46400,103300
history_page_cold_cpu_cache,103,30,56100,101600,168000,49000,168000
history_page_cold_cpu_cache,104,30,52900,97800,128100,47600,128100
history_page_cold_cpu_cache,105,30,55200,64000,104800,47800,104800
history_page_cold_cpu_cache,106,30,56200,150300,198900,47400,198900
history_page_cold_cpu_cache,107,30,55900,73400,91100,46300,91100
history_page_cold_cpu_cache,108,30,56800,119300,121300,46200,121300
history_page_cold_cpu_cache,109,30,53200,76600,119200,45200,119200
history_page_cold_cpu_cache,110,30,51500,64900,101400,43400,101400
history_page_cold_cpu_cache,111,30,54000,101600,146700,44100,146700
history_page_cold_cpu_cache,112,30,53400,100300,137700,44900,137700
history_page_cold_cpu_cache,113,30,57000,104900,193800,46700,193800
history_page_cold_cpu_cache,114,30,53500,81600,106100,45400,106100
history_page_cold_cpu_cache,115,30,53100,77200,99600,44600,99600
history_page_cold_cpu_cache,116,30,54100,95700,105800,45400,105800
history_page_cold_cpu_cache,117,30,56000,81500,102700,44000,102700
history_page_cold_cpu_cache,118,30,56500,107300,207200,44200,207200
history_page_cold_cpu_cache,119,30,52700,63800,64900,43800,64900
history_page_cold_cpu_cache,120,30,51700,61200,185100,45600,185100
history_page_cold_cpu_cache,121,30,54100,104200,114900,44300,114900
history_page_cold_cpu_cache,122,30,54500,97100,105100,43500,105100
history_page_cold_cpu_cache,123,30,54400,72200,104000,47700,104000
history_page_cold_cpu_cache,124,30,52100,61500,102500,46200,102500
history_page_cold_cpu_cache,125,30,51900,100200,102800,46600,102800
history_page_cold_cpu_cache,126,30,55500,78900,106600,46500,106600
history_page_cold_cpu_cache,127,30,56000,108900,160800,45700,160800
history_page_cold_cpu_cache,128,30,54400,61300,102000,44300,102000
history_page_cold_cpu_cache,129,30,52100,62700,68000,47100,68000
history_page_cold_cpu_cache,130,30,51800,109900,134200,47300,134200
history_page_cold_cpu_cache,131,30,52900,111300,116700,46900,116700
history_page_cold_cpu_cache,132,30,54500,103800,105300,45600,105300
history_page_cold_cpu_cache,133,30,56600,100300,104700,44600,104700
history_page_cold_cpu_cache,134,30,51600,103200,215800,45800,215800
history_page_cold_cpu_cache,135,30,51700,87500,106000,46300,106000
history_page_cold_cpu_cache,136,30,54100,93000,114300,44400,114300
history_page_cold_cpu_cache,137,30,54100,104500,105400,44700,105400
history_page_cold_cpu_cache,138,30,54800,103700,141400,44200,141400
history_page_cold_cpu_cache,139,30,53000,95300,155900,45300,155900
history_page_cold_cpu_cache,140,30,55500,102600,164700,44700,164700
history_page_cold_cpu_cache,141,30,51500,60000,117200,46200,117200
history_page_cold_cpu_cache,142,30,52900,102700,118700,47500,118700
history_page_cold_cpu_cache,143,30,53000,118100,123600,46600,123600
history_page_cold_cpu_cache,144,30,53900,103400,151200,43100,151200
history_page_cold_cpu_cache,145,30,53400,59700,60600,44800,60600
history_page_cold_cpu_cache,146,30,53500,82700,92900,42200,92900
history_page_cold_cpu_cache,147,30,53100,62600,63500,45800,63500
history_page_cold_cpu_cache,148,30,55700,77300,105000,48100,105000
history_page_cold_cpu_cache,149,30,56100,72600,100200,48800,100200
history_page_cold_cpu_cache,150,30,55600,98800,205400,49700,205400
history_page_cold_cpu_cache,151,30,56900,103200,115000,49200,115000
history_page_cold_cpu_cache,152,30,55200,75200,83700,47000,83700
history_page_cold_cpu_cache,153,30,55700,103600,105500,45200,105500
history_page_cold_cpu_cache,154,30,56700,86900,91600,42000,91600
history_page_cold_cpu_cache,155,30,55900,105100,140200,48700,140200
history_page_cold_cpu_cache,156,30,56100,63700,71200,49300,71200
history_page_cold_cpu_cache,157,30,54900,62900,106000,47600,106000
history_page_cold_cpu_cache,158,30,55800,65500,147900,47800,147900
history_page_cold_cpu_cache,159,30,57100,65900,123600,48900,123600
history_page_cold_cpu_cache,160,30,54200,96600,104300,49300,104300
history_page_cold_cpu_cache,161,30,56300,84700,90000,50100,90000
history_page_cold_cpu_cache,162,30,53800,63300,107800,49000,107800
history_page_cold_cpu_cache,163,30,56000,103100,104100,48300,104100
history_page_cold_cpu_cache,164,30,57000,86400,110200,48100,110200
history_page_cold_cpu_cache,165,30,56700,100100,110300,48300,110300
history_page_cold_cpu_cache,166,30,53600,74100,86500,48500,86500
history_page_cold_cpu_cache,167,30,55400,121700,196100,45800,196100
history_page_cold_cpu_cache,168,30,54800,91800,105900,45400,105900
history_page_cold_cpu_cache,169,30,56700,62600,73700,48200,73700
history_page_cold_cpu_cache,170,30,54100,62800,156700,48300,156700
history_page_cold_cpu_cache,171,30,53700,66200,67100,46000,67100
history_page_cold_cpu_cache,172,30,54500,103600,154300,46300,154300
history_page_cold_cpu_cache,173,30,55000,99300,111600,47500,111600
history_page_cold_cpu_cache,174,30,54500,110200,151400,45600,151400
history_page_cold_cpu_cache,175,30,55300,81800,117800,43000,117800
history_page_cold_cpu_cache,176,30,52700,92800,105400,46400,105400
history_page_cold_cpu_cache,177,30,55700,88900,136400,47400,136400
history_page_cold_cpu_cache,178,30,56200,81500,102400,48100,102400
history_page_cold_cpu_cache,179,30,56700,89800,101800,45800,101800
history_page_cold_cpu_cache,180,30,54700,67700,85300,45600,85300
history_page_cold_cpu_cache,181,30,52700,85400,104900,43800,104900
history_page_cold_cpu_cache,182,30,53600,91500,130400,44900,130400
history_page_cold_cpu_cache,183,30,54200,92500,138200,46600,138200
history_page_cold_cpu_cache,184,30,54900,64500,82500,43400,82500
history_page_cold_cpu_cache,185,30,53300,76100,87900,43900,87900
history_page_cold_cpu_cache,186,30,53100,108600,129600,43700,129600
history_page_cold_cpu_cache,187,30,53000,188900,189200,45100,189200
history_page_cold_cpu_cache,188,30,56700,88900,115500,44500,115500
history_page_cold_cpu_cache,189,30,56200,64600,163900,45300,163900
history_page_cold_cpu_cache,190,30,54300,71800,103200,45900,103200
history_page_cold_cpu_cache,191,30,54100,73600,116700,45700,116700
history_page_cold_cpu_cache,192,30,54300,102800,105100,46400,105100
history_page_cold_cpu_cache,193,30,56100,110500,145200,47100,145200
history_page_cold_cpu_cache,194,30,58400,104900,115600,48600,115600
history_page_cold_cpu_cache,195,30,56400,108000,131700,47800,131700
history_page_cold_cpu_cache,196,30,54400,62500,106500,48900,106500
history_page_cold_cpu_cache,197,30,56300,106900,107300,47900,107300
history_page_cold_cpu_cache,198,30,57600,112100,134100,47700,134100
history_page_cold_cpu_cache,199,30,56700,108300,121700,49300,121700
history_page_cold_cpu_cache,200,30,54900,104200,108100,48700,108100
history_page_cold_cpu_cache,201,30,53200,67700,133400,48500,133400
history_page_cold_cpu_cache,202,30,57700,113600,114300,49300,114300
history_page_cold_cpu_cache,203,30,56700,72900,119400,48900,119400
history_page_cold_cpu_cache,204,30,55300,63900,74000,49300,74000
history_page_cold_cpu_cache,205,30,56700,70700,103700,50000,103700
history_page_cold_cpu_cache,206,30,53800,123700,137400,47200,137400
history_page_cold_cpu_cache,207,30,52500,110600,174000,47600,174000
history_page_cold_cpu_cache,208,30,57500,112600,170300,48000,170300
history_page_cold_cpu_cache,209,30,56800,107300,242200,48600,242200
history_page_cold_cpu_cache,210,30,56900,103600,122700,45300,122700
history_page_cold_cpu_cache,211,30,53800,115100,138400,46700,138400
history_page_cold_cpu_cache,212,30,52700,64700,134000,46800,134000
history_page_cold_cpu_cache,213,30,56300,101200,117500,45300,117500
history_page_cold_cpu_cache,214,30,56400,90800,102200,47900,102200
history_page_cold_cpu_cache,215,30,56800,100900,117800,48700,117800
history_page_cold_cpu_cache,216,30,52900,107000,110100,49100,110100
history_page_cold_cpu_cache,217,30,52100,105100,116000,42000,116000
history_page_cold_cpu_cache,218,30,57400,135800,141400,45900,141400
history_page_cold_cpu_cache,219,30,59200,105800,119200,45200,119200
history_page_cold_cpu_cache,220,30,58200,105800,108800,47900,108800
history_page_cold_cpu_cache,221,30,55800,110300,122600,44500,122600
history_page_cold_cpu_cache,222,30,54100,104800,131600,44200,131600
history_page_cold_cpu_cache,223,30,55800,99400,104100,43800,104100
history_page_cold_cpu_cache,224,30,54800,64800,66200,48000,66200
history_page_cold_cpu_cache,225,30,56400,111700,115400,48300,115400
history_page_cold_cpu_cache,226,30,55700,112200,120100,49500,120100
history_page_cold_cpu_cache,227,30,54100,93600,105900,45000,105900
history_page_cold_cpu_cache,228,30,54800,106100,112000,47200,112000
history_page_cold_cpu_cache,229,30,52600,104800,136300,44900,136300
history_page_cold_cpu_cache,230,30,56900,97900,120400,48500,120400
history_page_cold_cpu_cache,231,30,55500,131100,134700,44100,134700
history_page_cold_cpu_cache,232,30,55300,106400,119700,45900,119700
history_page_cold_cpu_cache,233,30,56600,109000,129100,46700,129100
history_page_cold_cpu_cache,234,30,53300,63300,67900,47100,67900
history_page_cold_cpu_cache,235,30,56100,91500,115700,48700,115700
history_page_cold_cpu_cache,236,30,55300,70400,81700,47600,81700
history_page_cold_cpu_cache,237,30,53100,91700,103100,45500,103100
history_page_cold_cpu_cache,238,30,54400,79300,84200,48700,84200
history_page_cold_cpu_cache,239,30,56700,108900,124900,48700,124900
history_page_cold_cpu_cache,240,30,52900,68300,69700,49000,69700
history_page_cold_cpu_cache,241,30,57800,118200,202600,46000,202600
history_page_cold_cpu_cache,242,30,54600,63600,75700,47100,75700
history_page_cold_cpu_cache,243,30,54400,66500,106400,47100,106400
history_page_cold_cpu_cache,244,30,54900,64000,65500,46800,65500
history_page_cold_cpu_cache,245,30,56100,100900,228900,48200,228900
history_page_cold_cpu_cache,246,30,56500,103900,157000,49300,157000
history_page_cold_cpu_cache,247,30,54600,74700,117400,49100,117400
history_page_cold_cpu_cache,248,30,54200,104800,113900,46000,113900
history_page_cold_cpu_cache,249,30,52100,79000,82200,45800,82200
history_page_cold_cpu_cache,250,30,56200,81500,100100,45600,100100
history_page_cold_cpu_cache,251,30,56400,67200,82600,49700,82600
history_page_cold_cpu_cache,252,30,54800,103600,112200,50400,112200
history_page_cold_cpu_cache,253,30,52000,74700,102700,48700,102700
history_page_cold_cpu_cache,254,30,54100,108700,205500,47700,205500
history_page_cold_cpu_cache,255,30,56400,170500,179700,46300,179700
history_page_cold_cpu_cache,256,30,55900,98100,101700,45300,101700
history_page_cold_cpu_cache,257,30,56400,62000,63000,46900,63000
history_page_cold_cpu_cache,258,30,52900,106200,113800,45900,113800
history_page_cold_cpu_cache,259,30,53000,70600,88600,44300,88600
history_page_cold_cpu_cache,260,30,55200,91600,101600,48300,101600
history_page_cold_cpu_cache,261,30,56200,83800,95600,48000,95600
history_page_cold_cpu_cache,262,30,52600,61300,90800,48900,90800
history_page_cold_cpu_cache,263,30,51800,107400,110100,45500,110100
history_page_cold_cpu_cache,264,30,54000,98900,100300,47400,100300
history_page_cold_cpu_cache,265,30,57200,84100,151200,48300,151200
history_page_cold_cpu_cache,266,30,58300,135600,178200,48800,178200
history_page_cold_cpu_cache,267,30,54000,101500,102900,48700,102900
history_page_cold_cpu_cache,268,30,54400,107700,130400,47000,130400
history_page_cold_cpu_cache,269,30,52600,65200,109200,47600,109200
history_page_cold_cpu_cache,270,30,52900,100400,103600,48000,103600
history_page_cold_cpu_cache,271,30,56700,109600,219400,47700,219400
history_page_cold_cpu_cache,272,30,54600,106900,143800,46800,143800
history_page_cold_cpu_cache,273,30,52200,109200,118100,43000,118100
history_page_cold_cpu_cache,274,30,51800,103100,123500,44800,123500
history_page_cold_cpu_cache,275,30,52900,113700,142500,44500,142500
history_page_cold_cpu_cache,276,30,56500,88200,98800,49000,98800
history_page_cold_cpu_cache,277,30,56200,106300,120400,47600,120400
history_page_cold_cpu_cache,278,30,51700,102600,107400,45600,107400
history_page_cold_cpu_cache,279,30,52400,117500,152800,44700,152800
history_page_cold_cpu_cache,280,30,56700,86800,161900,45300,161900
history_page_cold_cpu_cache,281,30,55000,67400,73900,45500,73900
history_page_cold_cpu_cache,282,30,56100,64200,107500,47000,107500
history_page_cold_cpu_cache,283,30,53200,102700,102800,45800,102800
history_page_cold_cpu_cache,284,30,53200,103000,116200,45400,116200
history_page_cold_cpu_cache,285,30,58000,104700,109600,49200,109600
history_page_cold_cpu_cache,286,30,55000,98900,125700,48800,125700
history_page_cold_cpu_cache,287,30,54500,122600,141800,47600,141800
history_page_cold_cpu_cache,288,30,54900,73900,75900,48600,75900
history_page_cold_cpu_cache,289,30,55800,106100,121100,48300,121100
history_page_cold_cpu_cache,290,30,55500,75600,109300,46000,109300
history_page_cold_cpu_cache,291,30,54300,172100,178400,47500,178400
history_page_cold_cpu_cache,292,30,53000,100300,131700,47400,131700
history_page_cold_cpu_cache,293,30,52500,98100,160000,43700,160000
history_page_cold_cpu_cache,294,30,54400,104600,136600,43600,136600
history_page_cold_cpu_cache,295,30,56100,66900,106200,43400,106200
history_page_cold_cpu_cache,296,30,54000,106900,109600,44800,109600
history_page_cold_cpu_cache,297,30,56700,98600,115400,48700,115400
history_page_cold_cpu_cache,298,30,54000,69200,86700,49200,86700
history_page_cold_cpu_cache,299,30,53700,124200,177500,46800,177500
history_page_cold_cpu_cache,300,30,54700,63200,83400,46700,83400
history_page_cold_cpu_cache,301,30,55800,105200,107600,48700,107600
history_page_cold_cpu_cache,302,30,54200,67400,113300,46700,113300
history_page_cold_cpu_cache,303,30,52900,67900,86600,46500,86600
history_page_cold_cpu_cache,304,30,53900,68200,109600,45300,109600
history_page_cold_cpu_cache,305,30,56400,91000,103300,47900,103300
history_page_cold_cpu_cache,306,30,55500,67800,85500,47200,85500
history_page_cold_cpu_cache,307,30,54700,67900,107800,47600,107800
history_page_cold_cpu_cache,308,30,55500,108900,119400,49000,119400
history_page_cold_cpu_cache,309,30,53300,101500,102400,46500,102400
history_page_cold_cpu_cache,310,30,53800,76400,183700,48500,183700
history_page_cold_cpu_cache,311,30,55800,90900,102800,46600,102800
history_page_cold_cpu_cache,312,30,54100,109500,111000,44300,111000
history_page_cold_cpu_cache,313,30,54000,72100,76800,45600,76800
history_page_cold_cpu_cache,314,30,55800,67100,181500,44800,181500
history_page_cold_cpu_cache,315,30,53000,100900,117100,46800,117100
history_page_cold_cpu_cache,316,30,54000,96300,279600,46900,279600
history_page_cold_cpu_cache,317,30,54300,108200,287700,43600,287700
history_page_cold_cpu_cache,318,30,54900,63900,72700,44700,72700
history_page_cold_cpu_cache,319,30,55200,91000,107100,46800,107100
history_page_cold_cpu_cache,320,30,52500,99000,100500,45600,100500
history_page_cold_cpu_cache,321,30,55100,80200,104400,47900,104400
history_page_cold_cpu_cache,322,30,55000,74100,104000,47300,104000
history_page_cold_cpu_cache,323,30,56300,82700,99100,46700,99100
history_page_cold_cpu_cache,324,30,56200,101400,156600,48100,156600
history_page_cold_cpu_cache,325,30,55800,62900,81600,47300,81600
history_page_cold_cpu_cache,326,30,52300,61200,61600,48500,61600
history_page_cold_cpu_cache,327,30,55600,90300,104700,48800,104700
history_page_cold_cpu_cache,328,30,55900,105700,107500,48500,107500
history_page_cold_cpu_cache,329,30,53100,110900,179400,49000,179400
history_page_cold_cpu_cache,330,30,54300,62900,176000,46600,176000
history_page_cold_cpu_cache,331,30,53700,107300,518400,43600,518400
history_page_cold_cpu_cache,332,30,54300,103200,178300,44800,178300
history_page_cold_cpu_cache,333,30,54300,107300,128000,44600,128000
history_page_cold_cpu_cache,334,30,53500,85800,103000,44900,103000
history_page_cold_cpu_cache,335,30,53700,116500,171500,44300,171500
history_page_cold_cpu_cache,336,30,53700,98300,102400,44500,102400
history_page_cold_cpu_cache,337,30,56300,94300,105300,44500,105300
history_page_cold_cpu_cache,338,30,55600,104200,105500,44000,105500
history_page_cold_cpu_cache,339,30,55300,64300,104300,44800,104300
history_page_cold_cpu_cache,340,30,53900,103300,170300,43700,170300
history_page_cold_cpu_cache,341,30,55300,70100,75500,43300,75500
history_page_cold_cpu_cache,342,30,55200,123500,175900,48000,175900
history_page_cold_cpu_cache,343,30,54000,62000,68300,48400,68300
history_page_cold_cpu_cache,344,30,53100,108100,114100,47600,114100
history_page_cold_cpu_cache,345,30,52700,67500,103900,48500,103900
history_page_cold_cpu_cache,346,30,54300,107400,108400,46100,108400
history_page_cold_cpu_cache,347,30,57100,68800,110600,49300,110600
history_page_cold_cpu_cache,348,30,56800,105900,112800,48700,112800
history_page_cold_cpu_cache,349,30,53700,102100,105000,46300,105000
history_page_cold_cpu_cache,350,30,57100,95900,104100,44900,104100
history_page_cold_cpu_cache,351,30,52900,104400,140900,43500,140900
history_page_cold_cpu_cache,352,30,56200,102300,110400,48200,110400
history_page_cold_cpu_cache,353,30,55800,122000,127900,49800,127900
history_page_cold_cpu_cache,354,30,52300,105500,107500,49000,107500
history_page_cold_cpu_cache,355,30,54000,118900,174100,48300,174100
history_page_cold_cpu_cache,356,30,53100,63800,104400,47900,104400
history_page_cold_cpu_cache,357,30,56300,118400,129700,47500,129700
history_page_cold_cpu_cache,358,30,56000,92400,104800,47600,104800
history_page_cold_cpu_cache,359,30,52000,102100,110500,44200,110500
history_page_cold_cpu_cache,360,30,54100,116700,145600,45100,145600
history_page_cold_cpu_cache,361,30,53800,91300,121700,46500,121700
history_page_cold_cpu_cache,362,30,54100,115000,172800,48600,172800
history_page_cold_cpu_cache,363,30,58700,113700,116900,49700,116900
history_page_cold_cpu_cache,364,30,53300,119000,160900,45700,160900
history_page_cold_cpu_cache,365,30,53700,97900,106300,43500,106300
history_page_cold_cpu_cache,366,30,50800,99500,110400,44600,110400
history_page_cold_cpu_cache,367,30,52500,103800,123300,42300,123300
history_page_cold_cpu_cache,368,30,54900,108800,192100,41300,192100
history_page_cold_cpu_cache,369,30,55700,102900,107000,48700,107000
history_page_cold_cpu_cache,370,30,54000,67400,106200,46600,106200
history_page_cold_cpu_cache,371,30,53400,63900,123800,45000,123800
history_page_cold_cpu_cache,372,30,54100,96500,100800,45200,100800
history_page_cold_cpu_cache,373,30,56100,177400,188600,47400,188600
history_page_cold_cpu_cache,374,30,56300,67000,102200,48900,102200
history_page_cold_cpu_cache,375,30,53600,115100,171600,44600,171600
history_page_cold_cpu_cache,376,30,54300,102000,115300,45800,115300
history_page_cold_cpu_cache,377,30,51600,78200,137200,45100,137200
history_page_cold_cpu_cache,378,30,53600,105900,116100,48500,116100
history_page_cold_cpu_cache,379,30,55400,82800,115200,45900,115200
history_page_cold_cpu_cache,380,30,53900,108100,130100,48200,130100
history_page_cold_cpu_cache,381,30,52500,144800,153400,45600,153400
history_page_cold_cpu_cache,382,30,55600,73700,90200,46100,90200
history_page_cold_cpu_cache,383,30,57200,104700,106700,43700,106700
history_page_cold_cpu_cache,384,30,55800,86700,117700,48600,117700
history_page_cold_cpu_cache,385,30,55200,103200,106000,44600,106000
history_page_cold_cpu_cache,386,30,53600,69600,79800,49000,79800
history_page_cold_cpu_cache,387,30,54900,62900,104600,49500,104600
history_page_cold_cpu_cache,388,30,54300,96800,107900,48700,107900
history_page_cold_cpu_cache,389,30,57300,104600,112900,47500,112900
history_page_cold_cpu_cache,390,30,54300,101500,102200,47800,102200
history_page_cold_cpu_cache,391,30,53600,104400,105200,48200,105200
history_page_cold_cpu_cache,392,30,55200,86800,133200,46900,133200
history_page_cold_cpu_cache,393,30,55800,103400,143700,47800,143700
history_page_cold_cpu_cache,394,30,58400,103300,126400,47900,126400
history_page_cold_cpu_cache,395,30,54300,91200,97100,49100,97100
history_page_cold_cpu_cache,396,30,55600,61900,62500,45200,62500
history_page_cold_cpu_cache,397,30,54000,123900,196900,45100,196900
history_page_cold_cpu_cache,398,30,56900,103000,105200,44800,105200
history_page_cold_cpu_cache,399,30,54900,106400,106900,48100,106900
history_page_cold_cpu_cache,400,30,54000,78500,122500,45400,122500
history_page_cold_cpu_cache,401,30,53000,103400,104100,46300,104100
history_page_cold_cpu_cache,402,30,54600,67800,105400,43200,105400
history_page_cold_cpu_cache,403,30,54800,89900,106400,42800,106400
history_page_cold_cpu_cache,404,30,53100,71600,103400,43900,103400
history_page_cold_cpu_cache,405,30,52900,121200,197800,47600,197800
history_page_cold_cpu_cache,406,30,52700,103700,105800,47800,105800
history_page_cold_cpu_cache,407,30,54900,77500,100400,45400,100400
history_page_cold_cpu_cache,408,30,51900,69100,114800,45200,114800
history_page_cold_cpu_cache,409,30,54800,99800,100700,47900,100700
history_page_cold_cpu_cache,410,30,55200,67300,97500,48600,97500
history_page_cold_cpu_cache,411,30,55200,64300,107900,46800,107900
history_page_cold_cpu_cache,412,30,54200,87000,138400,46800,138400
history_page_cold_cpu_cache,413,30,54200,106800,107500,43400,107500
history_page_cold_cpu_cache,414,30,57300,108300,111600,42600,111600
history_page_cold_cpu_cache,415,30,54600,103300,131300,42300,131300
history_page_cold_cpu_cache,416,30,52600,62500,69600,41800,69600
history_page_cold_cpu_cache,417,30,53900,85600,101500,47900,101500
history_page_cold_cpu_cache,418,30,54600,101600,105500,47300,105500
history_page_cold_cpu_cache,419,30,54300,103400,121600,47800,121600
history_page_cold_cpu_cache,420,30,53500,63700,103000,46100,103000
history_page_cold_cpu_cache,421,30,52900,108900,138600,46000,138600
history_page_cold_cpu_cache,422,30,57400,123200,161500,47000,161500
history_page_cold_cpu_cache,423,30,52900,104200,108300,46400,108300
history_page_cold_cpu_cache,424,30,52400,102200,104400,44300,104400
history_page_cold_cpu_cache,425,30,55400,71600,104300,44800,104300
history_page_cold_cpu_cache,426,30,54500,89400,104600,44500,104600
history_page_cold_cpu_cache,427,30,55500,99700,105000,47800,105000
history_page_cold_cpu_cache,428,30,55800,78100,104300,49900,104300
history_page_cold_cpu_cache,429,30,55900,65100,131100,47400,131100
history_page_cold_cpu_cache,430,30,53100,96700,126000,46100,126000
history_page_cold_cpu_cache,431,30,54700,100300,105300,45400,105300
history_page_cold_cpu_cache,432,30,55300,80000,98200,47400,98200
history_page_cold_cpu_cache,433,30,53200,86800,91700,46500,91700
history_page_cold_cpu_cache,434,30,55500,76200,108800,45000,108800
history_page_cold_cpu_cache,435,30,53700,64300,76700,45800,76700
history_page_cold_cpu_cache,436,30,56100,66000,67700,48500,67700
history_page_cold_cpu_cache,437,30,55300,101800,103900,48400,103900
history_page_cold_cpu_cache,438,30,55100,104500,121500,48300,121500
history_page_cold_cpu_cache,439,30,53700,104900,152200,47600,152200
history_page_cold_cpu_cache,440,30,53600,69200,85000,48300,85000
history_page_cold_cpu_cache,441,30,56800,110600,202000,46500,202000
history_page_cold_cpu_cache,442,30,55500,88000,139800,48200,139800
history_page_cold_cpu_cache,443,30,56000,101800,121000,45300,121000
history_page_cold_cpu_cache,444,30,56300,67500,96900,45100,96900
history_page_cold_cpu_cache,445,30,53800,63700,161600,44500,161600
history_page_cold_cpu_cache,446,30,54200,70600,74600,47700,74600
history_page_cold_cpu_cache,447,30,55300,86100,101900,48300,101900
history_page_cold_cpu_cache,448,30,55600,102000,121200,47600,121200
history_page_cold_cpu_cache,449,30,56200,98100,106900,48300,106900
history_page_cold_cpu_cache,450,30,55200,88600,99400,48600,99400
history_page_cold_cpu_cache,451,30,56500,64800,137500,49000,137500
history_page_cold_cpu_cache,452,30,56700,67100,424000,47800,424000
history_page_cold_cpu_cache,453,30,56100,102500,120500,47900,120500
history_page_cold_cpu_cache,454,30,55500,104500,126800,47700,126800
history_page_cold_cpu_cache,455,30,56000,84700,106000,48000,106000
history_page_cold_cpu_cache,456,30,54700,137800,229700,49000,229700
history_page_cold_cpu_cache,457,30,57100,69700,141800,48900,141800
history_page_cold_cpu_cache,458,30,54700,64000,104400,44700,104400
history_page_cold_cpu_cache,459,30,54300,85300,104400,45000,104400
history_page_cold_cpu_cache,460,30,55100,93400,102400,47500,102400
history_page_cold_cpu_cache,461,30,52500,77200,80400,44100,80400
history_page_cold_cpu_cache,462,30,56600,104100,162600,44300,162600
history_page_cold_cpu_cache,463,30,58400,99600,104200,45600,104200
history_page_cold_cpu_cache,464,30,56800,83500,93300,49600,93300
history_page_cold_cpu_cache,465,30,54700,81500,83000,48600,83000
history_page_cold_cpu_cache,466,30,56100,103400,107600,46900,107600
history_page_cold_cpu_cache,467,30,56700,114800,166400,46300,166400
history_page_cold_cpu_cache,468,30,55900,102200,102600,47900,102600
history_page_cold_cpu_cache,469,30,57300,92600,103200,47200,103200
history_page_cold_cpu_cache,470,30,54600,104800,152000,48900,152000
history_page_cold_cpu_cache,471,30,55800,74500,104500,48600,104500
history_page_cold_cpu_cache,472,30,55500,103600,194200,49000,194200
history_page_cold_cpu_cache,473,30,54400,98800,104100,48600,104100
history_page_cold_cpu_cache,474,30,56800,100600,106900,48700,106900
history_page_cold_cpu_cache,475,30,55400,67800,106500,48500,106500
history_page_cold_cpu_cache,476,30,53900,67700,103200,48200,103200
history_page_cold_cpu_cache,477,30,55600,69900,107400,48000,107400
history_page_cold_cpu_cache,478,30,56800,104100,104700,48500,104700
history_page_cold_cpu_cache,479,30,56200,107400,196400,49200,196400
history_page_cold_cpu_cache,480,30,56500,99900,121900,48300,121900
history_page_cold_cpu_cache,481,30,52300,108400,123100,47700,123100
history_page_cold_cpu_cache,482,30,55500,104700,106100,48000,106100
history_page_cold_cpu_cache,483,30,56000,91000,104300,48800,104300
history_page_cold_cpu_cache,484,30,57200,106500,136700,48300,136700
history_page_cold_cpu_cache,485,30,56700,105400,124200,46400,124200
history_page_cold_cpu_cache,486,30,55700,123700,133700,45000,133700
history_page_cold_cpu_cache,487,30,55700,103800,104400,46700,104400
history_page_cold_cpu_cache,488,30,54000,117900,180200,43400,180200
history_page_cold_cpu_cache,489,30,56900,184000,192600,48400,192600
history_page_cold_cpu_cache,490,30,56600,104500,133900,49100,133900
history_page_cold_cpu_cache,491,30,54100,114300,143200,46200,143200
history_page_cold_cpu_cache,492,30,52500,105400,106700,47100,106700
history_page_cold_cpu_cache,493,30,53600,103700,135200,45000,135200
history_page_cold_cpu_cache,494,30,54800,60400,61500,45500,61500
history_page_cold_cpu_cache,495,30,55100,100100,135200,44600,135200
history_page_cold_cpu_cache,496,30,54200,104600,153500,43600,153500
history_page_cold_cpu_cache,497,30,51400,107100,108300,43700,108300
history_page_cold_cpu_cache,498,30,53200,98000,121300,47600,121300
history_page_cold_cpu_cache,499,30,53800,101900,102200,44900,102200
history_page_cold_cpu_cache,500,30,55300,66000,105400,47800,105400
history_page_cold_cpu_cache,501,30,53200,110000,110100,48300,110100
history_page_cold_cpu_cache,502,30,53100,99300,130600,47600,130600
history_page_cold_cpu_cache,503,30,55800,102500,106800,47600,106800
history_page_cold_cpu_cache,504,30,54600,61300,63800,46100,63800
history_page_cold_cpu_cache,505,30,54900,79100,86100,49100,86100
history_page_cold_cpu_cache,506,30,54400,63000,109400,46800,109400
history_page_cold_cpu_cache,507,30,54700,75600,111900,45600,111900
history_page_cold_cpu_cache,508,30,57100,64100,108600,45300,108600
history_page_cold_cpu_cache,509,30,54700,104400,109500,46800,109500
history_page_cold_cpu_cache,510,30,53900,109300,197100,49100,197100
history_page_cold_cpu_cache,511,30,55700,125200,263300,48600,263300
history_page_cold_cpu_cache,512,30,56200,101500,146300,48100,146300
history_page_cold_cpu_cache,513,30,55800,98000,146000,47900,146000
history_page_cold_cpu_cache,514,30,53100,67500,84900,47100,84900
history_page_cold_cpu_cache,515,30,55500,65700,101100,48300,101100
history_page_cold_cpu_cache,516,30,55500,123100,125000,49300,125000
history_page_cold_cpu_cache,517,30,55500,104500,114100,49000,114100
history_page_cold_cpu_cache,518,30,56500,160400,167100,49500,167100
history_page_cold_cpu_cache,519,30,52900,95100,103400,46600,103400
history_page_cold_cpu_cache,520,30,56400,101300,119000,45000,119000
history_page_cold_cpu_cache,521,30,55200,73400,86200,48400,86200
history_page_cold_cpu_cache,522,30,55500,71800,86400,46100,86400
history_page_cold_cpu_cache,523,30,56100,81700,104100,49200,104100
history_page_cold_cpu_cache,524,30,56800,106300,111400,49500,111400
history_page_cold_cpu_cache,525,30,56200,122300,123500,47000,123500
history_page_cold_cpu_cache,526,30,55500,97700,212300,47800,212300
history_page_cold_cpu_cache,527,30,58100,104000,114400,47600,114400
history_page_cold_cpu_cache,528,30,55500,80500,106700,46800,106700
history_page_cold_cpu_cache,529,30,53900,100600,140100,47800,140100
history_page_cold_cpu_cache,530,30,53100,104100,225900,46500,225900
history_page_cold_cpu_cache,531,30,55800,109600,112700,45400,112700
history_page_cold_cpu_cache,532,30,57100,70600,93500,48600,93500
history_page_cold_cpu_cache,533,30,54900,102400,105400,46200,105400
history_page_cold_cpu_cache,534,30,53100,71100,78200,44400,78200
history_page_cold_cpu_cache,535,30,55200,74300,95200,47500,95200
history_page_cold_cpu_cache,536,30,56500,63400,89500,47400,89500
history_page_cold_cpu_cache,537,30,54600,101600,109700,48800,109700
history_page_cold_cpu_cache,538,30,55800,105100,111000,48300,111000
history_page_cold_cpu_cache,539,30,52300,63400,131400,48100,131400
history_page_cold_cpu_cache,540,30,55000,69000,89200,48400,89200
history_page_cold_cpu_cache,541,30,55600,98600,112700,47100,112700
history_page_cold_cpu_cache,542,30,54800,90200,98400,47100,98400
history_page_cold_cpu_cache,543,30,55100,105900,148700,47700,148700
history_page_cold_cpu_cache,544,30,52700,110800,133200,45600,133200
history_page_cold_cpu_cache,545,30,53600,100600,101200,43300,101200
history_page_cold_cpu_cache,546,30,56400,82500,169400,43700,169400
history_page_cold_cpu_cache,547,30,53000,67200,70100,43700,70100
history_page_cold_cpu_cache,548,30,54300,73500,100700,46400,100700
history_page_cold_cpu_cache,549,30,55400,104800,142000,50000,142000
history_page_cold_cpu_cache,550,30,55100,107300,129100,47900,129100
history_page_cold_cpu_cache,551,30,53400,109800,122600,46900,122600
history_page_cold_cpu_cache,552,30,55900,103900,104000,46300,104000
history_page_cold_cpu_cache,553,30,52900,101400,131900,46100,131900
history_page_cold_cpu_cache,554,30,55200,86700,123000,44900,123000
history_page_cold_cpu_cache,555,30,53400,96600,112900,44900,112900
history_page_cold_cpu_cache,556,30,53600,116800,119100,46200,119100
history_page_cold_cpu_cache,557,30,53000,101900,105000,45000,105000
history_page_cold_cpu_cache,558,30,54300,110400,258600,45700,258600
history_page_cold_cpu_cache,559,30,55200,62700,97400,45100,97400
history_page_cold_cpu_cache,560,30,54800,63400,65200,46700,65200
history_page_cold_cpu_cache,561,30,54400,69000,73900,45700,73900
history_page_cold_cpu_cache,562,30,53700,99200,99600,47000,99600
history_page_cold_cpu_cache,563,30,55100,117800,154300,47900,154300
history_page_cold_cpu_cache,564,30,55000,108000,109800,47500,109800
history_page_cold_cpu_cache,565,30,55000,86400,98500,48700,98500
history_page_cold_cpu_cache,566,30,53600,104500,151500,48200,151500
history_page_cold_cpu_cache,567,30,54000,102500,152700,49500,152700
history_page_cold_cpu_cache,568,30,53300,111800,121100,47900,121100
history_page_cold_cpu_cache,569,30,55700,69400,70100,48400,70100
history_page_cold_cpu_cache,570,30,52800,127100,153200,49800,153200
history_page_cold_cpu_cache,571,30,53100,62800,69800,48800,69800
history_page_cold_cpu_cache,572,30,54700,109500,124200,45400,124200
history_page_cold_cpu_cache,573,30,53000,91100,100300,43800,100300
history_page_cold_cpu_cache,574,30,57600,71500,113600,43500,113600
history_page_cold_cpu_cache,575,30,54300,67700,145800,43700,145800
history_page_cold_cpu_cache,576,30,50800,80300,102200,44000,102200
history_page_cold_cpu_cache,577,30,54700,87300,105400,42700,105400
history_page_cold_cpu_cache,578,30,53100,70100,74400,43300,74400
history_page_cold_cpu_cache,579,30,53800,158100,210500,45700,210500
history_page_cold_cpu_cache,580,30,55800,91200,137400,47500,137400
history_page_cold_cpu_cache,581,30,54300,61600,62800,48100,62800
history_page_cold_cpu_cache,582,30,54100,69700,103400,48700,103400
history_page_cold_cpu_cache,583,30,55200,84600,105100,45300,105100
history_page_cold_cpu_cache,584,30,53800,114900,139100,49000,139100
history_page_cold_cpu_cache,585,30,55100,70000,99900,49000,99900
history_page_cold_cpu_cache,586,30,52900,94100,104700,46500,104700
history_page_cold_cpu_cache,587,30,52100,107600,166800,45100,166800
history_page_cold_cpu_cache,588,30,54300,94000,102200,48500,102200
history_page_cold_cpu_cache,589,30,53900,112700,129000,47900,129000
history_page_cold_cpu_cache,590,30,56900,67900,68500,49500,68500
history_page_cold_cpu_cache,591,30,53800,66100,104100,46700,104100
history_page_cold_cpu_cache,592,30,55300,99700,101600,47500,101600
history_page_cold_cpu_cache,593,30,54500,103500,104500,46100,104500
history_page_cold_cpu_cache,594,30,54200,102000,105400,46000,105400
history_page_cold_cpu_cache,595,30,57000,104600,149400,48600,149400
history_page_cold_cpu_cache,596,30,55100,119400,144800,49000,144800
history_page_cold_cpu_cache,597,30,55900,98900,100100,49000,100100
history_page_cold_cpu_cache,598,30,55400,101200,103000,48100,103000
history_page_cold_cpu_cache,599,30,55200,69800,84900,47000,84900
history_page_cold_cpu_cache,600,30,53700,104400,130200,48000,130200
history_page_cold_cpu_cache,601,30,54700,71700,96500,47600,96500
history_page_cold_cpu_cache,602,30,53900,69000,71000,46500,71000
history_page_cold_cpu_cache,603,30,54300,109500,116600,46700,116600
history_page_cold_cpu_cache,604,30,56100,112700,113900,48900,113900
history_page_cold_cpu_cache,605,30,54100,65300,102100,48100,102100
history_page_cold_cpu_cache,606,30,53200,99000,104800,45300,104800
history_page_cold_cpu_cache,607,30,52500,67700,70900,43500,70900
history_page_cold_cpu_cache,608,30,52000,160900,174500,43700,174500
history_page_cold_cpu_cache,609,30,56200,140600,141500,45400,141500
history_page_cold_cpu_cache,610,30,56000,98600,104300,41400,104300
history_page_cold_cpu_cache,611,30,54400,72300,104300,45200,104300
history_page_cold_cpu_cache,612,30,55200,106100,136900,44000,136900
history_page_cold_cpu_cache,613,30,55000,84900,123400,45300,123400
history_page_cold_cpu_cache,614,30,56100,204100,237200,42400,237200
history_page_cold_cpu_cache,615,30,54600,65100,71000,47300,71000
history_page_cold_cpu_cache,616,30,52800,107300,152600,42700,152600
history_page_cold_cpu_cache,617,30,52400,66000,103300,42400,103300
history_page_cold_cpu_cache,618,30,52900,104300,136900,48200,136900
history_page_cold_cpu_cache,619,30,57300,82700,86900,46700,86900
history_page_cold_cpu_cache,620,30,53400,90700,105100,46100,105100
history_page_cold_cpu_cache,621,30,51500,68800,90300,46200,90300
history_page_cold_cpu_cache,622,30,51100,116100,151500,44700,151500
history_page_cold_cpu_cache,623,30,55800,68600,70900,48800,70900
history_page_cold_cpu_cache,624,30,56000,110900,128500,45500,128500
history_page_cold_cpu_cache,625,30,52300,99600,100800,44000,100800
history_page_cold_cpu_cache,626,30,52000,104200,166900,45700,166900
history_page_cold_cpu_cache,627,30,51900,70800,107300,44600,107300
history_page_cold_cpu_cache,628,30,54500,107800,108900,46600,108900
history_page_cold_cpu_cache,629,30,55200,89600,101500,44300,101500
history_page_cold_cpu_cache,630,30,53800,102100,114200,47000,114200
history_page_cold_cpu_cache,631,30,52100,60100,64300,48000,64300
history_page_cold_cpu_cache,632,30,53200,138300,398600,47700,398600
history_page_cold_cpu_cache,633,30,52500,98900,126300,47800,126300
history_page_cold_cpu_cache,634,30,51500,90600,98300,42900,98300
history_page_cold_cpu_cache,635,30,53100,63100,104400,45300,104400
history_page_cold_cpu_cache,636,30,51000,74200,88000,45800,88000
history_page_cold_cpu_cache,637,30,55400,66800,72600,45400,72600
history_page_cold_cpu_cache,638,30,53500,93800,105000,46700,105000
history_page_cold_cpu_cache,639,30,58700,102400,117500,45200,117500
history_page_cold_cpu_cache,640,30,57000,116400,121700,45800,121700
history_page_cold_cpu_cache,641,30,54000,108100,254800,43700,254800
history_page_cold_cpu_cache,642,30,55100,65300,79500,44800,79500
history_page_cold_cpu_cache,643,30,54900,113000,141300,45300,141300
history_page_cold_cpu_cache,644,30,54600,69400,111000,44900,111000
history_page_cold_cpu_cache,645,30,57300,117100,181400,43500,181400
history_page_cold_cpu_cache,646,30,54800,96800,102300,44200,102300
history_page_cold_cpu_cache,647,30,52600,65400,78200,45100,78200
history_page_cold_cpu_cache,648,30,55900,103500,134200,46700,134200
history_page_cold_cpu_cache,649,30,57900,100500,101500,47100,101500
history_page_cold_cpu_cache,650,30,55700,109300,111000,48700,111000
history_page_cold_cpu_cache,651,30,55900,107600,110900,47400,110900
history_page_cold_cpu_cache,652,30,54500,71300,107300,46300,107300
history_page_cold_cpu_cache,653,30,54800,111000,129600,47700,129600
history_page_cold_cpu_cache,654,30,55300,102800,109200,46300,109200
history_page_cold_cpu_cache,655,30,53900,102600,104600,47500,104600
history_page_cold_cpu_cache,656,30,56900,118800,120000,47800,120000
history_page_cold_cpu_cache,657,30,54900,85700,101700,48000,101700
history_page_cold_cpu_cache,658,30,57200,88500,100100,49400,100100
history_page_cold_cpu_cache,659,30,55600,63400,105500,50100,105500
history_page_cold_cpu_cache,660,30,55500,111500,161700,48300,161700
history_page_cold_cpu_cache,661,30,53900,72000,94900,49000,94900
history_page_cold_cpu_cache,662,30,55000,107000,209100,48000,209100
history_page_cold_cpu_cache,663,30,54200,109000,109900,47100,109900
history_page_cold_cpu_cache,664,30,56600,106600,111000,48700,111000
history_page_cold_cpu_cache,665,30,57200,102900,185100,47200,185100
history_page_cold_cpu_cache,666,30,57000,104900,131700,49300,131700
history_page_cold_cpu_cache,667,30,54600,117700,188200,46200,188200
history_page_cold_cpu_cache,668,30,54500,139200,158600,46200,158600
history_page_cold_cpu_cache,669,30,55400,81900,103800,46500,103800
history_page_cold_cpu_cache,670,30,58000,125400,137400,48800,137400
history_page_cold_cpu_cache,671,30,57200,70900,149000,46300,149000
history_page_cold_cpu_cache,672,30,54500,104900,134800,46400,134800
history_page_cold_cpu_cache,673,30,54300,104400,106400,48700,106400
history_page_cold_cpu_cache,674,30,56800,113800,129700,47300,129700
history_page_cold_cpu_cache,675,30,55700,96300,111000,47600,111000
history_page_cold_cpu_cache,676,30,56800,104300,128800,47100,128800
history_page_cold_cpu_cache,677,30,54200,109800,119600,43500,119600
history_page_cold_cpu_cache,678,30,53900,98100,102300,41700,102300
history_page_cold_cpu_cache,679,30,55600,109800,121100,43100,121100
history_page_cold_cpu_cache,680,30,54700,105300,149900,49600,149900
history_page_cold_cpu_cache,681,30,54100,102900,108100,48300,108100
history_page_cold_cpu_cache,682,30,52300,104900,105500,46200,105500
history_page_cold_cpu_cache,683,30,52000,106800,177500,46000,177500
history_page_cold_cpu_cache,684,30,55300,98400,122200,46000,122200
history_page_cold_cpu_cache,685,30,53000,73900,105100,42800,105100
history_page_cold_cpu_cache,686,30,56200,81600,106700,44300,106700
history_page_cold_cpu_cache,687,30,53700,105600,105700,42900,105700
history_page_cold_cpu_cache,688,30,52900,104500,107200,47100,107200
history_page_cold_cpu_cache,689,30,55100,94800,101500,48400,101500
history_page_cold_cpu_cache,690,30,55000,69900,105500,46600,105500
history_page_cold_cpu_cache,691,30,54800,104100,107000,45000,107000
history_page_cold_cpu_cache,692,30,52600,101700,104500,45600,104500
history_page_cold_cpu_cache,693,30,53800,101500,104300,44400,104300
history_page_cold_cpu_cache,694,30,56600,104600,188400,47800,188400
history_page_cold_cpu_cache,695,30,55500,106100,153100,46700,153100
history_page_cold_cpu_cache,696,30,52700,105400,107400,46500,107400
history_page_cold_cpu_cache,697,30,52600,91100,102900,48200,102900
history_page_cold_cpu_cache,698,30,52900,102800,105500,45300,105500
history_page_cold_cpu_cache,699,30,55300,111700,118900,48700,118900
history_page_cold_cpu_cache,700,30,54600,103600,135500,48400,135500
history_page_cold_cpu_cache,701,30,53700,105600,144600,47500,144600
history_page_cold_cpu_cache,702,30,55500,98000,101300,48800,101300
history_page_cold_cpu_cache,703,30,53000,101100,104800,47400,104800
history_page_cold_cpu_cache,704,30,56600,108000,287600,48000,287600
history_page_cold_cpu_cache,705,30,54400,99800,104000,48300,104000
history_page_cold_cpu_cache,706,30,52800,76200,124000,48400,124000
history_page_cold_cpu_cache,707,30,55600,101300,107100,48500,107100
history_page_cold_cpu_cache,708,30,53800,99300,202000,47600,202000
history_page_cold_cpu_cache,709,30,55300,97300,101600,48200,101600
history_page_cold_cpu_cache,710,30,55900,91400,104500,49100,104500
history_page_cold_cpu_cache,711,30,54700,148600,181600,47100,181600
history_page_cold_cpu_cache,712,30,55900,101400,137300,46300,137300
history_page_cold_cpu_cache,713,30,56700,115300,127000,45300,127000
history_page_cold_cpu_cache,714,30,54800,92500,96400,46600,96400
history_page_cold_cpu_cache,715,30,56700,158700,182700,44900,182700
history_page_cold_cpu_cache,716,30,55200,117700,123300,47600,123300
history_page_cold_cpu_cache,717,30,54200,66900,95800,47700,95800
history_page_cold_cpu_cache,718,30,54300,74300,90700,45300,90700
history_page_cold_cpu_cache,719,30,54100,69700,108800,44000,108800
history_page_cold_cpu_cache,720,30,57500,124800,598900,45800,598900
history_page_cold_cpu_cache,721,30,57600,107900,118000,47700,118000
history_page_cold_cpu_cache,722,30,57100,117900,689800,47900,689800
history_page_cold_cpu_cache,723,30,54500,88300,899900,44000,899900
history_page_cold_cpu_cache,724,30,53900,92400,165700,44300,165700
history_page_cold_cpu_cache,725,30,57200,96600,136200,44700,136200
history_page_cold_cpu_cache,726,30,57500,87500,99700,49100,99700
history_page_cold_cpu_cache,727,30,54000,102800,103200,49900,103200
history_page_cold_cpu_cache,728,30,52900,62700,200500,47200,200500
history_page_cold_cpu_cache,729,30,55000,105500,135500,47100,135500
history_page_cold_cpu_cache,730,30,55600,89100,105600,47900,105600
history_page_cold_cpu_cache,731,30,56100,141800,208900,47900,208900
history_page_cold_cpu_cache,732,30,54500,106000,123700,47300,123700
history_page_cold_cpu_cache,733,30,52900,101400,108600,47800,108600
history_page_cold_cpu_cache,734,30,55300,126200,135300,48200,135300
history_page_cold_cpu_cache,735,30,57300,104600,132200,45900,132200
history_page_cold_cpu_cache,736,30,56400,100000,122000,50100,122000
history_page_cold_cpu_cache,737,30,55600,110600,115700,46000,115700
history_page_cold_cpu_cache,738,30,54200,110000,110800,44300,110800
history_page_cold_cpu_cache,739,30,55300,163600,782800,48300,782800
history_page_cold_cpu_cache,740,30,58000,104600,167800,47700,167800
history_page_cold_cpu_cache,741,30,55200,102500,105900,47400,105900
history_page_cold_cpu_cache,742,30,54200,104800,106300,47300,106300
history_page_cold_cpu_cache,743,30,54200,113200,213200,46600,213200
history_page_cold_cpu_cache,744,30,54800,112200,161700,46800,161700
history_page_cold_cpu_cache,745,30,55000,79600,159400,47600,159400
history_page_cold_cpu_cache,746,30,52600,147900,148800,44900,148800
history_page_cold_cpu_cache,747,30,52800,70000,70900,45600,70900
history_page_cold_cpu_cache,748,30,53200,105500,109500,44300,109500
history_page_cold_cpu_cache,749,30,55000,100100,141600,47400,141600
history_page_cold_cpu_cache,750,30,55200,101400,118400,47900,118400
history_page_cold_cpu_cache,751,30,54700,82000,99800,45500,99800
history_page_cold_cpu_cache,752,30,53600,88200,107200,45000,107200
history_page_cold_cpu_cache,753,30,54300,98100,100800,45300,100800
history_page_cold_cpu_cache,754,30,55200,69200,105100,47000,105100
history_page_cold_cpu_cache,755,30,51900,105600,115800,45900,115800
history_page_cold_cpu_cache,756,30,53600,102500,151400,49200,151400
history_page_cold_cpu_cache,757,30,55000,78500,103700,47400,103700
history_page_cold_cpu_cache,758,30,56400,106100,156700,46300,156700
history_page_cold_cpu_cache,759,30,54400,104200,158900,47600,158900
history_page_cold_cpu_cache,760,30,57400,100000,103700,49400,103700
history_page_cold_cpu_cache,761,30,55900,106200,134800,49300,134800
history_page_cold_cpu_cache,762,30,55500,102100,137500,49500,137500
history_page_cold_cpu_cache,763,30,55200,99800,102000,48800,102000
history_page_cold_cpu_cache,764,30,55400,103500,197800,47100,197800
history_page_cold_cpu_cache,765,30,56100,63600,98800,45400,98800
history_page_cold_cpu_cache,766,30,53500,72500,120300,46000,120300
history_page_cold_cpu_cache,767,30,57300,69200,98700,46600,98700
history_page_cold_cpu_cache,768,30,53800,99800,110200,49800,110200
history_page_cold_cpu_cache,769,30,55500,100000,114800,48100,114800
history_page_cold_cpu_cache,770,30,55100,97000,164100,46800,164100
history_page_cold_cpu_cache,771,30,54300,100300,161700,48000,161700
history_page_cold_cpu_cache,772,30,55100,101700,107300,45900,107300
history_page_cold_cpu_cache,773,30,54500,104200,107900,45100,107900
history_page_cold_cpu_cache,774,30,55800,69300,107100,42600,107100
history_page_cold_cpu_cache,775,30,56300,104200,106400,44900,106400
history_page_cold_cpu_cache,776,30,53300,81400,101700,43400,101700
history_page_cold_cpu_cache,777,30,53400,62700,101600,45000,101600
history_page_cold_cpu_cache,778,30,53800,66200,84000,46400,84000
history_page_cold_cpu_cache,779,30,55000,80100,82100,47400,82100
history_page_cold_cpu_cache,780,30,55800,90000,108100,43000,108100
history_page_cold_cpu_cache,781,30,53700,84900,91500,41400,91500
history_page_cold_cpu_cache,782,30,53600,82500,102300,48000,102300
history_page_cold_cpu_cache,783,30,57200,81500,102500,47300,102500
history_page_cold_cpu_cache,784,30,54500,69100,96600,47300,96600
history_page_cold_cpu_cache,785,30,56200,101200,104800,47800,104800
history_page_cold_cpu_cache,786,30,55100,75400,85700,47100,85700
history_page_cold_cpu_cache,787,30,55000,79400,106300,47300,106300
history_page_cold_cpu_cache,788,30,56100,66400,104700,45800,104700
history_page_cold_cpu_cache,789,30,56200,64600,81800,49200,81800
history_page_cold_cpu_cache,790,30,53400,98200,125900,48700,125900
history_page_cold_cpu_cache,791,30,54400,77200,88200,49400,88200
history_page_cold_cpu_cache,792,30,55100,86400,103900,48400,103900
history_page_cold_cpu_cache,793,30,53100,62000,63100,49200,63100
history_page_cold_cpu_cache,794,30,53300,97400,145400,49400,145400
history_page_cold_cpu_cache,795,30,55400,78500,168100,49500,168100
history_page_cold_cpu_cache,796,30,54400,98700,104000,49100,104000
history_page_cold_cpu_cache,797,30,55600,96700,101300,45800,101300
history_page_cold_cpu_cache,798,30,52900,75900,78700,45100,78700
history_page_cold_cpu_cache,799,30,52500,108500,159900,46400,159900
history_page_cold_cpu_cache,800,30,55700,102400,106400,48500,106400
history_page_cold_cpu_cache,801,30,54300,98600,645200,46800,645200
history_page_cold_cpu_cache,802,30,54000,68400,109900,45900,109900
history_page_cold_cpu_cache,803,30,54700,88600,118700,45800,118700
history_page_cold_cpu_cache,804,30,55600,78900,190300,47700,190300
history_page_cold_cpu_cache,805,30,55000,93700,149400,48000,149400
history_page_cold_cpu_cache,806,30,53600,73300,74200,45900,74200
history_page_cold_cpu_cache,807,30,54000,66700,68100,45100,68100
history_page_cold_cpu_cache,808,30,54700,63100,103600,48800,103600
history_page_cold_cpu_cache,809,30,55500,64300,96500,49600,96500
history_page_cold_cpu_cache,810,30,56400,103800,210900,49300,210900
history_page_cold_cpu_cache,811,30,54300,65200,87400,48600,87400
history_page_cold_cpu_cache,812,30,52100,75200,86800,47500,86800
history_page_cold_cpu_cache,813,30,53800,124400,131600,49300,131600
history_page_cold_cpu_cache,814,30,54200,102500,141600,44100,141600
history_page_cold_cpu_cache,815,30,54400,80900,166600,43200,166600
history_page_cold_cpu_cache,816,30,54600,71800,78100,48400,78100
history_page_cold_cpu_cache,817,30,56100,79500,99600,44800,99600
history_page_cold_cpu_cache,818,30,55300,96800,186800,49600,186800
history_page_cold_cpu_cache,819,30,56400,67700,90300,46600,90300
history_page_cold_cpu_cache,820,30,53800,135400,262900,46700,262900
history_page_cold_cpu_cache,821,30,52800,66500,67200,45500,67200
history_page_cold_cpu_cache,822,30,56200,86200,95700,46400,95700
history_page_cold_cpu_cache,823,30,54800,70400,96600,47100,96600
history_page_cold_cpu_cache,824,30,56200,134300,135400,46300,135400
history_page_cold_cpu_cache,825,30,54400,61400,66300,47200,66300
history_page_cold_cpu_cache,826,30,54300,66700,79100,45400,79100
history_page_cold_cpu_cache,827,30,54000,105700,140700,44800,140700
history_page_cold_cpu_cache,828,30,57200,103300,104300,45200,104300
history_page_cold_cpu_cache,829,30,54800,67100,103000,48600,103000
history_page_cold_cpu_cache,830,30,54100,102400,103100,47600,103100
history_page_cold_cpu_cache,831,30,55100,102000,102500,47600,102500
history_page_cold_cpu_cache,832,30,54400,91100,101900,46000,101900
history_page_cold_cpu_cache,833,30,55200,68100,103500,48700,103500
history_page_cold_cpu_cache,834,30,56700,73100,119000,45800,119000
history_page_cold_cpu_cache,835,30,54300,61700,75700,45000,75700
history_page_cold_cpu_cache,836,30,56700,89500,102400,48600,102400
history_page_cold_cpu_cache,837,30,54800,102400,102500,48000,102500
history_page_cold_cpu_cache,838,30,55300,63100,111400,48700,111400
history_page_cold_cpu_cache,839,30,56700,99500,103600,46300,103600
history_page_cold_cpu_cache,840,30,54100,70000,72300,47300,72300
history_page_cold_cpu_cache,841,30,55200,68800,102800,47100,102800
history_page_cold_cpu_cache,842,30,53400,87200,100900,47100,100900
history_page_cold_cpu_cache,843,30,54000,92100,99400,45500,99400
history_page_cold_cpu_cache,844,30,58800,95700,127200,48700,127200
history_page_cold_cpu_cache,845,30,55500,101100,166700,50200,166700
history_page_cold_cpu_cache,846,30,55400,97900,104300,49200,104300
history_page_cold_cpu_cache,847,30,54200,60700,100500,48700,100500
history_page_cold_cpu_cache,848,30,54800,104800,118800,46300,118800
history_page_cold_cpu_cache,849,30,55300,113200,171900,49500,171900
history_page_cold_cpu_cache,850,30,53400,68900,83300,48900,83300
history_page_cold_cpu_cache,851,30,53000,83700,101300,49300,101300
history_page_cold_cpu_cache,852,30,53900,72500,80000,49000,80000
history_page_cold_cpu_cache,853,30,55400,63200,76400,46300,76400
history_page_cold_cpu_cache,854,30,55700,65000,69000,48700,69000
history_page_cold_cpu_cache,855,30,53800,104000,143700,48900,143700
history_page_cold_cpu_cache,856,30,52300,76400,100100,47100,100100
history_page_cold_cpu_cache,857,30,55600,102300,107100,48000,107100
history_page_cold_cpu_cache,858,30,55600,69900,130200,44000,130200
history_page_cold_cpu_cache,859,30,55600,101500,131300,45700,131300
history_page_cold_cpu_cache,860,30,54300,98900,107200,46700,107200
history_page_cold_cpu_cache,861,30,55900,103900,170500,45100,170500
history_page_cold_cpu_cache,862,30,56200,68400,133200,45300,133200
history_page_cold_cpu_cache,863,30,55100,81700,101500,48200,101500
history_page_cold_cpu_cache,864,30,55400,101000,191200,46800,191200
history_page_cold_cpu_cache,865,30,54500,90700,103800,46800,103800
history_page_cold_cpu_cache,866,30,56400,112500,168100,44300,168100
history_page_cold_cpu_cache,867,30,54700,65800,86500,44200,86500
history_page_cold_cpu_cache,868,30,56800,95800,108700,48400,108700
history_page_cold_cpu_cache,869,30,56400,103400,107900,44800,107900
history_page_cold_cpu_cache,870,30,57100,96300,98700,44500,98700
history_page_cold_cpu_cache,871,30,54500,100900,103300,48000,103300
history_page_cold_cpu_cache,872,30,55400,77900,105200,47300,105200
history_page_cold_cpu_cache,873,30,54500,97600,578200,43500,578200
history_page_cold_cpu_cache,874,30,53600,65800,67900,43200,67900
history_page_cold_cpu_cache,875,30,52700,65200,67500,43600,67500
history_page_cold_cpu_cache,876,30,55500,101000,174100,47200,174100
history_page_cold_cpu_cache,877,30,55000,71200,101300,49600,101300
history_page_cold_cpu_cache,878,30,55500,86200,100100,47700,100100
history_page_cold_cpu_cache,879,30,55700,65100,88000,47000,88000
history_page_cold_cpu_cache,880,30,56700,86000,101200,48000,101200
history_page_cold_cpu_cache,881,30,54300,93700,106700,48000,106700
history_page_cold_cpu_cache,882,30,55500,103100,120200,45100,120200
history_page_cold_cpu_cache,883,30,54900,69300,102000,45400,102000
history_page_cold_cpu_cache,884,30,56600,91200,105900,43800,105900
history_page_cold_cpu_cache,885,30,56200,84700,104600,48200,104600
history_page_cold_cpu_cache,886,30,54900,67300,71500,43600,71500
history_page_cold_cpu_cache,887,30,55100,106000,107200,47500,107200
history_page_cold_cpu_cache,888,30,56100,63100,67800,49100,67800
history_page_cold_cpu_cache,889,30,56200,97400,102700,46900,102700
history_page_cold_cpu_cache,890,30,55700,67400,109300,47200,109300
history_page_cold_cpu_cache,891,30,57000,102000,107200,42200,107200
history_page_cold_cpu_cache,892,30,53800,66200,101600,43900,101600
history_page_cold_cpu_cache,893,30,55500,116400,161800,44300,161800
history_page_cold_cpu_cache,894,30,56500,107000,331000,49900,331000
history_page_cold_cpu_cache,895,30,53000,103600,107700,44000,107700
history_page_cold_cpu_cache,896,30,55700,104200,108200,47500,108200
history_page_cold_cpu_cache,897,30,52000,103900,143000,45700,143000
history_page_cold_cpu_cache,898,30,56700,103400,124300,46900,124300
history_page_cold_cpu_cache,899,30,55400,65000,105800,44800,105800
history_page_cold_cpu_cache,900,30,54100,62400,80100,47800,80100
history_page_cold_cpu_cache,901,30,53400,64800,84000,46700,84000
history_page_cold_cpu_cache,902,30,53400,121200,132700,47400,132700
history_page_cold_cpu_cache,903,30,57700,82500,99900,46800,99900
history_page_cold_cpu_cache,904,30,54700,63300,79900,50000,79900
history_page_cold_cpu_cache,905,30,54700,106500,108300,47600,108300
history_page_cold_cpu_cache,906,30,53800,101000,105100,47500,105100
history_page_cold_cpu_cache,907,30,52500,101500,105000,48100,105000
history_page_cold_cpu_cache,908,30,56700,69700,110600,45800,110600
history_page_cold_cpu_cache,909,30,55500,63600,107500,47000,107500
history_page_cold_cpu_cache,910,30,56700,104800,128000,44700,128000
history_page_cold_cpu_cache,911,30,53800,104000,153500,44600,153500
history_page_cold_cpu_cache,912,30,53700,122000,143000,42800,143000
history_page_cold_cpu_cache,913,30,55600,107200,167400,44100,167400
history_page_cold_cpu_cache,914,30,53700,70300,81800,43500,81800
history_page_cold_cpu_cache,915,30,54200,102300,103400,47900,103400
history_page_cold_cpu_cache,916,30,52800,102400,195700,47500,195700
history_page_cold_cpu_cache,917,30,53300,106300,127000,45700,127000
history_page_cold_cpu_cache,918,30,55400,98700,161000,46800,161000
history_page_cold_cpu_cache,919,30,53900,91500,104500,45200,104500
history_page_cold_cpu_cache,920,30,57500,99300,103400,45300,103400
history_page_cold_cpu_cache,921,30,52200,99100,104200,43800,104200
history_page_cold_cpu_cache,922,30,54100,65700,87900,44400,87900
history_page_cold_cpu_cache,923,30,55100,177900,246400,45800,246400
history_page_cold_cpu_cache,924,30,53500,98100,101900,46400,101900
history_page_cold_cpu_cache,925,30,56300,123300,235600,48200,235600
history_page_cold_cpu_cache,926,30,55800,60100,70000,46200,70000
history_page_cold_cpu_cache,927,30,52900,75600,102900,45100,102900
history_page_cold_cpu_cache,928,30,55900,104500,137100,43700,137100
history_page_cold_cpu_cache,929,30,54300,74200,130100,44100,130100
history_page_cold_cpu_cache,930,30,54800,62900,67200,46500,67200
history_page_cold_cpu_cache,931,30,54200,99200,103400,44900,103400
history_page_cold_cpu_cache,932,30,52800,64700,106400,43100,106400
history_page_cold_cpu_cache,933,30,56800,102600,177100,48500,177100
history_page_cold_cpu_cache,934,30,55700,88100,93200,44700,93200
history_page_cold_cpu_cache,935,30,56300,155700,166700,44200,166700
history_page_cold_cpu_cache,936,30,51700,98300,120700,43000,120700
history_page_cold_cpu_cache,937,30,52000,60800,78600,43300,78600
history_page_cold_cpu_cache,938,30,52800,63800,101900,42900,101900
history_page_cold_cpu_cache,939,30,54500,78700,124000,43000,124000
history_page_cold_cpu_cache,940,30,56200,101700,106600,44400,106600
history_page_cold_cpu_cache,941,30,53000,63600,75300,46100,75300
history_page_cold_cpu_cache,942,30,51200,75400,104800,44100,104800
history_page_cold_cpu_cache,943,30,52700,105100,176300,47400,176300
history_page_cold_cpu_cache,944,30,57000,62100,85900,47400,85900
history_page_cold_cpu_cache,945,30,54600,71900,126800,48400,126800
history_page_cold_cpu_cache,946,30,53200,101600,104700,49300,104700
history_page_cold_cpu_cache,947,30,52200,63200,100000,48300,100000
history_page_cold_cpu_cache,948,30,57600,87800,103700,47300,103700
history_page_cold_cpu_cache,949,30,56600,101900,105500,48500,105500
history_page_cold_cpu_cache,950,30,54300,121000,228900,47500,228900
history_page_cold_cpu_cache,951,30,54100,83700,113800,47600,113800
history_page_cold_cpu_cache,952,30,52700,79400,106300,45100,106300
history_page_cold_cpu_cache,953,30,57300,103400,121100,45500,121100
history_page_cold_cpu_cache,954,30,57300,106000,311000,47500,311000
history_page_cold_cpu_cache,955,30,54500,64500,104600,46000,104600
history_page_cold_cpu_cache,956,30,56700,67300,91700,48900,91700
history_page_cold_cpu_cache,957,30,52400,138200,162600,48200,162600
history_page_cold_cpu_cache,958,30,52400,100000,111700,46600,111700
history_page_cold_cpu_cache,959,30,55200,90500,107400,46100,107400
history_page_cold_cpu_cache,960,30,55300,64400,65200,45900,65200
history_page_cold_cpu_cache,961,30,54700,70100,100600,44800,100600
history_page_cold_cpu_cache,962,30,52500,100100,103100,48300,103100
history_page_cold_cpu_cache,963,30,52000,62100,100300,47400,100300
history_page_cold_cpu_cache,964,30,53600,88600,114000,48100,114000
history_page_cold_cpu_cache,965,30,54900,105600,114000,48500,114000
history_page_cold_cpu_cache,966,30,55000,95600,102000,47100,102000
history_page_cold_cpu_cache,967,30,56000,104800,107300,47900,107300
history_page_cold_cpu_cache,968,30,52600,60500,61100,45300,61100
history_page_cold_cpu_cache,969,30,55800,102200,103700,49800,103700
history_page_cold_cpu_cache,970,30,56400,105500,123900,50200,123900
history_page_cold_cpu_cache,971,30,53600,100800,100900,45900,100900
history_page_cold_cpu_cache,972,30,54600,89900,98800,45000,98800
history_page_cold_cpu_cache,973,30,53000,118100,148200,44300,148200
history_page_cold_cpu_cache,974,30,56400,84100,86000,45400,86000
history_page_cold_cpu_cache,975,30,52700,64600,68200,44000,68200
history_page_cold_cpu_cache,976,30,52400,142600,147100,47000,147100
history_page_cold_cpu_cache,977,30,55000,64100,84000,45300,84000
history_page_cold_cpu_cache,978,30,57300,91600,101200,47700,101200
history_page_cold_cpu_cache,979,30,55700,103800,107300,47000,107300
history_page_cold_cpu_cache,980,30,54400,80700,97600,46100,97600
history_page_cold_cpu_cache,981,30,54200,136400,166000,48900,166000
history_page_cold_cpu_cache,982,30,55000,61400,77400,49400,77400
history_page_cold_cpu_cache,983,30,55300,100300,153100,49400,153100
history_page_cold_cpu_cache,984,30,54500,106400,133100,46700,133100
history_page_cold_cpu_cache,985,30,53000,103800,106100,47000,106100
history_page_cold_cpu_cache,986,30,52400,93100,98900,47300,98900
history_page_cold_cpu_cache,987,30,54700,84900,102700,46600,102700
history_page_cold_cpu_cache,988,30,52300,77600,96600,47900,96600
history_page_cold_cpu_cache,989,30,54000,89900,99600,48700,99600
history_page_cold_cpu_cache,990,30,53000,88900,115700,46800,115700
history_page_cold_cpu_cache,991,30,54900,101700,111600,47900,111600
history_page_cold_cpu_cache,992,30,55000,97600,103700,47400,103700
history_page_cold_cpu_cache,993,30,53200,97700,105400,46800,105400
history_page_cold_cpu_cache,994,30,54600,119000,157500,48300,157500
history_page_cold_cpu_cache,995,30,53900,116200,243400,47800,243400
history_page_cold_cpu_cache,996,30,52400,94300,107200,46000,107200
history_page_cold_cpu_cache,997,30,55400,61800,69700,46000,69700
history_page_cold_cpu_cache,998,30,53000,63900,67100,47700,67100
history_page_cold_cpu_cache,999,30,52900,73500,105500,49300,105500
history_page_cold_cpu_cache,1000,30,52300,80900,612600,48200,612600
history_page_cold_cpu_cache,1001,30,55300,143000,154300,48000,154300
history_page_cold_cpu_cache,1002,30,56400,116400,129500,47900,129500
history_page_cold_cpu_cache,1003,30,53500,69100,84000,49400,84000
history_page_cold_cpu_cache,1004,30,56900,126600,169300,48800,169300
history_page_cold_cpu_cache,1005,30,56300,95800,99500,45200,99500
history_page_cold_cpu_cache,1006,30,56100,85900,99100,46500,99100
history_page_cold_cpu_cache,1007,30,56200,101800,126000,46000,126000
history_page_cold_cpu_cache,1008,30,52800,83400,98900,45800,98900
history_page_cold_cpu_cache,1009,30,53300,103400,126000,43500,126000
history_page_cold_cpu_cache,1010,30,57200,98700,99900,43800,99900
history_page_cold_cpu_cache,1011,30,56500,98700,122100,44100,122100
history_page_cold_cpu_cache,1012,30,53400,99000,102100,42800,102100
history_page_cold_cpu_cache,1013,30,54500,70300,100400,42600,100400
history_page_cold_cpu_cache,1014,30,52600,68000,93000,43300,93000
history_page_cold_cpu_cache,1015,30,56100,104300,116400,50300,116400
history_page_cold_cpu_cache,1016,30,54400,104700,139200,44800,139200
history_page_cold_cpu_cache,1017,30,54300,71800,112400,43000,112400
history_page_cold_cpu_cache,1018,30,53900,104700,107500,43400,107500
history_page_cold_cpu_cache,1019,30,54500,105700,110600,44600,110600
history_page_cold_cpu_cache,1020,30,55800,101100,107100,47000,107100
history_page_cold_cpu_cache,1021,30,53200,65600,104700,46000,104700
history_page_cold_cpu_cache,1022,30,54800,104100,116900,49100,116900
history_page_cold_cpu_cache,1023,30,55900,72000,106300,48200,106300
history_page_cold_cpu_cache,1024,30,57500,101000,104700,46100,104700
history_page_cold_cpu_cache,1025,30,55200,66800,104000,44700,104000
history_page_cold_cpu_cache,1026,30,52000,86900,100200,44900,100200
history_page_cold_cpu_cache,1027,30,54400,83900,104900,43400,104900
history_page_cold_cpu_cache,1028,30,56200,120000,131600,47800,131600
history_page_cold_cpu_cache,1029,30,52600,99200,100200,48000,100200
history_page_cold_cpu_cache,1030,30,55900,101900,109400,48200,109400
history_page_cold_cpu_cache,1031,30,55600,91400,143500,47700,143500
history_page_cold_cpu_cache,1032,30,54500,101400,360100,47200,360100
history_page_cold_cpu_cache,1033,30,53400,94400,95800,46900,95800
history_page_cold_cpu_cache,1034,30,54300,72700,73500,46300,73500
history_page_cold_cpu_cache,1035,30,52800,59800,65500,46600,65500
history_page_cold_cpu_cache,1036,30,54200,106800,118800,46800,118800
history_page_cold_cpu_cache,1037,30,53300,69100,102100,46100,102100
history_page_cold_cpu_cache,1038,30,57300,114100,147900,47300,147900
history_page_cold_cpu_cache,1039,30,55900,86300,100000,49300,100000
history_page_cold_cpu_cache,1040,30,53600,97800,139100,47500,139100
history_page_cold_cpu_cache,1041,30,55000,94800,104800,47400,104800
history_page_cold_cpu_cache,1042,30,55500,96300,139200,44100,139200
history_page_cold_cpu_cache,1043,30,55600,67500,99000,44900,99000
history_page_cold_cpu_cache,1044,30,55400,117900,130600,47100,130600
history_page_cold_cpu_cache,1045,30,53800,130300,141100,48800,141100
history_page_cold_cpu_cache,1046,30,54400,74000,218300,45000,218300
history_page_cold_cpu_cache,1047,30,56000,93600,97500,45400,97500
history_page_cold_cpu_cache,1048,30,57100,127600,134200,46500,134200
history_page_cold_cpu_cache,1049,30,55300,105900,121000,45200,121000
history_page_cold_cpu_cache,1050,30,55000,122500,168500,46000,168500
history_page_cold_cpu_cache,1051,30,55800,117300,282100,48500,282100
history_page_cold_cpu_cache,1052,30,55400,109000,177800,46300,177800
history_page_cold_cpu_cache,1053,30,57500,70000,93200,46500,93200
history_page_cold_cpu_cache,1054,30,54500,101400,222300,44200,222300
history_page_cold_cpu_cache,1055,30,53600,99300,108500,45700,108500
history_page_cold_cpu_cache,1056,30,55300,64400,77800,45300,77800
history_page_cold_cpu_cache,1057,30,57700,86600,93200,49400,93200
history_page_cold_cpu_cache,1058,30,54700,102800,208300,48600,208300
history_page_cold_cpu_cache,1059,30,50800,104000,159800,47100,159800
history_page_cold_cpu_cache,1060,30,56500,99700,102300,47700,102300
history_page_cold_cpu_cache,1061,30,53700,103000,302900,46000,302900
history_page_cold_cpu_cache,1062,30,54000,107300,131400,43900,131400
history_page_cold_cpu_cache,1063,30,55700,69900,102200,42300,102200
history_page_cold_cpu_cache,1064,30,55800,98000,112600,43500,112600
history_page_cold_cpu_cache,1065,30,54300,104600,160500,45700,160500
history_page_cold_cpu_cache,1066,30,54800,62500,113300,47000,113300
history_page_cold_cpu_cache,1067,30,55100,125600,460100,47600,460100
history_page_cold_cpu_cache,1068,30,53300,103300,109200,48700,109200
history_page_cold_cpu_cache,1069,30,56000,104300,107700,48700,107700
history_page_cold_cpu_cache,1070,30,55400,66200,70000,49200,70000
history_page_cold_cpu_cache,1071,30,53500,69600,112100,46900,112100
history_page_cold_cpu_cache,1072,30,54700,69200,108300,46800,108300
history_page_cold_cpu_cache,1073,30,57000,104400,115900,48700,115900
history_page_cold_cpu_cache,1074,30,55500,101700,129500,46200,129500
history_page_cold_cpu_cache,1075,30,56100,66400,82200,44300,82200
history_page_cold_cpu_cache,1076,30,54200,97000,108500,47800,108500
history_page_cold_cpu_cache,1077,30,53500,80300,106500,46100,106500
history_page_cold_cpu_cache,1078,30,53900,90700,165200,47400,165200
history_page_cold_cpu_cache,1079,30,57500,133000,236200,48000,236200
history_page_cold_cpu_cache,1080,30,55200,86400,104800,46700,104800
history_page_cold_cpu_cache,1081,30,55100,101600,105700,48400,105700
history_page_cold_cpu_cache,1082,30,53200,109000,124100,46900,124100
history_page_cold_cpu_cache,1083,30,54200,66800,105500,47100,105500
history_page_cold_cpu_cache,1084,30,56100,99800,104800,48200,104800
history_page_cold_cpu_cache,1085,30,54500,102900,115000,44200,115000
history_page_cold_cpu_cache,1086,30,52800,111700,112400,43200,112400
history_page_cold_cpu_cache,1087,30,53800,65100,72300,42400,72300
history_page_cold_cpu_cache,1088,30,56700,102500,110700,43300,110700
history_page_cold_cpu_cache,1089,30,36100,46300,100700,29700,100700
history_page_warm,1,30,23600,44700,45100,23000,45100
history_page_warm,2,30,37500,71100,96800,36600,96800
history_page_warm,3,30,36400,37400,100800,35600,100800
history_page_warm,4,30,36400,65300,116600,35200,116600
history_page_warm,5,30,36300,37500,70500,35300,70500
history_page_warm,6,30,36300,49200,84600,35700,84600
history_page_warm,7,30,36300,39700,285500,35400,285500
history_page_warm,8,30,36300,37300,358300,35400,358300
history_page_warm,9,30,36400,41900,235400,35400,235400
history_page_warm,10,30,36800,47300,73500,35700,73500
history_page_warm,11,30,36400,37900,71300,35600,71300
history_page_warm,12,30,36400,42500,69300,35700,69300
history_page_warm,13,30,36400,69400,177800,35400,177800
history_page_warm,14,30,36600,55800,127600,35600,127600
history_page_warm,15,30,36300,46200,89300,35500,89300
history_page_warm,16,30,36600,37900,46700,35700,46700
history_page_warm,17,30,36300,37900,42000,35500,42000
history_page_warm,18,30,36300,37100,38200,35200,38200
history_page_warm,19,30,36700,39500,44200,35500,44200
history_page_warm,20,30,36200,40500,79000,35000,79000
history_page_warm,21,30,36300,37100,37200,35200,37200
history_page_warm,22,30,36300,37600,39000,35400,39000
history_page_warm,23,30,36400,37500,46300,35600,46300
history_page_warm,24,30,36300,39100,46100,35200,46100
history_page_warm,25,30,36200,41000,63300,35400,63300
history_page_warm,26,30,36200,38100,39200,35800,39200
history_page_warm,27,30,36400,37400,42300,35700,42300
history_page_warm,28,30,36200,37500,37600,35600,37600
history_page_warm,29,30,36300,39000,39700,35800,39700
history_page_warm,30,30,36200,39500,48000,35300,48000
history_page_warm,31,30,36600,38800,45400,35600,45400
history_page_warm,32,30,36200,37200,43000,35200,43000
history_page_warm,33,30,36400,37400,44000,35700,44000
history_page_warm,34,30,36400,37400,37400,35800,37400
history_page_warm,35,30,36200,37400,45100,35500,45100
history_page_warm,36,30,36700,44400,45200,35800,45200
history_page_warm,37,30,36200,37100,37400,35200,37400
history_page_warm,38,30,36300,37300,46100,35300,46100
history_page_warm,39,30,36300,37200,86300,35400,86300
history_page_warm,40,30,36300,37400,37600,35400,37600
history_page_warm,41,30,36200,37400,77000,35500,77000
history_page_warm,42,30,36300,37600,55200,35600,55200
history_page_warm,43,30,36300,37600,44300,35500,44300
history_page_warm,44,30,36600,39600,44900,35800,44900
history_page_warm,45,30,36200,37400,37500,35600,37500
history_page_warm,46,30,36500,42700,46500,35700,46500
history_page_warm,47,30,36300,42700,44000,35300,44000
history_page_warm,48,30,36500,39400,89400,35800,89400
history_page_warm,49,30,36300,65600,168500,35600,168500
history_page_warm,50,30,36500,47600,70500,35600,70500
history_page_warm,51,30,36300,37800,69400,35200,69400
history_page_warm,52,30,36400,37600,69900,35600,69900
history_page_warm,53,30,36600,37700,69500,35900,69500
history_page_warm,54,30,36400,43000,69400,35300,69400
history_page_warm,55,30,36300,52600,71400,35500,71400
history_page_warm,56,30,36400,42900,82000,35600,82000
history_page_warm,57,30,36400,37600,39700,35600,39700
history_page_warm,58,30,36200,37200,45200,35600,45200
history_page_warm,59,30,36300,37300,37700,35500,37700
history_page_warm,60,30,36100,37300,37400,35100,37400
history_page_warm,61,30,36500,37200,43200,35600,43200
history_page_warm,62,30,36100,37800,37800,35400,37800
history_page_warm,63,30,36400,37500,42700,35800,42700
history_page_warm,64,30,36400,99900,100600,35700,100600
history_page_warm,65,30,36500,47800,78800,35600,78800
history_page_warm,66,30,36400,54000,67200,35500,67200
history_page_warm,67,30,36300,47600,47800,35700,47800
history_page_warm,68,30,36300,37300,41700,35600,41700
history_page_warm,69,30,36500,40100,41900,35700,41900
history_page_warm,70,30,37100,44200,93100,35800,93100
history_page_warm,71,30,36400,38000,49100,35400,49100
history_page_warm,72,30,36400,38900,84100,35500,84100
history_page_warm,73,30,36500,39300,42900,35300,42900
history_page_warm,74,30,36600,39500,45600,35600,45600
history_page_warm,75,30,36400,37200,38200,35600,38200
history_page_warm,76,30,36400,38100,39000,35600,39000
history_page_warm,77,30,36300,37200,71100,35800,71100
history_page_warm,78,30,36700,39700,39800,35800,39800
history_page_warm,79,30,36400,37700,39400,35400,39400
history_page_warm,80,30,36400,37700,39800,35600,39800
history_page_warm,81,30,36300,37500,43500,35300,43500
history_page_warm,82,30,36500,39800,43100,35700,43100
history_page_warm,83,30,36300,37400,37600,35600,37600
history_page_warm,84,30,36200,37800,38000,35500,38000
history_page_warm,85,30,36400,38000,39700,35500,39700
history_page_warm,86,30,36500,37800,45300,35400,45300
history_page_warm,87,30,36500,38500,107300,35500,107300
history_page_warm,88,30,36200,38100,38100,35500,38100
history_page_warm,89,30,36300,39100,40300,35400,40300
history_page_warm,90,30,36200,38300,57700,35500,57700
history_page_warm,91,30,36500,95900,207700,36000,207700
history_page_warm,92,30,36500,72300,130100,35400,130100
history_page_warm,93,30,36400,70200,113800,35300,113800
history_page_warm,94,30,36300,69900,99900,35600,99900
history_page_warm,95,30,36400,99300,99600,35500,99600
history_page_warm,96,30,36300,98700,162700,35300,162700
history_page_warm,97,30,36500,41300,43000,35400,43000
history_page_warm,98,30,36100,44500,48500,35100,48500
history_page_warm,99,30,36700,44100,47800,35300,47800
history_page_warm,100,30,36200,39100,80700,35200,80700
history_page_warm,101,30,36400,40100,49400,35200,49400
history_page_warm,102,30,36400,39400,44000,35500,44000
history_page_warm,103,30,36300,39500,39500,35300,39500
history_page_warm,104,30,36600,39400,48700,36000,48700
history_page_warm,105,30,36300,38500,73500,35600,73500
history_page_warm,106,30,36500,46700,47400,35200,47400
history_page_warm,107,30,36300,38900,54700,35500,54700
history_page_warm,108,30,36400,38900,42000,35400,42000
history_page_warm,109,30,36300,40300,43200,35100,43200
history_page_warm,110,30,36500,38600,38700,35600,38700
history_page_warm,111,30,36500,37900,38400,35500,38400
history_page_warm,112,30,36600,48500,101100,35600,101100
history_page_warm,113,30,36300,51100,84000,35500,84000
history_page_warm,114,30,36500,53400,91600,35500,91600
history_page_warm,115,30,36300,53200,56900,35600,56900
history_page_warm,116,30,36700,45100,45700,35800,45700
history_page_warm,117,30,36300,39300,49300,35300,49300
history_page_warm,118,30,36300,37500,40500,35800,40500
history_page_warm,119,30,36300,40800,91000,35400,91000
history_page_warm,120,30,36500,42700,43000,35100,43000
history_page_warm,121,30,36400,37800,39300,35500,39300
history_page_warm,122,30,36500,43900,161400,35500,161400
history_page_warm,123,30,36200,38800,105800,35300,105800
history_page_warm,124,30,36100,47700,69900,35400,69900
history_page_warm,125,30,36300,40500,69900,35500,69900
history_page_warm,126,30,36300,39800,70400,35300,70400
history_page_warm,127,30,36300,69700,113000,35700,113000
history_page_warm,128,30,36300,92700,100000,35600,100000
history_page_warm,129,30,36700,70600,70900,36200,70900
history_page_warm,130,30,36400,69900,131100,35800,131100
history_page_warm,131,30,36500,38600,110200,35800,110200
history_page_warm,132,30,36200,39100,40300,35600,40300
history_page_warm,133,30,36400,39100,40200,35300,40200
history_page_warm,134,30,36600,44000,51000,35600,51000
history_page_warm,135,30,36600,37600,39000,35400,39000
history_page_warm,136,30,36600,41300,51800,35600,51800
history_page_warm,137,30,36400,41400,43700,35600,43700
history_page_warm,138,30,37200,40300,53400,36200,53400
history_page_warm,139,30,36400,37200,37700,35300,37700
history_page_warm,140,30,36300,37400,43700,35300,43700
history_page_warm,141,30,36300,37500,42600,35400,42600
history_page_warm,142,30,36600,38000,49000,36000,49000
history_page_warm,143,30,36300,37200,37400,35500,37400
history_page_warm,144,30,36200,37300,40400,35400,40400
history_page_warm,145,30,36400,101800,135400,35300,135400
history_page_warm,146,30,36800,78500,118400,35800,118400
history_page_warm,147,30,36500,66500,91500,35400,91500
history_page_warm,148,30,36500,41700,53600,35600,53600
history_page_warm,149,30,36300,56400,73500,35100,73500
history_page_warm,150,30,36600,61300,70600,35900,70600
history_page_warm,151,30,36600,44900,62400,35500,62400
history_page_warm,152,30,36300,41600,137600,35500,137600
history_page_warm,153,30,36300,98400,141000,35200,141000
history_page_warm,154,30,36100,39300,40300,35500,40300
history_page_warm,155,30,36600,43300,46000,35600,46000
history_page_warm,156,30,36100,38100,71500,35200,71500
history_page_warm,157,30,36300,39400,42600,35500,42600
history_page_warm,158,30,36200,55600,92700,35600,92700
history_page_warm,159,30,36300,39600,90900,35700,90900
history_page_warm,160,30,36300,39700,89100,35600,89100
history_page_warm,161,30,36300,39500,101600,35700,101600
history_page_warm,162,30,36500,37400,37500,35500,37500
history_page_warm,163,30,36600,40100,44200,35600,44200
history_page_warm,164,30,36200,37600,49300,35500,49300
history_page_warm,165,30,36300,37500,37800,35600,37800
history_page_warm,166,30,36200,63100,78800,35500,78800
history_page_warm,167,30,36500,90600,91700,35600,91700
history_page_warm,168,30,36100,39200,39700,35400,39700
history_page_warm,169,30,36500,37800,158900,35800,158900
history_page_warm,170,30,36600,38200,68400,35600,68400
history_page_warm,171,30,36500,45500,64100,35200,64100
history_page_warm,172,30,36800,39900,67900,35800,67900
history_page_warm,173,30,36300,45300,89600,35500,89600
history_page_warm,174,30,36200,38000,40000,35700,40000
history_page_warm,175,30,36400,43900,61300,35500,61300
history_page_warm,176,30,36400,40200,50400,35500,50400
history_page_warm,177,30,36300,41000,43300,35400,43300
history_page_warm,178,30,36400,46400,81700,35300,81700
history_page_warm,179,30,36200,38300,42500,35200,42500
history_page_warm,180,30,36600,38200,38800,35700,38800
history_page_warm,181,30,36300,38600,44500,34700,44500
history_page_warm,182,30,36400,37900,38800,35600,38800
history_page_warm,183,30,36300,38300,44900,35400,44900
history_page_warm,184,30,36500,44200,44300,35900,44300
history_page_warm,185,30,36200,37800,38200,35200,38200
history_page_warm,186,30,36400,38800,40000,35300,40000
history_page_warm,187,30,36300,39100,39700,35300,39700
history_page_warm,188,30,36400,39000,45600,34900,45600
history_page_warm,189,30,36700,38500,38800,35500,38800
history_page_warm,190,30,36300,39900,51000,35000,51000
history_page_warm,191,30,36400,39400,40100,35300,40100
history_page_warm,192,30,36300,50100,66000,35400,66000
history_page_warm,193,30,36500,38900,39300,35100,39300
history_page_warm,194,30,36400,42900,188600,35400,188600
history_page_warm,195,30,36400,38600,74200,35700,74200
history_page_warm,196,30,36400,39000,77500,35300,77500
history_page_warm,197,30,36700,44400,70600,35500,70600
history_page_warm,198,30,36500,50000,69700,35400,69700
history_page_warm,199,30,36500,46500,69800,35700,69800
history_page_warm,200,30,36200,47500,91400,35100,91400
history_page_warm,201,30,36500,38100,46300,35100,46300
history_page_warm,202,30,36500,39000,39400,35500,39400
history_page_warm,203,30,36400,44300,47800,35500,47800
history_page_warm,204,30,36300,46100,47800,35100,47800
history_page_warm,205,30,36100,38400,38600,35200,38600
history_page_warm,206,30,36700,39000,40200,35300,40200
history_page_warm,207,30,36300,38500,39700,35200,39700
history_page_warm,208,30,36300,43300,43400,35100,43400
history_page_warm,209,30,36200,38100,43100,35300,43100
history_page_warm,210,30,36500,43100,45900,35600,45900
history_page_warm,211,30,36300,39300,51400,35400,51400
history_page_warm,212,30,36200,39200,43100,35300,43100
history_page_warm,213,30,36400,42700,42800,35300,42800
history_page_warm,214,30,36500,38800,47800,35300,47800
history_page_warm,215,30,36200,37500,38800,35400,38800
history_page_warm,216,30,36200,50400,53400,35400,53400
history_page_warm,217,30,36100,53900,171100,34900,171100
history_page_warm,218,30,36600,99300,164600,35700,164600
history_page_warm,219,30,36300,61700,69400,35400,69400
history_page_warm,220,30,36400,56100,70700,35500,70700
history_page_warm,221,30,36200,50700,51000,35000,51000
history_page_warm,222,30,36600,104300,106000,35000,106000
history_page_warm,223,30,36300,62800,72800,35300,72800
history_page_warm,224,30,36200,55100,68700,35300,68700
history_page_warm,225,30,36200,52600,68300,35400,68300
history_page_warm,226,30,36300,61200,65800,35500,65800
history_page_warm,227,30,36500,57200,60000,35700,60000
history_page_warm,228,30,36000,42900,60200,35400,60200
history_page_warm,229,30,36400,43400,71800,35400,71800
history_page_warm,230,30,36200,39300,77600,35600,77600
history_page_warm,231,30,36500,38400,69900,35600,69900
history_page_warm,232,30,36400,58800,70100,35600,70100
history_page_warm,233,30,36400,45200,54800,35700,54800
history_page_warm,234,30,36200,56800,74300,35400,74300
history_page_warm,235,30,36500,46100,58500,35700,58500
history_page_warm,236,30,36100,44300,66900,35400,66900
history_page_warm,237,30,36500,43300,63500,35400,63500
history_page_warm,238,30,36300,54700,64700,35500,64700
history_page_warm,239,30,36400,39700,61900,35400,61900
history_page_warm,240,30,37000,51400,68300,35900,68300
history_page_warm,241,30,36200,41700,71600,35400,71600
history_page_warm,242,30,36200,38400,71700,35200,71700
history_page_warm,243,30,36300,38700,71700,35500,71700
history_page_warm,244,30,36400,46300,70100,35500,70100
history_page_warm,245,30,36300,43500,87100,35100,87100
history_page_warm,246,30,36600,38500,72700,35600,72700
history_page_warm,247,30,36400,38800,71700,35100,71700
history_page_warm,248,30,36700,43700,71600,35500,71600
history_page_warm,249,30,36400,43800,70800,35500,70800
history_page_warm,250,30,36700,56700,59600,35400,59600
history_page_warm,251,30,36200,42700,59100,35100,59100
history_page_warm,252,30,36600,40300,56000,35400,56000
history_page_warm,253,30,36400,46900,51100,35300,51100
history_page_warm,254,30,36400,39600,51100,35600,51100
history_page_warm,255,30,36400,41600,53400,35500,53400
history_page_warm,256,30,36400,39700,56500,35300,56500
history_page_warm,257,30,36500,57600,83600,36000,83600
history_page_warm,258,30,36300,81900,117800,34800,117800
history_page_warm,259,30,36500,40600,127700,35000,127700
history_page_warm,260,30,36400,48900,78400,35300,78400
history_page_warm,261,30,36500,49600,69700,35500,69700
history_page_warm,262,30,36500,50900,70100,35500,70100
history_page_warm,263,30,36400,43200,69100,35600,69100
history_page_warm,264,30,36200,40400,69200,35000,69200
history_page_warm,265,30,36500,39800,69700,35800,69700
history_page_warm,266,30,36300,69400,89700,35500,89700
history_page_warm,267,30,36500,63600,140800,35700,140800
history_page_warm,268,30,36400,55100,172700,35800,172700
history_page_warm,269,30,36600,60600,68200,35800,68200
history_page_warm,270,30,36500,40400,53900,35700,53900
history_page_warm,271,30,36700,40200,52500,35700,52500
history_page_warm,272,30,36400,38900,52600,35700,52600
history_page_warm,273,30,36200,38700,38800,35800,38800
history_page_warm,274,30,37300,39100,40200,36100,40200
history_page_warm,275,30,36300,42400,42900,35600,42900
history_page_warm,276,30,36300,38600,44700,35500,44700
history_page_warm,277,30,36400,38000,38700,35300,38700
history_page_warm,278,30,36500,39300,39400,35700,39400
history_page_warm,279,30,36300,42200,46400,35700,46400
history_page_warm,280,30,36400,39900,40800,35600,40800
history_page_warm,281,30,36300,39800,46100,35200,46100
history_page_warm,282,30,36900,76500,113100,35800,113100
history_page_warm,283,30,36400,38800,39400,35700,39400
history_page_warm,284,30,36500,42100,43800,35600,43800
history_page_warm,285,30,36300,39300,49300,35500,49300
history_page_warm,286,30,36600,38700,39600,35900,39600
history_page_warm,287,30,36400,39400,43200,35800,43200
history_page_warm,288,30,36600,38500,38500,35800,38500
history_page_warm,289,30,36300,38800,39900,35700,39900
history_page_warm,290,30,36200,39000,39500,35500,39500
history_page_warm,291,30,36700,40000,42500,36000,42500
history_page_warm,292,30,36200,72400,81100,35600,81100
history_page_warm,293,30,36400,62700,106000,35100,106000
history_page_warm,294,30,36300,41500,47100,35200,47100
history_page_warm,295,30,36400,46100,74500,35400,74500
history_page_warm,296,30,36300,37900,40200,35600,40200
history_page_warm,297,30,36300,38600,44000,35700,44000
history_page_warm,298,30,36400,38200,38400,35500,38400
history_page_warm,299,30,36500,42500,42800,35600,42800
history_page_warm,300,30,36300,41600,41700,35500,41700
history_page_warm,301,30,36300,39800,39900,35700,39900
history_page_warm,302,30,36300,37600,39200,35400,39200
history_page_warm,303,30,36600,46400,102000,35300,102000
history_page_warm,304,30,36300,37900,39000,35400,39000
history_page_warm,305,30,36300,37600,37800,35700,37800
history_page_warm,306,30,36300,39400,41400,35300,41400
history_page_warm,307,30,36300,60300,150000,35300,150000
history_page_warm,308,30,36800,38300,39500,35700,39500
history_page_warm,309,30,36300,38300,38400,35000,38400
history_page_warm,310,30,36200,43700,44700,35600,44700
history_page_warm,311,30,36300,38000,48300,35400,48300
history_page_warm,312,30,36400,42500,69800,35500,69800
history_page_warm,313,30,36300,46800,57100,34900,57100
history_page_warm,314,30,36400,57500,70400,35300,70400
history_page_warm,315,30,36200,51700,60300,35300,60300
history_page_warm,316,30,36600,53500,78900,35700,78900
history_page_warm,317,30,36300,41500,44200,35500,44200
history_page_warm,318,30,36400,41500,46200,35900,46200
history_page_warm,319,30,36200,37100,95700,35400,95700
history_page_warm,320,30,36600,47000,187900,35600,187900
history_page_warm,321,30,36400,39700,41200,35700,41200
history_page_warm,322,30,36600,39900,42200,35900,42200
history_page_warm,323,30,36400,42900,48200,35300,48200
history_page_warm,324,30,36400,37300,43300,35400,43300
history_page_warm,325,30,36400,37600,37600,35800,37600
history_page_warm,326,30,36300,37300,37700,35500,37700
history_page_warm,327,30,36300,37300,37500,35400,37500
history_page_warm,328,30,36300,39600,42400,35500,42400
history_page_warm,329,30,36500,37700,39400,35200,39400
history_page_warm,330,30,36200,37300,87500,35500,87500
history_page_warm,331,30,36200,39700,48100,35800,48100
history_page_warm,332,30,36300,38800,43000,35500,43000
history_page_warm,333,30,36500,37500,37600,35600,37600
history_page_warm,334,30,36100,37300,110100,35400,110100
history_page_warm,335,30,36300,49500,56200,35400,56200
history_page_warm,336,30,36400,41800,140800,35400,140800
history_page_warm,337,30,36500,42300,44500,35800,44500
history_page_warm,338,30,36400,37500,43200,35600,43200
history_page_warm,339,30,36400,37800,43600,35400,43600
history_page_warm,340,30,36300,37300,37400,35400,37400
history_page_warm,341,30,36100,37000,37400,35400,37400
history_page_warm,342,30,36900,41200,43300,35900,43300
history_page_warm,343,30,36400,37200,39100,35500,39100
history_page_warm,344,30,36300,40700,42100,35200,42100
history_page_warm,345,30,36300,37000,37400,35700,37400
history_page_warm,346,30,36400,37400,37700,35600,37700
history_page_warm,347,30,36400,37200,50000,35300,50000
history_page_warm,348,30,36400,37000,40200,35200,40200
history_page_warm,349,30,36300,37200,37400,35400,37400
history_page_warm,350,30,36500,37400,41400,35800,41400
history_page_warm,351,30,36400,41900,145300,35300,145300
history_page_warm,352,30,36500,77600,80300,35300,80300
history_page_warm,353,30,36200,71400,81500,35400,81500
history_page_warm,354,30,36700,48400,70300,35800,70300
history_page_warm,355,30,36300,37500,70500,35000,70500
history_page_warm,356,30,36400,45300,70300,35800,70300
history_page_warm,357,30,36200,44300,70200,35600,70200
history_page_warm,358,30,36300,37400,70500,35700,70500
history_page_warm,359,30,36500,40600,54600,35500,54600
history_page_warm,360,30,36200,37200,37600,35400,37600
history_page_warm,361,30,36300,38200,42700,35400,42700
history_page_warm,362,30,36200,38300,47400,35600,47400
history_page_warm,363,30,36600,44600,55000,35500,55000
history_page_warm,364,30,36400,41000,130800,35700,130800
history_page_warm,365,30,36400,39400,84000,35400,84000
history_page_warm,366,30,36300,46100,74900,35100,74900
history_page_warm,367,30,36500,37700,66100,35700,66100
history_page_warm,368,30,36300,44800,64900,35300,64900
history_page_warm,369,30,36400,38700,64700,35200,64700
history_page_warm,370,30,36300,64800,108700,35100,108700
history_page_warm,371,30,36300,38100,66100,35500,66100
history_page_warm,372,30,36200,105500,106400,35400,106400
history_page_warm,373,30,36600,60100,73700,35400,73700
history_page_warm,374,30,36300,56500,64300,35300,64300
history_page_warm,375,30,36400,64000,64000,35100,64000
history_page_warm,376,30,36700,65100,82200,36000,82200
history_page_warm,377,30,36100,64400,66900,35300,66900
history_page_warm,378,30,36400,55000,64200,35200,64200
history_page_warm,379,30,36100,64100,70200,35300,70200
history_page_warm,380,30,36400,70000,137000,35300,137000
history_page_warm,381,30,36300,70800,78000,35100,78000
history_page_warm,382,30,36500,64200,90800,35200,90800
history_page_warm,383,30,36100,69800,73200,35500,73200
history_page_warm,384,30,36400,65400,65400,35300,65400
history_page_warm,385,30,36300,64300,64500,35400,64500
history_page_warm,386,30,36500,65900,68000,35500,68000
history_page_warm,387,30,36200,64400,73800,35000,73800
history_page_warm,388,30,36500,64000,64100,35600,64100
history_page_warm,389,30,36600,68300,76200,35400,76200
history_page_warm,390,30,36600,83000,109300,35300,109300
history_page_warm,391,30,36300,64300,138800,35200,138800
history_page_warm,392,30,36500,70700,71000,35000,71000
history_page_warm,393,30,36800,68600,89900,35900,89900
history_page_warm,394,30,36200,65900,70200,35400,70200
history_page_warm,395,30,36300,65600,69700,35500,69700
history_page_warm,396,30,36200,71700,72100,35300,72100
history_page_warm,397,30,36400,69700,72000,35700,72000
history_page_warm,398,30,36500,69800,70000,35300,70000
history_page_warm,399,30,36100,69700,72300,35000,72300
history_page_warm,400,30,36300,73100,95300,35300,95300
history_page_warm,401,30,36700,71800,82300,35700,82300
history_page_warm,402,30,36400,65900,80000,35200,80000
history_page_warm,403,30,36400,67300,71900,35600,71900
history_page_warm,404,30,36300,68100,72700,35000,72700
history_page_warm,405,30,36800,66800,83700,35700,83700
history_page_warm,406,30,36500,64700,66700,35700,66700
history_page_warm,407,30,36400,64500,65400,35300,65400
history_page_warm,408,30,36200,66700,72300,35600,72300
history_page_warm,409,30,36500,65600,67900,35300,67900
history_page_warm,410,30,37200,66000,66600,35900,66600
history_page_warm,411,30,36300,74600,86200,35000,86200
history_page_warm,412,30,36200,63900,64700,35600,64700
history_page_warm,413,30,36300,64700,179100,35600,179100
history_page_warm,414,30,36400,64400,64800,35900,64800
history_page_warm,415,30,36500,64600,64800,35700,64800
history_page_warm,416,30,36300,64500,64500,35400,64500
history_page_warm,417,30,36400,64100,69200,35700,69200
history_page_warm,418,30,36700,73100,95200,35700,95200
history_page_warm,419,30,36400,63600,70400,35900,70400
history_page_warm,420,30,36400,64300,79200,35800,79200
history_page_warm,421,30,36200,64000,71500,35500,71500
history_page_warm,422,30,36700,94300,108000,35700,108000
history_page_warm,423,30,36400,77500,127900,35600,127900
history_page_warm,424,30,36500,70600,118100,35500,118100
history_page_warm,425,30,36400,70600,82700,35300,82700
history_page_warm,426,30,36300,70200,76400,35600,76400
history_page_warm,427,30,36700,64500,70500,35700,70500
history_page_warm,428,30,36400,64000,70300,35200,70300
history_page_warm,429,30,36300,71000,205500,35600,205500
history_page_warm,430,30,36400,63700,70200,35500,70200
history_page_warm,431,30,36400,63600,71100,35400,71100
history_page_warm,432,30,36300,63700,69900,35500,69900
history_page_warm,433,30,36300,63700,70000,35400,70000
history_page_warm,434,30,36300,64700,139100,35400,139100
history_page_warm,435,30,36600,64300,269100,35600,269100
history_page_warm,436,30,36300,137700,266600,35400,266600
history_page_warm,437,30,36300,87500,225100,35400,225100
history_page_warm,438,30,36500,70400,74200,35500,74200
history_page_warm,439,30,36500,75800,77000,36000,77000
history_page_warm,440,30,36300,70400,78000,35400,78000
history_page_warm,441,30,36300,69500,70700,35500,70700
history_page_warm,442,30,36300,69200,71300,35300,71300
history_page_warm,443,30,36400,91000,101700,35600,101700
history_page_warm,444,30,36800,47900,105000,35900,105000
history_page_warm,445,30,36200,38900,44700,35400,44700
history_page_warm,446,30,36400,39600,40800,35800,40800
history_page_warm,447,30,36300,41000,97500,35400,97500
history_page_warm,448,30,36500,37700,60900,35700,60900
history_page_warm,449,30,36300,38000,62200,35400,62200
history_page_warm,450,30,36300,37500,60900,35600,60900
history_page_warm,451,30,36200,37600,76000,35400,76000
history_page_warm,452,30,36500,45600,62900,35300,62900
history_page_warm,453,30,36200,37500,57700,35400,57700
history_page_warm,454,30,36400,105600,160800,35500,160800
history_page_warm,455,30,36200,90600,247300,35400,247300
history_page_warm,456,30,36600,50200,70500,35800,70500
history_page_warm,457,30,36500,40500,69800,35900,69800
history_page_warm,458,30,36300,38000,69400,35700,69400
history_page_warm,459,30,36300,44800,69800,35300,69800
history_page_warm,460,30,36300,37500,69600,35700,69600
history_page_warm,461,30,36700,131700,134500,35500,134500
history_page_warm,462,30,36400,39800,40100,35300,40100
history_page_warm,463,30,36300,38000,47700,35100,47700
history_page_warm,464,30,36300,39900,43500,35600,43500
history_page_warm,465,30,36600,38100,66200,35700,66200
history_page_warm,466,30,36400,37800,38300,35700,38300
history_page_warm,467,30,36400,38500,48200,35500,48200
history_page_warm,468,30,36400,40900,50200,35600,50200
history_page_warm,469,30,36600,45700,48000,35700,48000
history_page_warm,470,30,36300,40000,62100,35700,62100
history_page_warm,471,30,36500,69200,87500,35700,87500
history_page_warm,472,30,36200,38400,40100,35700,40100
history_page_warm,473,30,36500,37600,38200,35700,38200
history_page_warm,474,30,36300,38200,39300,35400,39300
history_page_warm,475,30,36400,39200,45700,35500,45700
history_page_warm,476,30,36200,37200,37300,35500,37300
history_page_warm,477,30,36200,37300,37400,35000,37400
history_page_warm,478,30,36800,37800,39700,36000,39700
history_page_warm,479,30,36100,37300,37400,35700,37400
history_page_warm,480,30,36400,39400,39900,35600,39900
history_page_warm,481,30,36100,37200,38800,35400,38800
history_page_warm,482,30,36500,47900,105400,35600,105400
history_page_warm,483,30,36200,39200,42600,35600,42600
history_page_warm,484,30,36300,37500,72100,35200,72100
history_page_warm,485,30,36300,38600,41200,35200,41200
history_page_warm,486,30,36500,39600,80500,35800,80500
history_page_warm,487,30,36200,37100,58900,35600,58900
history_page_warm,488,30,36300,54300,56900,35700,56900
history_page_warm,489,30,36200,59700,80100,35500,80100
history_page_warm,490,30,36700,56600,61600,35900,61600
history_page_warm,491,30,36200,55100,63600,35400,63600
history_page_warm,492,30,36200,56100,59500,35800,59500
history_page_warm,493,30,36300,40200,55400,35700,55400
history_page_warm,494,30,36200,61700,117100,35300,117100
history_page_warm,495,30,36600,46400,86500,35900,86500
history_page_warm,496,30,36300,37800,139400,35500,139400
history_page_warm,497,30,36300,44400,78800,35500,78800
history_page_warm,498,30,36300,38900,69900,35300,69900
history_page_warm,499,30,36200,39400,81700,35400,81700
history_page_warm,500,30,36200,37200,70300,35400,70300
history_page_warm,501,30,36300,37300,75200,35200,75200
history_page_warm,502,30,36300,70200,311300,35200,311300
history_page_warm,503,30,36500,75500,701700,35800,701700
history_page_warm,504,30,36300,76100,512200,35500,512200
history_page_warm,505,30,36300,69700,72600,35700,72600
history_page_warm,506,30,36400,72300,78400,35700,78400
history_page_warm,507,30,36500,69500,85400,35900,85400
history_page_warm,508,30,36300,69700,74700,35500,74700
history_page_warm,509,30,36200,69700,71900,35600,71900
history_page_warm,510,30,36200,70300,75600,35300,75600
history_page_warm,511,30,36300,71000,76200,35400,76200
history_page_warm,512,30,36700,70100,72000,35800,72000
history_page_warm,513,30,36100,69600,71600,35200,71600
history_page_warm,514,30,36300,79200,80100,35300,80100
history_page_warm,515,30,36200,69500,72100,35200,72100
history_page_warm,516,30,36600,69800,88000,35400,88000
history_page_warm,517,30,36300,46300,69400,35600,69400
history_page_warm,518,30,36400,69900,173800,35600,173800
history_page_warm,519,30,36200,58600,77700,35200,77700
history_page_warm,520,30,36700,44200,185700,35700,185700
history_page_warm,521,30,36300,44700,113200,34900,113200
history_page_warm,522,30,36200,43600,75900,35600,75900
history_page_warm,523,30,36200,45100,75900,35200,75900
history_page_warm,524,30,36400,70300,75500,35300,75500
history_page_warm,525,30,36300,59700,75200,35300,75200
history_page_warm,526,30,36100,46100,72500,35300,72500
history_page_warm,527,30,36200,38600,147100,35100,147100
history_page_warm,528,30,36000,39900,86600,35300,86600
history_page_warm,529,30,36700,41700,82900,35400,82900
history_page_warm,530,30,36200,42200,70000,35500,70000
history_page_warm,531,30,36200,37300,70000,35500,70000
history_page_warm,532,30,36100,37700,69800,35300,69800
history_page_warm,533,30,36300,70000,189900,35600,189900
history_page_warm,534,30,36200,69800,78000,35400,78000
history_page_warm,535,30,36200,70000,81900,35600,81900
history_page_warm,536,30,36300,40400,69400,35200,69400
history_page_warm,537,30,36300,38900,69700,35600,69700
history_page_warm,538,30,36100,38300,69500,35500,69500
history_page_warm,539,30,36200,38200,69500,35400,69500
history_page_warm,540,30,36300,37900,69300,35400,69300
history_page_warm,541,30,36400,39900,124500,35400,124500
history_page_warm,542,30,36200,38600,90400,35500,90400
history_page_warm,543,30,36300,38100,55700,35300,55700
history_page_warm,544,30,36300,44500,159700,35300,159700
history_page_warm,545,30,36100,39600,98800,35000,98800
history_page_warm,546,30,37300,39900,82700,36300,82700
history_page_warm,547,30,36200,41100,74500,35300,74500
history_page_warm,548,30,36200,37800,82000,35400,82000
history_page_warm,549,30,36100,43500,74800,35400,74800
history_page_warm,550,30,36300,48000,75000,35700,75000
history_page_warm,551,30,36100,43100,133300,35300,133300
history_page_warm,552,30,36200,38400,261700,35600,261700
history_page_warm,553,30,36000,58400,282300,35300,282300
history_page_warm,554,30,36400,81100,487000,35500,487000
history_page_warm,555,30,36100,41200,41700,35300,41700
history_page_warm,556,30,36100,44800,101700,35000,101700
history_page_warm,557,30,36100,47100,50200,35400,50200
history_page_warm,558,30,36400,39100,77800,35300,77800
history_page_warm,559,30,36100,46700,57200,35400,57200
history_page_warm,560,30,36200,38700,39700,35400,39700
history_page_warm,561,30,36100,60400,118100,35600,118100
history_page_warm,562,30,36200,49100,83400,35400,83400
history_page_warm,563,30,36400,41400,43100,35600,43100
history_page_warm,564,30,36300,43300,124500,35400,124500
history_page_warm,565,30,36300,40400,45500,35300,45500
history_page_warm,566,30,36200,39700,41000,35400,41000
history_page_warm,567,30,36400,40800,144900,35500,144900
history_page_warm,568,30,36200,40100,47000,35400,47000
history_page_warm,569,30,36300,41100,84500,35300,84500
history_page_warm,570,30,36200,42600,76200,35500,76200
history_page_warm,571,30,36600,38800,38800,35700,38800
history_page_warm,572,30,36300,38400,43400,35100,43400
history_page_warm,573,30,36400,37000,38600,35500,38600
history_page_warm,574,30,36300,37000,38900,35300,38900
history_page_warm,575,30,36400,40400,78600,35400,78600
history_page_warm,576,30,36100,66800,114200,35500,114200
history_page_warm,577,30,36100,40600,54000,35200,54000
history_page_warm,578,30,36000,38700,49800,35400,49800
history_page_warm,579,30,36300,48300,96900,35600,96900
history_page_warm,580,30,36800,38800,39400,35800,39400
history_page_warm,581,30,36200,39000,42800,35300,42800
history_page_warm,582,30,36500,50200,51600,35100,51600
history_page_warm,583,30,36400,43300,44000,35100,44000
history_page_warm,584,30,36500,39000,40300,35200,40300
history_page_warm,585,30,36100,38900,39300,35500,39300
history_page_warm,586,30,36200,44900,48400,35600,48400
history_page_warm,587,30,36200,39200,39600,35300,39600
history_page_warm,588,30,36500,39800,87200,35400,87200
history_page_warm,589,30,36100,39200,42800,35300,42800
history_page_warm,590,30,36400,39600,44600,35500,44600
history_page_warm,591,30,36300,38600,42200,35400,42200
history_page_warm,592,30,36500,42500,44600,35800,44600
history_page_warm,593,30,36400,45100,45600,35500,45600
history_page_warm,594,30,36200,44400,49400,35500,49400
history_page_warm,595,30,36200,72900,91000,35300,91000
history_page_warm,596,30,36100,59800,62800,34900,62800
history_page_warm,597,30,36500,57200,69200,35300,69200
history_page_warm,598,30,36200,53500,65900,35400,65900
history_page_warm,599,30,36400,42600,67500,35300,67500
history_page_warm,600,30,36400,40600,62800,35200,62800
history_page_warm,601,30,36600,41700,65900,35600,65900
history_page_warm,602,30,36100,39200,72600,35400,72600
history_page_warm,603,30,36300,39200,74100,35100,74100
history_page_warm,604,30,36200,73500,95900,35300,95900
history_page_warm,605,30,36600,58500,73400,35500,73400
history_page_warm,606,30,36400,70600,72700,35500,72700
history_page_warm,607,30,36300,72600,110100,35300,110100
history_page_warm,608,30,36600,69200,80900,35100,80900
history_page_warm,609,30,36600,72100,109000,35600,109000
history_page_warm,610,30,36400,68600,114200,35300,114200
history_page_warm,611,30,36100,58300,72000,35300,72000
history_page_warm,612,30,36300,58700,70100,35400,70100
history_page_warm,613,30,36200,54100,69900,35500,69900
history_page_warm,614,30,36800,52800,70200,36000,70200
history_page_warm,615,30,36000,50300,69900,35400,69900
history_page_warm,616,30,36300,54100,69400,35600,69400
history_page_warm,617,30,36300,49500,59300,35400,59300
history_page_warm,618,30,36300,41300,53800,35500,53800
history_page_warm,619,30,36200,64800,171100,35500,171100
history_page_warm,620,30,36300,44200,82600,35700,82600
history_page_warm,621,30,36100,41100,70600,34900,70600
history_page_warm,622,30,36500,44700,70400,35900,70400
history_page_warm,623,30,36100,43600,69600,35400,69600
history_page_warm,624,30,36400,51800,69900,35400,69900
history_page_warm,625,30,36400,37400,69700,35300,69700
history_page_warm,626,30,36600,38600,83600,36000,83600
history_page_warm,627,30,36100,86400,121400,35400,121400
history_page_warm,628,30,36200,74500,76200,35200,76200
history_page_warm,629,30,36200,39700,42600,35600,42600
history_page_warm,630,30,36400,37500,37500,35100,37500
history_page_warm,631,30,36500,38000,39800,35500,39800
history_page_warm,632,30,36200,61000,104100,35200,104100
history_page_warm,633,30,36300,38100,45200,35600,45200
history_page_warm,634,30,36300,48200,69200,35300,69200
history_page_warm,635,30,36300,39600,53900,35700,53900
history_page_warm,636,30,36400,40700,43900,35600,43900
history_page_warm,637,30,36400,42900,44100,35500,44100
history_page_warm,638,30,36200,38200,78400,35100,78400
history_page_warm,639,30,36700,43500,45300,35700,45300
history_page_warm,640,30,36300,37200,37300,35200,37300
history_page_warm,641,30,36300,45500,71100,34900,71100
history_page_warm,642,30,36400,38400,89400,35500,89400
history_page_warm,643,30,36500,38700,57000,35600,57000
history_page_warm,644,30,36300,47000,48700,35600,48700
history_page_warm,645,30,36200,38000,39400,35300,39400
history_page_warm,646,30,36200,44500,167700,35600,167700
history_page_warm,647,30,36300,44600,51100,35200,51100
history_page_warm,648,30,36800,39200,44700,35900,44700
history_page_warm,649,30,36500,37400,50900,35700,50900
history_page_warm,650,30,36300,51600,77200,35700,77200
history_page_warm,651,30,36400,39400,51700,35100,51700
history_page_warm,652,30,36300,37900,41100,35600,41100
history_page_warm,653,30,36200,37700,38400,35600,38400
history_page_warm,654,30,36400,38700,42800,35500,42800
history_page_warm,655,30,36300,37600,38700,35200,38700
history_page_warm,656,30,36600,38100,43400,35500,43400
history_page_warm,657,30,36200,37900,40800,35300,40800
history_page_warm,658,30,36500,45900,48800,35800,48800
history_page_warm,659,30,36300,37600,37600,35200,37600
history_page_warm,660,30,36600,47800,49500,35500,49500
history_page_warm,661,30,36400,61900,129200,35100,129200
history_page_warm,662,30,36300,67100,76300,35500,76300
history_page_warm,663,30,36300,57200,64300,35200,64300
history_page_warm,664,30,36400,45300,56000,35400,56000
history_page_warm,665,30,36500,37300,37500,35700,37500
history_page_warm,666,30,36300,37900,42700,35100,42700
history_page_warm,667,30,36200,36800,37200,35400,37200
history_page_warm,668,30,36200,36900,36900,34800,36900
history_page_warm,669,30,36400,39200,41300,35600,41300
history_page_warm,670,30,36200,37200,39900,35500,39900
history_page_warm,671,30,36200,40500,45500,35500,45500
history_page_warm,672,30,36400,37200,45100,35600,45100
history_page_warm,673,30,36500,37200,37300,35600,37300
history_page_warm,674,30,36200,37000,80700,35600,80700
history_page_warm,675,30,36400,47200,55500,35700,55500
history_page_warm,676,30,36500,61100,61500,35500,61500
history_page_warm,677,30,36500,58000,59000,35600,59000
history_page_warm,678,30,36200,51400,73900,35700,73900
history_page_warm,679,30,36300,36900,53600,35300,53600
history_page_warm,680,30,36300,53100,56700,35300,56700
history_page_warm,681,30,36200,36900,37200,35500,37200
history_page_warm,682,30,37000,38500,40600,36300,40600
history_page_warm,683,30,36300,37800,43500,35500,43500
history_page_warm,684,30,36400,37900,41300,35700,41300
history_page_warm,685,30,36300,38000,141000,35400,141000
history_page_warm,686,30,36600,42700,164300,35700,164300
history_page_warm,687,30,36500,37800,60400,35500,60400
history_page_warm,688,30,36400,37100,37900,35500,37900
history_page_warm,689,30,36100,37500,45300,35100,45300
history_page_warm,690,30,36600,38200,42100,35800,42100
history_page_warm,691,30,36300,40400,56500,35400,56500
history_page_warm,692,30,36300,37100,37400,35300,37400
history_page_warm,693,30,36300,38600,39100,35300,39100
history_page_warm,694,30,36500,39600,40000,35500,40000
history_page_warm,695,30,36200,38700,40100,35200,40100
history_page_warm,696,30,36300,48200,50800,35200,50800
history_page_warm,697,30,36300,38800,57900,34800,57900
history_page_warm,698,30,36400,41100,68300,35000,68300
history_page_warm,699,30,36600,39200,41300,35800,41300
history_page_warm,700,30,36300,44800,111700,35400,111700
history_page_warm,701,30,36300,38700,77600,35500,77600
history_page_warm,702,30,36300,38200,70000,35000,70000
history_page_warm,703,30,36200,43900,59100,35500,59100
history_page_warm,704,30,36200,39200,40400,35500,40400
history_page_warm,705,30,36200,39600,58500,35300,58500
history_page_warm,706,30,36300,38900,46900,35400,46900
history_page_warm,707,30,36700,41400,48600,35400,48600
history_page_warm,708,30,36300,40400,43000,35100,43000
history_page_warm,709,30,36400,42400,57300,35600,57300
history_page_warm,710,30,36500,38100,39000,35400,39000
history_page_warm,711,30,36400,48600,51200,35800,51200
history_page_warm,712,30,36200,37700,39200,35700,39200
history_page_warm,713,30,36200,37300,39000,35200,39000
history_page_warm,714,30,36200,38000,39200,34900,39200
history_page_warm,715,30,36200,37900,44200,35500,44200
history_page_warm,716,30,36600,39700,61700,35800,61700
history_page_warm,717,30,36300,37700,136400,35400,136400
history_page_warm,718,30,36300,42700,77400,35100,77400
history_page_warm,719,30,36500,37800,111600,35500,111600
history_page_warm,720,30,36500,39400,43500,35700,43500
history_page_warm,721,30,36300,37600,38700,35100,38700
history_page_warm,722,30,36300,37500,37500,35100,37500
history_page_warm,723,30,36300,37800,140000,35400,140000
history_page_warm,724,30,36500,38000,38800,35600,38800
history_page_warm,725,30,36200,38500,41000,35500,41000
history_page_warm,726,30,36400,37100,37900,35600,37900
history_page_warm,727,30,36300,37900,98600,35600,98600
history_page_warm,728,30,36600,96200,104700,35800,104700
history_page_warm,729,30,36300,39400,81000,35300,81000
history_page_warm,730,30,36300,61900,67800,35600,67800
history_page_warm,731,30,36300,81700,89800,35000,89800
history_page_warm,732,30,36200,41100,70300,35600,70300
history_page_warm,733,30,36700,44100,73600,35600,73600
history_page_warm,734,30,36300,40800,56300,35000,56300
history_page_warm,735,30,36500,39900,42800,35300,42800
history_page_warm,736,30,36300,40600,41600,35300,41600
history_page_warm,737,30,36400,39300,40600,34900,40600
history_page_warm,738,30,36400,46500,73400,35300,73400
history_page_warm,739,30,36500,42100,50200,35500,50200
history_page_warm,740,30,36300,37700,41600,35400,41600
history_page_warm,741,30,36700,40800,47700,36000,47700
history_page_warm,742,30,36400,38000,42100,35100,42100
history_page_warm,743,30,36400,47000,53000,35600,53000
history_page_warm,744,30,36200,39600,44500,35500,44500
history_page_warm,745,30,36700,39500,86000,35900,86000
history_page_warm,746,30,36300,38500,41100,35200,41100
history_page_warm,747,30,36400,39500,45000,35300,45000
history_page_warm,748,30,36400,41100,48100,35400,48100
history_page_warm,749,30,36200,40800,41500,35400,41500
history_page_warm,750,30,36700,41200,42000,35800,42000
history_page_warm,751,30,36400,37400,40400,35000,40400
history_page_warm,752,30,36400,41300,41400,35500,41400
history_page_warm,753,30,36300,41300,54400,35500,54400
history_page_warm,754,30,36400,40800,54200,35600,54200
history_page_warm,755,30,36300,41400,58800,35400,58800
history_page_warm,756,30,36300,38300,39700,35300,39700
history_page_warm,757,30,36200,38100,39700,35500,39700
history_page_warm,758,30,36600,48700,49200,35600,49200
history_page_warm,759,30,36400,40400,79300,35300,79300
history_page_warm,760,30,36500,41200,45100,35400,45100
history_page_warm,761,30,36300,40100,43600,35400,43600
history_page_warm,762,30,36500,40100,41500,35400,41500
history_page_warm,763,30,36400,39300,67300,35400,67300
history_page_warm,764,30,36300,42700,43400,35500,43400
history_page_warm,765,30,36200,39800,106600,35700,106600
history_page_warm,766,30,36300,39500,111100,35200,111100
history_page_warm,767,30,36700,45100,71700,35900,71700
history_page_warm,768,30,36400,46200,69700,35400,69700
history_page_warm,769,30,36100,38000,69700,35500,69700
history_page_warm,770,30,36300,37700,79100,35400,79100
history_page_warm,771,30,36400,47200,70700,35700,70700
history_page_warm,772,30,36400,37900,69400,35400,69400
history_page_warm,773,30,36500,55000,69600,35000,69600
history_page_warm,774,30,36400,49200,132700,35400,132700
history_page_warm,775,30,36500,50700,133000,35500,133000
history_page_warm,776,30,36500,45800,53400,35200,53400
history_page_warm,777,30,36600,40100,52700,35600,52700
history_page_warm,778,30,36300,37400,43500,35500,43500
history_page_warm,779,30,36600,37400,37800,35500,37800
history_page_warm,780,30,36400,44500,80900,35500,80900
history_page_warm,781,30,36500,68600,96600,35300,96600
history_page_warm,782,30,36500,38100,73200,35600,73200
history_page_warm,783,30,36200,40000,142900,35500,142900
history_page_warm,784,30,36700,45400,59600,35900,59600
history_page_warm,785,30,36400,37800,46400,35100,46400
history_page_warm,786,30,36300,38000,51400,35800,51400
history_page_warm,787,30,36400,37700,38100,35300,38100
history_page_warm,788,30,36300,37700,38200,35300,38200
history_page_warm,789,30,36400,123700,147700,35000,147700
history_page_warm,790,30,36600,60100,78900,35400,78900
history_page_warm,791,30,36500,55300,55500,35200,55500
history_page_warm,792,30,36800,50300,51000,35700,51000
history_page_warm,793,30,36400,53700,67700,35600,67700
history_page_warm,794,30,36500,43700,71500,35400,71500
history_page_warm,795,30,36500,43900,52700,35500,52700
history_page_warm,796,30,36500,54900,79700,35800,79700
history_page_warm,797,30,36600,55800,70500,35300,70500
history_page_warm,798,30,36500,53000,61900,35600,61900
history_page_warm,799,30,36500,50700,66600,35400,66600
history_page_warm,800,30,36500,40400,70400,35500,70400
history_page_warm,801,30,36900,38600,67900,35700,67900
history_page_warm,802,30,36700,38300,67400,35500,67400
history_page_warm,803,30,36600,39400,56900,35100,56900
history_page_warm,804,30,36500,43800,56600,35700,56600
history_page_warm,805,30,36500,47000,57700,35600,57700
history_page_warm,806,30,36500,38200,58700,35300,58700
history_page_warm,807,30,36400,38900,86900,35600,86900
history_page_warm,808,30,36300,47400,67800,35500,67800
history_page_warm,809,30,36500,39100,62600,35800,62600
history_page_warm,810,30,36500,39700,59900,35700,59900
history_page_warm,811,30,36400,39800,70900,35700,70900
history_page_warm,812,30,36600,72500,90600,35400,90600
history_page_warm,813,30,36700,71300,87100,35900,87100
history_page_warm,814,30,36500,71800,73500,35400,73500
history_page_warm,815,30,36600,67100,70700,35300,70700
history_page_warm,816,30,36400,54100,72300,35200,72300
history_page_warm,817,30,36500,58600,71600,35500,71600
history_page_warm,818,30,37200,66000,72600,36100,72600
history_page_warm,819,30,36400,65700,72300,35500,72300
history_page_warm,820,30,36500,60600,69100,35500,69100
history_page_warm,821,30,36400,69500,71200,35100,71200
history_page_warm,822,30,36600,56000,57800,35700,57800
history_page_warm,823,30,36500,56500,60800,35600,60800
history_page_warm,824,30,36600,52200,62100,35500,62100
history_page_warm,825,30,36500,51000,60300,35800,60300
history_page_warm,826,30,36800,53800,109600,35600,109600
history_page_warm,827,30,36400,55900,58000,35300,58000
history_page_warm,828,30,36700,80700,91400,35600,91400
history_page_warm,829,30,36800,60100,121700,35800,121700
history_page_warm,830,30,36800,71300,83500,36100,83500
history_page_warm,831,30,36500,50900,55500,35700,55500
history_page_warm,832,30,36700,55700,68700,35300,68700
history_page_warm,833,30,36400,54700,67900,35300,67900
history_page_warm,834,30,36500,53500,60300,35500,60300
history_page_warm,835,30,36700,51300,58400,35600,58400
history_page_warm,836,30,36200,55600,60700,35400,60700
history_page_warm,837,30,36400,118600,122500,35500,122500
history_page_warm,838,30,36500,61000,70900,35400,70900
history_page_warm,839,30,36500,66500,76200,35800,76200
history_page_warm,840,30,36400,64300,70300,35900,70300
history_page_warm,841,30,36500,69700,69900,35400,69900
history_page_warm,842,30,36400,58800,80900,35600,80900
history_page_warm,843,30,36700,56300,70300,35900,70300
history_page_warm,844,30,36500,57100,69500,35700,69500
history_page_warm,845,30,36600,79400,168200,35300,168200
history_page_warm,846,30,36600,64200,69700,35100,69700
history_page_warm,847,30,36700,64200,70100,35600,70100
history_page_warm,848,30,36500,66500,70400,35500,70400
history_page_warm,849,30,36300,63200,99900,35000,99900
history_page_warm,850,30,36100,55000,62800,35200,62800
history_page_warm,851,30,36300,59300,73200,35400,73200
history_page_warm,852,30,36700,40900,73200,36100,73200
history_page_warm,853,30,36100,63300,72900,35100,72900
history_page_warm,854,30,36500,47000,69300,35600,69300
history_page_warm,855,30,36300,55500,94100,35200,94100
history_page_warm,856,30,36300,62600,74800,35100,74800
history_page_warm,857,30,36200,72200,97000,35400,97000
history_page_warm,858,30,36400,69500,73000,35400,73000
history_page_warm,859,30,36100,52900,72100,35500,72100
history_page_warm,860,30,36800,59700,87300,35600,87300
history_page_warm,861,30,36400,51800,57300,35400,57300
history_page_warm,862,30,36500,51400,55800,35700,55800
history_page_warm,863,30,36400,52600,131800,35500,131800
history_page_warm,864,30,36200,51800,88100,35300,88100
history_page_warm,865,30,36400,49900,70800,35300,70800
history_page_warm,866,30,36200,56100,81200,35400,81200
history_page_warm,867,30,36200,42700,56400,35500,56400
history_page_warm,868,30,36300,39800,56300,35700,56300
history_page_warm,869,30,36600,39500,142100,35500,142100
history_page_warm,870,30,36100,84300,203600,35300,203600
history_page_warm,871,30,36300,39100,71200,35600,71200
history_page_warm,872,30,36200,39300,69400,35100,69400
history_page_warm,873,30,36300,45100,69500,35200,69500
history_page_warm,874,30,36400,45600,69600,35400,69600
history_page_warm,875,30,36300,69400,87700,35200,87700
history_page_warm,876,30,36300,42700,69400,35700,69400
history_page_warm,877,30,36700,112700,137400,35900,137400
history_page_warm,878,30,36300,86000,103800,35500,103800
history_page_warm,879,30,36400,39200,69800,35600,69800
history_page_warm,880,30,36300,69300,109300,35500,109300
history_page_warm,881,30,36300,69200,101800,35500,101800
history_page_warm,882,30,36200,71300,73500,35500,73500
history_page_warm,883,30,36300,69400,69700,35400,69700
history_page_warm,884,30,36400,69600,70000,35500,70000
history_page_warm,885,30,36400,75100,77200,35400,77200
history_page_warm,886,30,36900,70000,81100,36000,81100
history_page_warm,887,30,36400,75100,80500,35300,80500
history_page_warm,888,30,36300,69600,80000,35300,80000
history_page_warm,889,30,36500,75600,107800,35300,107800
history_page_warm,890,30,36500,69800,70400,35500,70400
history_page_warm,891,30,36200,69300,69400,35400,69400
history_page_warm,892,30,36300,80200,83500,35200,83500
history_page_warm,893,30,36500,69200,69500,35600,69500
history_page_warm,894,30,36400,69500,69600,35500,69600
history_page_warm,895,30,36300,69100,69200,35400,69200
history_page_warm,896,30,36200,69200,69200,35600,69200
history_page_warm,897,30,36400,69200,69600,35400,69600
history_page_warm,898,30,36200,68900,69200,35500,69200
history_page_warm,899,30,36500,69300,86300,35800,86300
history_page_warm,900,30,36300,69100,85200,35200,85200
history_page_warm,901,30,36300,69200,69800,35300,69800
history_page_warm,902,30,36300,69400,77000,35200,77000
history_page_warm,903,30,36600,114600,175000,35800,175000
history_page_warm,904,30,36300,86400,164000,35600,164000
history_page_warm,905,30,36500,70100,71200,35300,71200
history_page_warm,906,30,36300,69700,69900,35200,69900
history_page_warm,907,30,36600,69500,77500,35100,77500
history_page_warm,908,30,36300,110400,111400,35400,111400
history_page_warm,909,30,36400,78900,83000,35500,83000
history_page_warm,910,30,36300,69500,70000,35400,70000
history_page_warm,911,30,36600,69800,70000,35800,70000
history_page_warm,912,30,36500,69500,75500,35400,75500
history_page_warm,913,30,36700,69400,70100,35500,70100
history_page_warm,914,30,36400,69700,96200,35500,96200
history_page_warm,915,30,36400,69400,69600,35400,69600
history_page_warm,916,30,36400,69600,69800,35700,69800
history_page_warm,917,30,36300,69700,78100,35100,78100
history_page_warm,918,30,36200,69100,69400,35100,69400
history_page_warm,919,30,36300,77700,122200,34800,122200
history_page_warm,920,30,36800,69600,70100,35600,70100
history_page_warm,921,30,36300,70500,85800,35300,85800
history_page_warm,922,30,36600,69400,70000,35100,70000
history_page_warm,923,30,36300,69100,69200,35400,69200
history_page_warm,924,30,36400,69600,83700,35500,83700
history_page_warm,925,30,36300,69000,69400,35200,69400
history_page_warm,926,30,36200,69100,69500,35400,69500
history_page_warm,927,30,36200,69000,69200,35100,69200
history_page_warm,928,30,36800,69500,155200,35700,155200
history_page_warm,929,30,36300,69200,72400,35400,72400
history_page_warm,930,30,36700,69500,70500,35600,70500
history_page_warm,931,30,36200,69400,78200,34900,78200
history_page_warm,932,30,36300,70500,76000,35500,76000
history_page_warm,933,30,36300,69100,85200,35400,85200
history_page_warm,934,30,36300,69400,70400,34900,70400
history_page_warm,935,30,36400,69500,81100,35200,81100
history_page_warm,936,30,36400,41600,69200,35500,69200
history_page_warm,937,30,36800,46700,69600,35700,69600
history_page_warm,938,30,36700,69200,105600,35600,105600
history_page_warm,939,30,36600,69000,89600,35600,89600
history_page_warm,940,30,36600,39400,69300,35800,69300
history_page_warm,941,30,36800,45300,69300,35500,69300
history_page_warm,942,30,36500,42900,69200,35200,69200
history_page_warm,943,30,36600,50500,69100,35600,69100
history_page_warm,944,30,36400,48800,69000,35600,69000
history_page_warm,945,30,36800,41400,77300,35600,77300
history_page_warm,946,30,36600,45300,70300,35200,70300
history_page_warm,947,30,36700,67600,69300,35300,69300
history_page_warm,948,30,36600,42900,69300,35600,69300
history_page_warm,949,30,36500,54800,69100,35300,69100
history_page_warm,950,30,36700,49400,69600,35400,69600
history_page_warm,951,30,36600,56100,69100,34900,69100
history_page_warm,952,30,36500,69200,102200,35300,102200
history_page_warm,953,30,36400,40000,69300,35500,69300
history_page_warm,954,30,37300,48100,80400,36200,80400
history_page_warm,955,30,36400,69700,72800,35400,72800
history_page_warm,956,30,36500,43800,69200,35600,69200
history_page_warm,957,30,36600,41000,69300,35500,69300
history_page_warm,958,30,36700,39200,69700,35200,69700
history_page_warm,959,30,36500,69000,117300,35400,117300
history_page_warm,960,30,36500,39800,69200,35400,69200
history_page_warm,961,30,36400,44400,69600,35700,69600
history_page_warm,962,30,36800,69700,107900,35700,107900
history_page_warm,963,30,36500,55800,69500,35500,69500
history_page_warm,964,30,36500,69900,161700,35700,161700
history_page_warm,965,30,36600,69700,70300,35400,70300
history_page_warm,966,30,36300,69100,69600,35200,69600
history_page_warm,967,30,36400,69200,70000,35600,70000
history_page_warm,968,30,36500,69300,69400,35400,69400
history_page_warm,969,30,36400,69200,69400,35400,69400
history_page_warm,970,30,36400,69500,167700,35700,167700
history_page_warm,971,30,36600,87500,122000,35700,122000
history_page_warm,972,30,36500,69100,71100,35300,71100
history_page_warm,973,30,36500,69700,70700,34900,70700
history_page_warm,974,30,36400,43500,78300,35400,78300
history_page_warm,975,30,36500,68900,69800,35600,69800
history_page_warm,976,30,36400,76100,77400,35200,77400
history_page_warm,977,30,36500,39500,69800,35400,69800
history_page_warm,978,30,36400,37700,69500,35500,69500
history_page_warm,979,30,36700,69800,131800,35200,131800
history_page_warm,980,30,36500,69200,78900,35400,78900
history_page_warm,981,30,36600,70700,104600,35600,104600
history_page_warm,982,30,36400,81100,83300,35300,83300
history_page_warm,983,30,36300,70200,76200,35300,76200
history_page_warm,984,30,36500,69500,104100,35300,104100
history_page_warm,985,30,36500,69200,89000,35700,89000
history_page_warm,986,30,36400,69400,70600,35500,70600
history_page_warm,987,30,36300,69200,70000,35300,70000
history_page_warm,988,30,36700,69500,70000,35800,70000
history_page_warm,989,30,36300,69400,76000,35300,76000
history_page_warm,990,30,36300,69600,69800,35500,69800
history_page_warm,991,30,36200,69400,69600,34900,69600
history_page_warm,992,30,36600,69500,69600,35600,69600
history_page_warm,993,30,36100,69400,69500,35400,69500
history_page_warm,994,30,36200,69200,69500,35600,69500
history_page_warm,995,30,36200,69300,69700,34800,69700
history_page_warm,996,30,36600,69700,69800,35500,69800
history_page_warm,997,30,36200,69600,70100,35300,70100
history_page_warm,998,30,36500,69700,88100,35600,88100
history_page_warm,999,30,36200,63900,69200,35200,69200
history_page_warm,1000,30,36300,68400,69400,35400,69400
history_page_warm,1001,30,36400,63800,70000,35300,70000
history_page_warm,1002,30,36500,60600,78400,35500,78400
history_page_warm,1003,30,36400,69300,71800,35200,71800
history_page_warm,1004,30,36400,69300,71600,35500,71600
history_page_warm,1005,30,36500,72100,98200,35500,98200
history_page_warm,1006,30,36300,70500,81400,35200,81400
history_page_warm,1007,30,36400,69400,80000,34800,80000
history_page_warm,1008,30,36300,69400,71800,35200,71800
history_page_warm,1009,30,36500,72600,79400,35400,79400
history_page_warm,1010,30,36400,86100,110000,35400,110000
history_page_warm,1011,30,36500,43200,71500,35100,71500
history_page_warm,1012,30,36200,37100,63300,35400,63300
history_page_warm,1013,30,36400,58600,65000,35800,65000
history_page_warm,1014,30,36500,57500,64300,35800,64300
history_page_warm,1015,30,36400,51200,70700,35700,70700
history_page_warm,1016,30,36400,51400,78200,35600,78200
history_page_warm,1017,30,36600,43500,53200,35400,53200
history_page_warm,1018,30,36500,39500,56100,35400,56100
history_page_warm,1019,30,36400,48400,58300,35400,58300
history_page_warm,1020,30,36200,42100,140900,35500,140900
history_page_warm,1021,30,36400,38500,102900,35500,102900
history_page_warm,1022,30,37100,40700,68100,36000,68100
history_page_warm,1023,30,36400,66400,75500,35600,75500
history_page_warm,1024,30,36400,51600,88500,35500,88500
history_page_warm,1025,30,36300,61000,79300,35500,79300
history_page_warm,1026,30,36600,55400,69800,35600,69800
history_page_warm,1027,30,36500,54900,69300,35200,69300
history_page_warm,1028,30,36300,69300,72000,35400,72000
history_page_warm,1029,30,36400,62500,69400,35200,69400
history_page_warm,1030,30,36800,69900,74400,35600,74400
history_page_warm,1031,30,36400,57300,57400,35400,57400
history_page_warm,1032,30,36500,40900,105500,35500,105500
history_page_warm,1033,30,36700,41000,94200,35200,94200
history_page_warm,1034,30,36600,42900,47300,35400,47300
history_page_warm,1035,30,36800,39800,41200,35500,41200
history_page_warm,1036,30,36400,38500,40600,35500,40600
history_page_warm,1037,30,36400,37800,40900,35500,40900
history_page_warm,1038,30,36500,40800,42000,35400,42000
history_page_warm,1039,30,36800,41100,50000,35600,50000
history_page_warm,1040,30,36400,39400,39400,35300,39400
history_page_warm,1041,30,36500,40400,47600,35500,47600
history_page_warm,1042,30,36400,40500,60300,35300,60300
history_page_warm,1043,30,36700,45600,55000,35500,55000
history_page_warm,1044,30,36400,39400,50400,35300,50400
history_page_warm,1045,30,36500,41100,41500,35400,41500
history_page_warm,1046,30,36300,47000,50000,35300,50000
history_page_warm,1047,30,36700,42700,52100,35400,52100
history_page_warm,1048,30,36400,51200,101900,35000,101900
history_page_warm,1049,30,36500,45500,46300,35200,46300
history_page_warm,1050,30,36600,60700,82800,35400,82800
history_page_warm,1051,30,36200,46700,53600,35100,53600
history_page_warm,1052,30,36600,39700,39900,35300,39900
history_page_warm,1053,30,36300,39500,39800,35300,39800
history_page_warm,1054,30,36200,41500,45000,35400,45000
history_page_warm,1055,30,36400,39300,177200,35400,177200
history_page_warm,1056,30,36800,44300,115400,35600,115400
history_page_warm,1057,30,36200,44000,73200,35300,73200
history_page_warm,1058,30,36300,42800,51100,35700,51100
history_page_warm,1059,30,36300,45100,91700,35600,91700
history_page_warm,1060,30,36400,59700,61100,35600,61100
history_page_warm,1061,30,36300,38900,40200,35300,40200
history_page_warm,1062,30,36300,39100,108200,35300,108200
history_page_warm,1063,30,36100,46500,75900,35300,75900
history_page_warm,1064,30,36600,53300,80900,35600,80900
history_page_warm,1065,30,36300,76300,78200,35300,78200
history_page_warm,1066,30,36400,59600,63800,35500,63800
history_page_warm,1067,30,36100,41300,53500,35500,53500
history_page_warm,1068,30,36200,37200,39200,35400,39200
history_page_warm,1069,30,36200,38900,40000,35300,40000
history_page_warm,1070,30,36100,84800,94600,35300,94600
history_page_warm,1071,30,36000,51000,83800,35400,83800
history_page_warm,1072,30,36300,65300,71500,35500,71500
history_page_warm,1073,30,36400,51500,70500,35600,70500
history_page_warm,1074,30,36200,70200,96200,35100,96200
history_page_warm,1075,30,36100,40000,69900,35300,69900
history_page_warm,1076,30,36200,39200,70100,35000,70100
history_page_warm,1077,30,36400,41800,70000,35200,70000
history_page_warm,1078,30,36100,43100,69600,35200,69600
history_page_warm,1079,30,36300,40400,69600,35000,69600
history_page_warm,1080,30,36000,61000,69900,35400,69900
history_page_warm,1081,30,36500,38000,70000,35700,70000
history_page_warm,1082,30,36400,42100,69700,35400,69700
history_page_warm,1083,30,36300,49100,69700,35300,69700
history_page_warm,1084,30,36100,37200,69800,35100,69800
history_page_warm,1085,30,36100,37300,69900,35400,69900
history_page_warm,1086,30,36400,70100,92900,35500,92900
history_page_warm,1087,30,36300,51100,70200,35500,70200
history_page_warm,1088,30,36500,46400,70600,35300,70600
history_page_warm,1089,30,20200,25100,37900,19800,37900
