operation,page,samples,p50_ns,p95_ns,p99_ns,minimum_ns,maximum_ns
history_page_cold_cpu_cache,1,30,38700,54200,58100,32400,58100
history_page_cold_cpu_cache,2,30,54600,85200,101100,48500,101100
history_page_cold_cpu_cache,3,30,52400,63000,63200,47500,63200
history_page_cold_cpu_cache,4,30,53300,75500,98600,46700,98600
history_page_cold_cpu_cache,5,30,53300,83300,85800,44600,85800
history_page_cold_cpu_cache,6,30,54700,59700,71400,45800,71400
history_page_cold_cpu_cache,7,30,52500,65300,195100,47100,195100
history_page_cold_cpu_cache,8,30,54200,59000,59600,46600,59600
history_page_cold_cpu_cache,9,30,53000,62000,64700,47400,64700
history_page_cold_cpu_cache,10,30,54100,59200,68300,44600,68300
history_page_cold_cpu_cache,11,30,54600,63400,106400,48900,106400
history_page_cold_cpu_cache,12,30,53600,69800,70100,48800,70100
history_page_cold_cpu_cache,13,30,54900,63600,64900,46100,64900
history_page_cold_cpu_cache,14,30,51400,71300,106100,46000,106100
history_page_cold_cpu_cache,15,30,51300,61300,63100,43400,63100
history_page_cold_cpu_cache,16,30,53100,75700,131300,48200,131300
history_page_cold_cpu_cache,17,30,53800,62000,72900,47400,72900
history_page_cold_cpu_cache,18,30,54100,90300,93900,48000,93900
history_page_cold_cpu_cache,19,30,52500,71400,109500,47600,109500
history_page_cold_cpu_cache,20,30,54000,89000,114800,47100,114800
history_page_cold_cpu_cache,21,30,51900,58500,60300,46100,60300
history_page_cold_cpu_cache,22,30,53000,75200,96900,48500,96900
history_page_cold_cpu_cache,23,30,53700,68700,95700,45200,95700
history_page_cold_cpu_cache,24,30,50800,56900,93500,47000,93500
history_page_cold_cpu_cache,25,30,52500,75100,88500,46300,88500
history_page_cold_cpu_cache,26,30,53000,64000,74000,45100,74000
history_page_cold_cpu_cache,27,30,52100,58500,59700,47300,59700
history_page_cold_cpu_cache,28,30,54200,70300,71000,48200,71000
history_page_cold_cpu_cache,29,30,52800,75600,97100,44700,97100
history_page_cold_cpu_cache,30,30,52600,81700,101000,48500,101000
history_page_cold_cpu_cache,31,30,53700,65900,149700,46800,149700
history_page_cold_cpu_cache,32,30,51000,60500,61000,46100,61000
history_page_cold_cpu_cache,33,30,53100,82200,98600,47300,98600
history_page_cold_cpu_cache,34,30,52400,99000,119600,45700,119600
history_page_cold_cpu_cache,35,30,52200,65500,75000,47900,75000
history_page_cold_cpu_cache,36,30,51800,60600,184600,46900,184600
history_page_cold_cpu_cache,37,30,52100,59700,60300,47600,60300
history_page_cold_cpu_cache,38,30,54200,60200,63200,46800,63200
history_page_cold_cpu_cache,39,30,52800,61400,66900,47600,66900
history_page_cold_cpu_cache,40,30,52700,63500,89100,47700,89100
history_page_cold_cpu_cache,41,30,54700,78200,158900,45400,158900
history_page_cold_cpu_cache,42,30,51400,60100,60900,44600,60900
history_page_cold_cpu_cache,43,30,52500,80000,101600,43200,101600
history_page_cold_cpu_cache,44,30,54600,77600,142300,45600,142300
history_page_cold_cpu_cache,45,30,52400,82900,110900,44700,110900
history_page_cold_cpu_cache,46,30,54600,60600,63200,46700,63200
history_page_cold_cpu_cache,47,30,52000,94000,146000,45700,146000
history_page_cold_cpu_cache,48,30,54700,67300,96300,48100,96300
history_page_cold_cpu_cache,49,30,55900,77700,83000,47400,83000
history_page_cold_cpu_cache,50,30,53200,123500,156000,48200,156000
history_page_cold_cpu_cache,51,30,51700,60500,86500,47200,86500
history_page_cold_cpu_cache,52,30,52400,107000,117500,43700,117500
history_page_cold_cpu_cache,53,30,52400,62800,69100,42800,69100
history_page_cold_cpu_cache,54,30,55200,103700,122700,43600,122700
history_page_cold_cpu_cache,55,30,52000,57500,61600,47300,61600
history_page_cold_cpu_cache,56,30,51900,75800,129100,47600,129100
history_page_cold_cpu_cache,57,30,52100,60400,110800,45500,110800
history_page_cold_cpu_cache,58,30,54500,84100,119000,45800,119000
history_page_cold_cpu_cache,59,30,55500,63300,186800,43700,186800
history_page_cold_cpu_cache,60,30,51300,58700,62900,43800,62900
history_page_cold_cpu_cache,61,30,50600,62500,73900,45900,73900
history_page_cold_cpu_cache,62,30,51300,58000,62300,44000,62300
history_page_cold_cpu_cache,63,30,52100,66500,103400,43600,103400
history_page_cold_cpu_cache,64,30,55500,73400,81900,47200,81900
history_page_cold_cpu_cache,65,30,51700,72000,77700,44400,77700
history_page_cold_cpu_cache,66,30,50700,65900,73800,45300,73800
history_page_cold_cpu_cache,67,30,52300,72800,152800,46800,152800
history_page_cold_cpu_cache,68,30,51500,68200,84500,45700,84500
history_page_cold_cpu_cache,69,30,53000,65200,67300,45100,67300
history_page_cold_cpu_cache,70,30,52500,115100,198400,47200,198400
history_page_cold_cpu_cache,71,30,51600,60100,64700,46500,64700
history_page_cold_cpu_cache,72,30,50600,100600,103900,45100,103900
history_page_cold_cpu_cache,73,30,52500,70900,72100,44900,72100
history_page_cold_cpu_cache,74,30,51900,74800,84500,44000,84500
history_page_cold_cpu_cache,75,30,52400,61500,91400,45800,91400
history_page_cold_cpu_cache,76,30,50400,56600,58600,46400,58600
history_page_cold_cpu_cache,77,30,50600,62800,76100,45100,76100
history_page_cold_cpu_cache,78,30,53400,64000,148600,47700,148600
history_page_cold_cpu_cache,79,30,51500,59700,79200,46500,79200
history_page_cold_cpu_cache,80,30,51600,96500,144700,44700,144700
history_page_cold_cpu_cache,81,30,50300,62300,105500,43700,105500
history_page_cold_cpu_cache,82,30,50200,73700,92300,42200,92300
history_page_cold_cpu_cache,83,30,50900,129600,140800,41600,140800
history_page_cold_cpu_cache,84,30,51900,89700,124700,42700,124700
history_page_cold_cpu_cache,85,30,52300,66600,72600,46600,72600
history_page_cold_cpu_cache,86,30,53100,65900,73000,46300,73000
history_page_cold_cpu_cache,87,30,50100,61600,68300,44000,68300
history_page_cold_cpu_cache,88,30,52300,105400,136400,46400,136400
history_page_cold_cpu_cache,89,30,54100,93800,126100,45500,126100
history_page_cold_cpu_cache,90,30,52900,93300,154300,45500,154300
history_page_cold_cpu_cache,91,30,52800,121600,149600,46500,149600
history_page_cold_cpu_cache,92,30,52200,60500,61000,44900,61000
history_page_cold_cpu_cache,93,30,52200,58100,59500,43500,59500
history_page_cold_cpu_cache,94,30,51100,69100,86400,45100,86400
history_page_cold_cpu_cache,95,30,52200,70600,83400,47000,83400
history_page_cold_cpu_cache,96,30,53700,78800,82800,45800,82800
history_page_cold_cpu_cache,97,30,51400,62700,72500,44800,72500
history_page_cold_cpu_cache,98,30,50000,65400,149000,43100,149000
history_page_cold_cpu_cache,99,30,51900,64900,70300,43700,70300
history_page_cold_cpu_cache,100,30,51600,70300,388500,47900,388500
history_page_cold_cpu_cache,101,30,52300,94600,106900,45600,106900
history_page_cold_cpu_cache,102,30,53000,81300,122200,44900,122200
history_page_cold_cpu_cache,103,30,51600,72300,87400,44900,87400
history_page_cold_cpu_cache,104,30,52100,67400,107000,44900,107000
history_page_cold_cpu_cache,105,30,54100,68800,119900,47000,119900
history_page_cold_cpu_cache,106,30,53800,70000,107600,47400,107600
history_page_cold_cpu_cache,107,30,52500,77500,91600,45200,91600
history_page_cold_cpu_cache,108,30,51400,116100,121800,47600,121800
history_page_cold_cpu_cache,109,30,52400,105000,169200,46600,169200
history_page_cold_cpu_cache,110,30,51400,58600,59500,45800,59500
history_page_cold_cpu_cache,111,30,51700,89500,122400,46600,122400
history_page_cold_cpu_cache,112,30,53900,63600,71000,45900,71000
history_page_cold_cpu_cache,113,30,51200,91400,193600,43200,193600
history_page_cold_cpu_cache,114,30,51900,67300,71100,44300,71100
history_page_cold_cpu_cache,115,30,52900,60900,81000,43200,81000
history_page_cold_cpu_cache,116,30,55000,71200,78100,45300,78100
history_page_cold_cpu_cache,117,30,54900,66900,71200,44100,71200
history_page_cold_cpu_cache,118,30,51600,64800,68100,46300,68100
history_page_cold_cpu_cache,119,30,52700,62600,90300,45500,90300
history_page_cold_cpu_cache,120,30,50600,65700,71000,44400,71000
history_page_cold_cpu_cache,121,30,52200,71400,135000,47400,135000
history_page_cold_cpu_cache,122,30,53000,61900,67100,47300,67100
history_page_cold_cpu_cache,123,30,50900,62400,104900,47500,104900
history_page_cold_cpu_cache,124,30,51200,65200,87000,45900,87000
history_page_cold_cpu_cache,125,30,51700,104900,118100,48000,118100
history_page_cold_cpu_cache,126,30,52400,82000,82700,47200,82700
history_page_cold_cpu_cache,127,30,52400,68600,79900,44000,79900
history_page_cold_cpu_cache,128,30,54500,80900,86300,45400,86300
history_page_cold_cpu_cache,129,30,51600,61800,64400,44500,64400
history_page_cold_cpu_cache,130,30,52200,74100,78900,47900,78900
history_page_cold_cpu_cache,131,30,52000,95200,106600,47900,106600
history_page_cold_cpu_cache,132,30,53600,102200,106000,48100,106000
history_page_cold_cpu_cache,133,30,52400,65000,102200,46100,102200
history_page_cold_cpu_cache,134,30,53000,62100,82100,46400,82100
history_page_cold_cpu_cache,135,30,51900,83600,108300,47100,108300
history_page_cold_cpu_cache,136,30,51400,105600,130000,47700,130000
history_page_cold_cpu_cache,137,30,53900,68400,91700,47500,91700
history_page_cold_cpu_cache,138,30,52800,130400,148800,47200,148800
history_page_cold_cpu_cache,139,30,51100,99600,133000,46500,133000
history_page_cold_cpu_cache,140,30,51600,60800,102200,46000,102200
history_page_cold_cpu_cache,141,30,53400,81000,148600,44000,148600
history_page_cold_cpu_cache,142,30,50900,62800,68100,43200,68100
history_page_cold_cpu_cache,143,30,52300,75400,86600,44900,86600
history_page_cold_cpu_cache,144,30,52000,75900,156400,44400,156400
history_page_cold_cpu_cache,145,30,51000,71400,76100,46700,76100
history_page_cold_cpu_cache,146,30,53200,60500,79100,46600,79100
history_page_cold_cpu_cache,147,30,54000,61200,68700,44700,68700
history_page_cold_cpu_cache,148,30,53200,58500,71000,47500,71000
history_page_cold_cpu_cache,149,30,52100,62300,67200,48200,67200
history_page_cold_cpu_cache,150,30,52100,74900,97700,47500,97700
history_page_cold_cpu_cache,151,30,52800,75800,92600,45700,92600
history_page_cold_cpu_cache,152,30,51900,77200,77500,45500,77500
history_page_cold_cpu_cache,153,30,51400,82000,140600,46600,140600
history_page_cold_cpu_cache,154,30,52800,60600,64700,48200,64700
history_page_cold_cpu_cache,155,30,53600,58400,60200,48100,60200
history_page_cold_cpu_cache,156,30,51500,75000,80700,46900,80700
history_page_cold_cpu_cache,157,30,54900,70000,149600,45300,149600
history_page_cold_cpu_cache,158,30,51700,57200,59600,47200,59600
history_page_cold_cpu_cache,159,30,52500,58400,60200,47100,60200
history_page_cold_cpu_cache,160,30,52500,90500,100600,46900,100600
history_page_cold_cpu_cache,161,30,51300,128500,167500,47600,167500
history_page_cold_cpu_cache,162,30,51000,60000,61800,44800,61800
history_page_cold_cpu_cache,163,30,49900,66100,67400,43600,67400
history_page_cold_cpu_cache,164,30,54200,71500,72800,44800,72800
history_page_cold_cpu_cache,165,30,54700,59900,63200,45400,63200
history_page_cold_cpu_cache,166,30,52900,63900,84200,47500,84200
history_page_cold_cpu_cache,167,30,52100,62300,73000,47000,73000
history_page_cold_cpu_cache,168,30,50700,74700,96200,46700,96200
history_page_cold_cpu_cache,169,30,51300,62700,96500,46700,96500
history_page_cold_cpu_cache,170,30,55000,69800,95900,48900,95900
history_page_cold_cpu_cache,171,30,53200,62400,82800,47800,82800
history_page_cold_cpu_cache,172,30,50000,61400,66600,45500,66600
history_page_cold_cpu_cache,173,30,51600,68100,91800,46800,91800
history_page_cold_cpu_cache,174,30,52500,71100,75100,43600,75100
history_page_cold_cpu_cache,175,30,53700,61200,84600,42700,84600
history_page_cold_cpu_cache,176,30,53000,101300,167400,47100,167400
history_page_cold_cpu_cache,177,30,50800,63700,104900,44500,104900
history_page_cold_cpu_cache,178,30,50400,60200,62900,42300,62900
history_page_cold_cpu_cache,179,30,51300,68500,71800,43400,71800
history_page_cold_cpu_cache,180,30,53900,108500,139800,43600,139800
history_page_cold_cpu_cache,181,30,51300,57800,61700,47100,61700
history_page_cold_cpu_cache,182,30,50300,68800,168500,45500,168500
history_page_cold_cpu_cache,183,30,50000,68600,101600,46600,101600
history_page_cold_cpu_cache,184,30,51800,69700,82500,46200,82500
history_page_cold_cpu_cache,185,30,50800,58600,59800,47300,59800
history_page_cold_cpu_cache,186,30,54000,96000,146900,45300,146900
history_page_cold_cpu_cache,187,30,53200,69800,94800,44000,94800
history_page_cold_cpu_cache,188,30,49900,60500,60800,44200,60800
history_page_cold_cpu_cache,189,30,51000,66300,178500,43600,178500
history_page_cold_cpu_cache,190,30,53500,65400,74100,42500,74100
history_page_cold_cpu_cache,191,30,53900,68700,69300,48300,69300
history_page_cold_cpu_cache,192,30,52500,80500,97600,48000,97600
history_page_cold_cpu_cache,193,30,51900,69400,96900,46600,96900
history_page_cold_cpu_cache,194,30,52200,110900,170900,47100,170900
history_page_cold_cpu_cache,195,30,54100,71900,93600,47400,93600
history_page_cold_cpu_cache,196,30,52900,62900,63200,47600,63200
history_page_cold_cpu_cache,197,30,54300,66200,77000,48700,77000
history_page_cold_cpu_cache,198,30,50800,62800,78300,46200,78300
history_page_cold_cpu_cache,199,30,50100,98900,210100,43200,210100
history_page_cold_cpu_cache,200,30,51700,98800,103100,45900,103100
history_page_cold_cpu_cache,201,30,53000,60000,75000,45300,75000
history_page_cold_cpu_cache,202,30,54400,68100,89100,46800,89100
history_page_cold_cpu_cache,203,30,52200,97700,99400,45700,99400
history_page_cold_cpu_cache,204,30,51000,61000,62600,48000,62600
history_page_cold_cpu_cache,205,30,52100,67500,95400,48100,95400
history_page_cold_cpu_cache,206,30,52700,60900,74300,44700,74300
history_page_cold_cpu_cache,207,30,53100,81800,202200,47700,202200
history_page_cold_cpu_cache,208,30,52600,63300,146000,43700,146000
history_page_cold_cpu_cache,209,30,51300,99500,102400,45500,102400
history_page_cold_cpu_cache,210,30,52300,66800,73400,47400,73400
history_page_cold_cpu_cache,211,30,52200,58700,59800,44500,59800
history_page_cold_cpu_cache,212,30,52400,61300,62400,47800,62400
history_page_cold_cpu_cache,213,30,53800,68000,184500,45100,184500
history_page_cold_cpu_cache,214,30,52800,87300,120100,45200,120100
history_page_cold_cpu_cache,215,30,53900,59200,61200,42600,61200
history_page_cold_cpu_cache,216,30,52300,109600,126500,41200,126500
history_page_cold_cpu_cache,217,30,54900,87500,103600,46400,103600
history_page_cold_cpu_cache,218,30,55100,73500,91900,47800,91900
history_page_cold_cpu_cache,219,30,53800,68400,134200,48000,134200
history_page_cold_cpu_cache,220,30,52200,62700,131100,47100,131100
history_page_cold_cpu_cache,221,30,53500,88900,101700,45600,101700
history_page_cold_cpu_cache,222,30,53300,109400,132800,47500,132800
history_page_cold_cpu_cache,223,30,54800,72300,74200,44300,74200
history_page_cold_cpu_cache,224,30,55000,100600,106400,46900,106400
history_page_cold_cpu_cache,225,30,52500,64100,172300,45500,172300
history_page_cold_cpu_cache,226,30,51000,89500,128800,45900,128800
history_page_cold_cpu_cache,227,30,51200,96500,98400,45500,98400
history_page_cold_cpu_cache,228,30,54000,101100,101500,44100,101500
history_page_cold_cpu_cache,229,30,54300,79100,102900,45000,102900
history_page_cold_cpu_cache,230,30,51300,59400,101600,45300,101600
history_page_cold_cpu_cache,231,30,53400,100500,111000,45900,111000
history_page_cold_cpu_cache,232,30,53500,66500,83300,47000,83300
history_page_cold_cpu_cache,233,30,52600,66800,68700,45500,68700
history_page_cold_cpu_cache,234,30,53200,63600,115000,46400,115000
history_page_cold_cpu_cache,235,30,51600,59200,155700,47500,155700
history_page_cold_cpu_cache,236,30,52700,65000,95300,46800,95300
history_page_cold_cpu_cache,237,30,53800,59900,78100,46100,78100
history_page_cold_cpu_cache,238,30,51200,89900,119000,44500,119000
history_page_cold_cpu_cache,239,30,51300,59200,60100,45700,60100
history_page_cold_cpu_cache,240,30,51800,74900,85700,47100,85700
history_page_cold_cpu_cache,241,30,51800,58600,70700,45400,70700
history_page_cold_cpu_cache,242,30,51200,57900,131900,43600,131900
history_page_cold_cpu_cache,243,30,53500,57100,57200,47400,57200
history_page_cold_cpu_cache,244,30,51900,58100,105800,48900,105800
history_page_cold_cpu_cache,245,30,51600,115300,164300,46800,164300
history_page_cold_cpu_cache,246,30,50200,79900,90800,45500,90800
history_page_cold_cpu_cache,247,30,50900,128400,161200,42100,161200
history_page_cold_cpu_cache,248,30,52700,62600,165100,44600,165100
history_page_cold_cpu_cache,249,30,50300,57100,58000,43900,58000
history_page_cold_cpu_cache,250,30,51600,58600,186800,45100,186800
history_page_cold_cpu_cache,251,30,51800,80400,113200,46100,113200
history_page_cold_cpu_cache,252,30,51500,64100,105300,44900,105300
history_page_cold_cpu_cache,253,30,52500,62400,63500,47200,63500
history_page_cold_cpu_cache,254,30,52600,86600,112700,44200,112700
history_page_cold_cpu_cache,255,30,54300,82300,135000,47400,135000
history_page_cold_cpu_cache,256,30,53900,95100,152800,47700,152800
history_page_cold_cpu_cache,257,30,54200,58500,62100,44000,62100
history_page_cold_cpu_cache,258,30,52200,65200,77600,45300,77600
history_page_cold_cpu_cache,259,30,50700,60900,64600,47600,64600
history_page_cold_cpu_cache,260,30,51700,68000,118000,45500,118000
history_page_cold_cpu_cache,261,30,52600,130100,154100,49100,154100
history_page_cold_cpu_cache,262,30,53900,77100,86700,46300,86700
history_page_cold_cpu_cache,263,30,50500,91000,97100,47400,97100
history_page_cold_cpu_cache,264,30,50500,78500,205100,46400,205100
history_page_cold_cpu_cache,265,30,50900,69300,80700,46400,80700
history_page_cold_cpu_cache,266,30,53100,82600,83700,46900,83700
history_page_cold_cpu_cache,267,30,51900,60200,79200,46000,79200
history_page_cold_cpu_cache,268,30,53700,83200,93800,46800,93800
history_page_cold_cpu_cache,269,30,53500,77900,117300,46000,117300
history_page_cold_cpu_cache,270,30,52400,62400,80100,44300,80100
history_page_cold_cpu_cache,271,30,55900,102200,108800,45200,108800
history_page_cold_cpu_cache,272,30,53200,67700,99000,47900,99000
history_page_cold_cpu_cache,273,30,52800,67000,80200,46300,80200
history_page_cold_cpu_cache,274,30,52600,61100,62600,47100,62600
history_page_cold_cpu_cache,275,30,52800,75500,188600,45400,188600
history_page_cold_cpu_cache,276,30,51300,58100,64900,48400,64900
history_page_cold_cpu_cache,277,30,51000,62100,85300,47100,85300
history_page_cold_cpu_cache,278,30,53500,62000,71600,45500,71600
history_page_cold_cpu_cache,279,30,50700,62200,77000,45200,77000
history_page_cold_cpu_cache,280,30,52400,78000,90500,47200,90500
history_page_cold_cpu_cache,281,30,50400,61500,168900,48000,168900
history_page_cold_cpu_cache,282,30,51500,62100,80400,47400,80400
history_page_cold_cpu_cache,283,30,53800,63400,111900,46300,111900
history_page_cold_cpu_cache,284,30,52000,73000,129400,46500,129400
history_page_cold_cpu_cache,285,30,51900,66000,67600,45000,67600
history_page_cold_cpu_cache,286,30,51500,63200,69000,47400,69000
history_page_cold_cpu_cache,287,30,52000,60400,65000,47300,65000
history_page_cold_cpu_cache,288,30,55500,97500,152800,46100,152800
history_page_cold_cpu_cache,289,30,52500,62300,90600,48500,90600
history_page_cold_cpu_cache,290,30,53200,65800,107100,46300,107100
history_page_cold_cpu_cache,291,30,52300,66400,112900,46000,112900
history_page_cold_cpu_cache,292,30,52500,73800,82100,45700,82100
history_page_cold_cpu_cache,293,30,53600,79500,92300,45300,92300
history_page_cold_cpu_cache,294,30,50500,88100,108200,44900,108200
history_page_cold_cpu_cache,295,30,50900,63800,67200,45300,67200
history_page_cold_cpu_cache,296,30,50300,84000,105800,47100,105800
history_page_cold_cpu_cache,297,30,51100,60900,95500,42700,95500
history_page_cold_cpu_cache,298,30,51900,64400,133600,46200,133600
history_page_cold_cpu_cache,299,30,53400,96500,103900,43400,103900
history_page_cold_cpu_cache,300,30,50600,62500,63500,42800,63500
history_page_cold_cpu_cache,301,30,51800,62900,74700,46600,74700
history_page_cold_cpu_cache,302,30,51300,60100,69000,46300,69000
history_page_cold_cpu_cache,303,30,52600,83600,96300,44100,96300
history_page_cold_cpu_cache,304,30,51000,78400,111700,43500,111700
history_page_cold_cpu_cache,305,30,51300,58300,80800,47000,80800
history_page_cold_cpu_cache,306,30,52000,66500,72400,45800,72400
history_page_cold_cpu_cache,307,30,51900,89900,448100,45800,448100
history_page_cold_cpu_cache,308,30,53400,57700,58400,45500,58400
history_page_cold_cpu_cache,309,30,54100,58800,185600,48100,185600
history_page_cold_cpu_cache,310,30,52600,58300,69200,47600,69200
history_page_cold_cpu_cache,311,30,52300,58900,59400,47000,59400
history_page_cold_cpu_cache,312,30,52200,60500,62800,47700,62800
history_page_cold_cpu_cache,313,30,52000,59000,60700,46500,60700
history_page_cold_cpu_cache,314,30,52000,61200,103500,46700,103500
history_page_cold_cpu_cache,315,30,52500,60800,73200,48200,73200
history_page_cold_cpu_cache,316,30,51600,67600,95600,43800,95600
history_page_cold_cpu_cache,317,30,52400,61700,71300,46900,71300
history_page_cold_cpu_cache,318,30,52100,61500,69500,45100,69500
history_page_cold_cpu_cache,319,30,51000,60700,67200,46800,67200
history_page_cold_cpu_cache,320,30,53700,64100,136400,47400,136400
history_page_cold_cpu_cache,321,30,52000,75800,82500,47600,82500
history_page_cold_cpu_cache,322,30,51200,64700,68400,46900,68400
history_page_cold_cpu_cache,323,30,51500,63600,94400,46600,94400
history_page_cold_cpu_cache,324,30,52500,60700,72500,45700,72500
history_page_cold_cpu_cache,325,30,52600,78800,129500,47800,129500
history_page_cold_cpu_cache,326,30,52800,61600,84800,47200,84800
history_page_cold_cpu_cache,327,30,52300,81500,122000,46200,122000
history_page_cold_cpu_cache,328,30,51800,59900,60100,44900,60100
history_page_cold_cpu_cache,329,30,52100,75600,93600,46700,93600
history_page_cold_cpu_cache,330,30,50700,62700,165400,46200,165400
history_page_cold_cpu_cache,331,30,51900,61300,72100,45300,72100
history_page_cold_cpu_cache,332,30,51100,60900,61000,45200,61000
history_page_cold_cpu_cache,333,30,51500,59900,71300,46300,71300
history_page_cold_cpu_cache,334,30,51100,64400,95100,46500,95100
history_page_cold_cpu_cache,335,30,52700,72800,73300,47600,73300
history_page_cold_cpu_cache,336,30,53900,65200,71100,45500,71100
history_page_cold_cpu_cache,337,30,51500,73400,105700,45800,105700
history_page_cold_cpu_cache,338,30,52500,92500,159600,46200,159600
history_page_cold_cpu_cache,339,30,51400,63900,71300,47400,71300
history_page_cold_cpu_cache,340,30,54800,144800,153000,46500,153000
history_page_cold_cpu_cache,341,30,54000,83600,136400,45700,136400
history_page_cold_cpu_cache,342,30,52400,66700,68300,44200,68300
history_page_cold_cpu_cache,343,30,51300,67700,77400,42700,77400
history_page_cold_cpu_cache,344,30,54200,63400,85200,41900,85200
history_page_cold_cpu_cache,345,30,52200,83000,102600,47300,102600
history_page_cold_cpu_cache,346,30,53400,89800,102600,47200,102600
history_page_cold_cpu_cache,347,30,51600,76900,189600,46700,189600
history_page_cold_cpu_cache,348,30,51000,68300,127500,44700,127500
history_page_cold_cpu_cache,349,30,52200,64100,69800,45800,69800
history_page_cold_cpu_cache,350,30,51900,74500,116100,44700,116100
history_page_cold_cpu_cache,351,30,52500,59200,59800,44100,59800
history_page_cold_cpu_cache,352,30,52400,61300,76600,45000,76600
history_page_cold_cpu_cache,353,30,52600,64100,64300,45400,64300
history_page_cold_cpu_cache,354,30,52600,81100,141900,47300,141900
history_page_cold_cpu_cache,355,30,50500,59900,68100,46800,68100
history_page_cold_cpu_cache,356,30,52300,60700,61100,46000,61100
history_page_cold_cpu_cache,357,30,52200,57500,59400,47300,59400
history_page_cold_cpu_cache,358,30,50100,67700,84900,47300,84900
history_page_cold_cpu_cache,359,30,50800,60900,141100,47300,141100
history_page_cold_cpu_cache,360,30,53000,83100,95200,46400,95200
history_page_cold_cpu_cache,361,30,53600,89500,90300,45600,90300
history_page_cold_cpu_cache,362,30,51500,61200,73500,44300,73500
history_page_cold_cpu_cache,363,30,51300,73500,79000,45000,79000
history_page_cold_cpu_cache,364,30,50600,79200,81600,46100,81600
history_page_cold_cpu_cache,365,30,53300,60400,87700,46800,87700
history_page_cold_cpu_cache,366,30,53900,88000,124300,46800,124300
history_page_cold_cpu_cache,367,30,51400,64000,102500,45800,102500
history_page_cold_cpu_cache,368,30,50700,58300,71100,46600,71100
history_page_cold_cpu_cache,369,30,52000,91000,92700,45500,92700
history_page_cold_cpu_cache,370,30,52200,66100,90000,45900,90000
history_page_cold_cpu_cache,371,30,52900,57000,98700,47800,98700
history_page_cold_cpu_cache,372,30,51400,79700,151500,47000,151500
history_page_cold_cpu_cache,373,30,52000,62000,63100,46300,63100
history_page_cold_cpu_cache,374,30,52100,61400,82100,46200,82100
history_page_cold_cpu_cache,375,30,53500,101500,105400,47100,105400
history_page_cold_cpu_cache,376,30,53400,67200,70800,48200,70800
history_page_cold_cpu_cache,377,30,53100,59200,67900,47100,67900
history_page_cold_cpu_cache,378,30,53900,81400,99200,46600,99200
history_page_cold_cpu_cache,379,30,53900,76500,188000,42500,188000
history_page_cold_cpu_cache,380,30,50700,64000,75400,47100,75400
history_page_cold_cpu_cache,381,30,51200,129100,149000,42600,149000
history_page_cold_cpu_cache,382,30,53400,59800,97000,47200,97000
history_page_cold_cpu_cache,383,30,54200,86600,150000,48600,150000
history_page_cold_cpu_cache,384,30,53300,78100,114700,46400,114700
history_page_cold_cpu_cache,385,30,52600,59900,60400,46900,60400
history_page_cold_cpu_cache,386,30,52500,144800,183600,47200,183600
history_page_cold_cpu_cache,387,30,53500,59500,65300,46900,65300
history_page_cold_cpu_cache,388,30,54200,64100,65500,46600,65500
history_page_cold_cpu_cache,389,30,53900,63500,77500,46100,77500
history_page_cold_cpu_cache,390,30,51700,65400,127700,48000,127700
history_page_cold_cpu_cache,391,30,53500,85300,93800,46700,93800
history_page_cold_cpu_cache,392,30,55200,81600,86500,47800,86500
history_page_cold_cpu_cache,393,30,54400,63300,111900,47400,111900
history_page_cold_cpu_cache,394,30,53300,60000,64200,46500,64200
history_page_cold_cpu_cache,395,30,52400,60200,60300,47900,60300
history_page_cold_cpu_cache,396,30,50800,58400,69700,46600,69700
history_page_cold_cpu_cache,397,30,54500,62800,172800,47700,172800
history_page_cold_cpu_cache,398,30,53300,60300,105600,47800,105600
history_page_cold_cpu_cache,399,30,52700,63300,66800,46100,66800
history_page_cold_cpu_cache,400,30,52400,61600,75400,46800,75400
history_page_cold_cpu_cache,401,30,52800,66300,159900,47400,159900
history_page_cold_cpu_cache,402,30,54000,72000,78700,47000,78700
history_page_cold_cpu_cache,403,30,53200,62900,94000,47300,94000
history_page_cold_cpu_cache,404,30,53100,95700,141100,46400,141100
history_page_cold_cpu_cache,405,30,52600,63300,79700,47500,79700
history_page_cold_cpu_cache,406,30,49800,64700,187200,45900,187200
history_page_cold_cpu_cache,407,30,52200,60600,103600,47300,103600
history_page_cold_cpu_cache,408,30,54200,96300,117500,46300,117500
history_page_cold_cpu_cache,409,30,53700,61500,62700,45500,62700
history_page_cold_cpu_cache,410,30,53600,68500,128400,44600,128400
history_page_cold_cpu_cache,411,30,52600,59400,59800,44300,59800
history_page_cold_cpu_cache,412,30,50600,59000,76400,43400,76400
history_page_cold_cpu_cache,413,30,50800,65200,81900,42500,81900
history_page_cold_cpu_cache,414,30,52700,60200,144600,45700,144600
history_page_cold_cpu_cache,415,30,54300,60100,60400,46100,60400
history_page_cold_cpu_cache,416,30,52000,64800,113000,45900,113000
history_page_cold_cpu_cache,417,30,52200,62100,94900,47900,94900
history_page_cold_cpu_cache,418,30,49600,59500,71900,46000,71900
history_page_cold_cpu_cache,419,30,51500,61700,65000,47700,65000
history_page_cold_cpu_cache,420,30,52300,69600,76700,45200,76700
history_page_cold_cpu_cache,421,30,54700,140300,167700,46400,167700
history_page_cold_cpu_cache,422,30,50700,60100,103100,47100,103100
history_page_cold_cpu_cache,423,30,50700,88000,100200,44900,100200
history_page_cold_cpu_cache,424,30,53700,84100,93200,47100,93200
history_page_cold_cpu_cache,425,30,50700,68500,73100,46000,73100
history_page_cold_cpu_cache,426,30,53000,64000,158200,44600,158200
history_page_cold_cpu_cache,427,30,50300,75700,84500,46300,84500
history_page_cold_cpu_cache,428,30,50400,63800,87600,43700,87600
history_page_cold_cpu_cache,429,30,53200,74500,83900,45000,83900
history_page_cold_cpu_cache,430,30,54500,80800,133900,48400,133900
history_page_cold_cpu_cache,431,30,51700,60700,63000,43200,63000
history_page_cold_cpu_cache,432,30,52100,68800,121100,46300,121100
history_page_cold_cpu_cache,433,30,50800,82800,101600,45100,101600
history_page_cold_cpu_cache,434,30,54900,69200,137900,45800,137900
history_page_cold_cpu_cache,435,30,52500,62300,105100,47300,105100
history_page_cold_cpu_cache,436,30,51900,66100,91400,47400,91400
history_page_cold_cpu_cache,437,30,50800,61900,64500,46600,64500
history_page_cold_cpu_cache,438,30,50300,60000,61100,45900,61100
history_page_cold_cpu_cache,439,30,51700,87600,119700,45900,119700
history_page_cold_cpu_cache,440,30,53600,62600,71200,47300,71200
history_page_cold_cpu_cache,441,30,52400,63900,67100,47000,67100
history_page_cold_cpu_cache,442,30,52900,85600,87700,44600,87700
history_page_cold_cpu_cache,443,30,50100,61500,133200,43800,133200
history_page_cold_cpu_cache,444,30,51100,56400,72300,45600,72300
history_page_cold_cpu_cache,445,30,53500,78300,84100,48200,84100
history_page_cold_cpu_cache,446,30,53800,60000,107500,48300,107500
history_page_cold_cpu_cache,447,30,52500,60700,75600,46700,75600
history_page_cold_cpu_cache,448,30,52100,63200,66900,46800,66900
history_page_cold_cpu_cache,449,30,49500,63000,64700,47200,64700
history_page_cold_cpu_cache,450,30,52700,64500,98300,47700,98300
history_page_cold_cpu_cache,451,30,53200,90400,98400,46200,98400
history_page_cold_cpu_cache,452,30,52600,61500,128800,47500,128800
history_page_cold_cpu_cache,453,30,52400,59700,104500,47100,104500
history_page_cold_cpu_cache,454,30,50600,64100,72900,47500,72900
history_page_cold_cpu_cache,455,30,52700,62200,62300,47500,62300
history_page_cold_cpu_cache,456,30,54600,80700,94900,46900,94900
history_page_cold_cpu_cache,457,30,52300,93700,126600,48200,126600
history_page_cold_cpu_cache,458,30,54900,63700,92300,47700,92300
history_page_cold_cpu_cache,459,30,50700,67800,96200,46400,96200
history_page_cold_cpu_cache,460,30,50700,59100,61100,46100,61100
history_page_cold_cpu_cache,461,30,53200,62200,72200,48400,72200
history_page_cold_cpu_cache,462,30,54400,76300,102800,48000,102800
history_page_cold_cpu_cache,463,30,54800,105600,135900,48000,135900
history_page_cold_cpu_cache,464,30,51400,84700,88100,46700,88100
history_page_cold_cpu_cache,465,30,51000,60700,70300,47900,70300
history_page_cold_cpu_cache,466,30,51000,72400,97000,46600,97000
history_page_cold_cpu_cache,467,30,51400,61800,72000,45500,72000
history_page_cold_cpu_cache,468,30,53600,59000,62000,46400,62000
history_page_cold_cpu_cache,469,30,52300,62800,148400,46100,148400
history_page_cold_cpu_cache,470,30,51600,60600,63600,46400,63600
history_page_cold_cpu_cache,471,30,52400,79700,156000,44800,156000
history_page_cold_cpu_cache,472,30,51500,84500,207000,47000,207000
history_page_cold_cpu_cache,473,30,53700,65000,151400,46000,151400
history_page_cold_cpu_cache,474,30,51500,66900,75100,46400,75100
history_page_cold_cpu_cache,475,30,51200,98800,108800,46700,108800
history_page_cold_cpu_cache,476,30,53700,86200,96500,46700,96500
history_page_cold_cpu_cache,477,30,53100,80700,80900,43900,80900
history_page_cold_cpu_cache,478,30,53500,95500,109700,43200,109700
history_page_cold_cpu_cache,479,30,53200,97900,102800,45100,102800
history_page_cold_cpu_cache,480,30,53500,62700,63100,43800,63100
history_page_cold_cpu_cache,481,30,52800,62700,69900,47600,69900
history_page_cold_cpu_cache,482,30,53900,69100,98600,46800,98600
history_page_cold_cpu_cache,483,30,52600,65100,72800,46200,72800
history_page_cold_cpu_cache,484,30,52100,61400,63400,45800,63400
history_page_cold_cpu_cache,485,30,52200,60400,68100,47300,68100
history_page_cold_cpu_cache,486,30,51200,66100,68100,47800,68100
history_page_cold_cpu_cache,487,30,54200,93100,96600,47900,96600
history_page_cold_cpu_cache,488,30,53100,77800,93400,47100,93400
history_page_cold_cpu_cache,489,30,54200,71600,106200,47300,106200
history_page_cold_cpu_cache,490,30,52300,59300,63600,47000,63600
history_page_cold_cpu_cache,491,30,51200,61400,68500,47400,68500
history_page_cold_cpu_cache,492,30,52300,94100,159200,47600,159200
history_page_cold_cpu_cache,493,30,53600,84100,93000,45900,93000
history_page_cold_cpu_cache,494,30,52200,60500,60600,43900,60600
history_page_cold_cpu_cache,495,30,52100,75500,86100,41800,86100
history_page_cold_cpu_cache,496,30,51600,67000,100700,42800,100700
history_page_cold_cpu_cache,497,30,51600,68800,78600,46000,78600
history_page_cold_cpu_cache,498,30,52500,65800,106500,46000,106500
history_page_cold_cpu_cache,499,30,51900,65100,89600,42800,89600
history_page_cold_cpu_cache,500,30,53700,108800,132400,47700,132400
history_page_cold_cpu_cache,501,30,50100,57700,60400,43900,60400
history_page_cold_cpu_cache,502,30,51200,64300,97100,45100,97100
history_page_cold_cpu_cache,503,30,51000,60900,63300,47200,63300
history_page_cold_cpu_cache,504,30,52300,59100,103500,44300,103500
history_page_cold_cpu_cache,505,30,53500,59500,113500,47200,113500
history_page_cold_cpu_cache,506,30,52800,74500,119300,46000,119300
history_page_cold_cpu_cache,507,30,49900,61900,62700,45300,62700
history_page_cold_cpu_cache,508,30,52700,63100,79800,45800,79800
history_page_cold_cpu_cache,509,30,53700,59200,83100,45300,83100
history_page_cold_cpu_cache,510,30,52400,62600,71200,44500,71200
history_page_cold_cpu_cache,511,30,50600,90000,123800,47400,123800
history_page_cold_cpu_cache,512,30,50700,62800,64800,44200,64800
history_page_cold_cpu_cache,513,30,55200,94300,139700,46800,139700
history_page_cold_cpu_cache,514,30,51600,89200,96800,46100,96800
history_page_cold_cpu_cache,515,30,51900,61500,75200,45900,75200
history_page_cold_cpu_cache,516,30,53900,60300,63000,47600,63000
history_page_cold_cpu_cache,517,30,52100,69600,78300,47700,78300
history_page_cold_cpu_cache,518,30,51500,64000,88300,45700,88300
history_page_cold_cpu_cache,519,30,56100,92100,92100,48100,92100
history_page_cold_cpu_cache,520,30,53600,86700,95100,46400,95100
history_page_cold_cpu_cache,521,30,52800,62600,196400,45900,196400
history_page_cold_cpu_cache,522,30,53800,62300,72500,48500,72500
history_page_cold_cpu_cache,523,30,51400,60600,61100,47100,61100
history_page_cold_cpu_cache,524,30,53700,76600,123100,45100,123100
history_page_cold_cpu_cache,525,30,52100,63100,72800,46000,72800
history_page_cold_cpu_cache,526,30,53800,59500,133400,43900,133400
history_page_cold_cpu_cache,527,30,54900,96100,99400,44100,99400
history_page_cold_cpu_cache,528,30,52100,64000,89200,44000,89200
history_page_cold_cpu_cache,529,30,53000,101100,138200,46600,138200
history_page_cold_cpu_cache,530,30,52000,64400,97800,47700,97800
history_page_cold_cpu_cache,531,30,52300,71100,80200,47300,80200
history_page_cold_cpu_cache,532,30,54000,72500,77000,47600,77000
history_page_cold_cpu_cache,533,30,51200,59400,59800,45700,59800
history_page_cold_cpu_cache,534,30,52700,61100,69800,48000,69800
history_page_cold_cpu_cache,535,30,53200,89000,91400,48500,91400
history_page_cold_cpu_cache,536,30,52800,69900,147800,46900,147800
history_page_cold_cpu_cache,537,30,52100,76800,104800,47500,104800
history_page_cold_cpu_cache,538,30,52300,93000,117100,46000,117100
history_page_cold_cpu_cache,539,30,51400,80100,101000,45500,101000
history_page_cold_cpu_cache,540,30,54100,102000,161300,45800,161300
history_page_cold_cpu_cache,541,30,50400,60400,62700,45800,62700
history_page_cold_cpu_cache,542,30,52200,61000,62300,46200,62300
history_page_cold_cpu_cache,543,30,52300,61800,75700,47600,75700
history_page_cold_cpu_cache,544,30,52900,61400,86500,46700,86500
history_page_cold_cpu_cache,545,30,53600,155400,358700,46900,358700
history_page_cold_cpu_cache,546,30,54100,70100,96600,48800,96600
history_page_cold_cpu_cache,547,30,51100,57100,60900,47700,60900
history_page_cold_cpu_cache,548,30,51900,57300,69600,46400,69600
history_page_cold_cpu_cache,549,30,51300,61900,69400,42600,69400
history_page_cold_cpu_cache,550,30,52100,110200,141900,43200,141900
history_page_cold_cpu_cache,551,30,52700,62000,118000,46700,118000
history_page_cold_cpu_cache,552,30,50600,67000,94600,45400,94600
history_page_cold_cpu_cache,553,30,51300,58900,60800,47400,60800
history_page_cold_cpu_cache,554,30,55000,71400,75200,45700,75200
history_page_cold_cpu_cache,555,30,52800,71800,157300,45500,157300
history_page_cold_cpu_cache,556,30,53800,65500,101000,46600,101000
history_page_cold_cpu_cache,557,30,51300,56300,59300,42100,59300
history_page_cold_cpu_cache,558,30,51100,67800,72700,42400,72700
history_page_cold_cpu_cache,559,30,51200,59300,59600,44000,59600
history_page_cold_cpu_cache,560,30,52100,60600,79900,46300,79900
history_page_cold_cpu_cache,561,30,51300,62900,83500,46000,83500
history_page_cold_cpu_cache,562,30,53900,69500,72100,46600,72100
history_page_cold_cpu_cache,563,30,53000,61000,73900,46700,73900
history_page_cold_cpu_cache,564,30,50700,132400,143400,46300,143400
history_page_cold_cpu_cache,565,30,51600,59700,76400,46600,76400
history_page_cold_cpu_cache,566,30,52900,70600,86000,47600,86000
history_page_cold_cpu_cache,567,30,51400,59800,61100,46800,61100
history_page_cold_cpu_cache,568,30,52700,76800,80300,46200,80300
history_page_cold_cpu_cache,569,30,53200,76100,77300,46600,77300
history_page_cold_cpu_cache,570,30,53700,65700,106200,48400,106200
history_page_cold_cpu_cache,571,30,53200,95200,133200,47400,133200
history_page_cold_cpu_cache,572,30,53100,61400,70500,47800,70500
history_page_cold_cpu_cache,573,30,51900,60600,61000,46500,61000
history_page_cold_cpu_cache,574,30,53200,60100,63300,42600,63300
history_page_cold_cpu_cache,575,30,53500,100400,298100,42500,298100
history_page_cold_cpu_cache,576,30,51600,64900,66500,44400,66500
history_page_cold_cpu_cache,577,30,53100,93900,304800,45100,304800
history_page_cold_cpu_cache,578,30,51100,71900,86100,48100,86100
history_page_cold_cpu_cache,579,30,54600,70500,87200,46200,87200
history_page_cold_cpu_cache,580,30,53000,74800,149700,47500,149700
history_page_cold_cpu_cache,581,30,52000,60200,60700,47200,60700
history_page_cold_cpu_cache,582,30,52900,164900,208700,46900,208700
history_page_cold_cpu_cache,583,30,54400,72700,85700,49500,85700
history_page_cold_cpu_cache,584,30,52100,64700,80800,46200,80800
history_page_cold_cpu_cache,585,30,52600,62100,62800,46600,62800
history_page_cold_cpu_cache,586,30,51600,65300,155500,47000,155500
history_page_cold_cpu_cache,587,30,52700,71600,96500,47400,96500
history_page_cold_cpu_cache,588,30,53700,85000,111500,47000,111500
history_page_cold_cpu_cache,589,30,52700,68100,95900,46000,95900
history_page_cold_cpu_cache,590,30,53100,72200,133600,46600,133600
history_page_cold_cpu_cache,591,30,53900,70500,162800,42400,162800
history_page_cold_cpu_cache,592,30,51300,57200,57500,42600,57500
history_page_cold_cpu_cache,593,30,54500,72600,145400,43500,145400
history_page_cold_cpu_cache,594,30,52800,59000,106600,46500,106600
history_page_cold_cpu_cache,595,30,52900,81000,107700,45400,107700
history_page_cold_cpu_cache,596,30,51200,72900,90400,45700,90400
history_page_cold_cpu_cache,597,30,51400,58900,59300,43800,59300
history_page_cold_cpu_cache,598,30,51300,84700,124200,44100,124200
history_page_cold_cpu_cache,599,30,53300,59500,64500,45400,64500
history_page_cold_cpu_cache,600,30,51300,80200,81900,44700,81900
history_page_cold_cpu_cache,601,30,54200,114400,125200,46100,125200
history_page_cold_cpu_cache,602,30,53000,63800,67700,46800,67700
history_page_cold_cpu_cache,603,30,50600,57000,58100,46500,58100
history_page_cold_cpu_cache,604,30,51500,60900,107700,46200,107700
history_page_cold_cpu_cache,605,30,52300,59200,63300,48200,63300
history_page_cold_cpu_cache,606,30,53800,63900,68100,48200,68100
history_page_cold_cpu_cache,607,30,51900,63900,121000,46900,121000
history_page_cold_cpu_cache,608,30,53100,60700,67200,42200,67200
history_page_cold_cpu_cache,609,30,55200,63600,71700,42700,71700
history_page_cold_cpu_cache,610,30,53700,108800,260000,43400,260000
history_page_cold_cpu_cache,611,30,52700,63000,64400,48400,64400
history_page_cold_cpu_cache,612,30,52700,59200,60200,48300,60200
history_page_cold_cpu_cache,613,30,51800,59800,79200,47200,79200
history_page_cold_cpu_cache,614,30,53500,62000,82700,47000,82700
history_page_cold_cpu_cache,615,30,53800,61000,68000,46600,68000
history_page_cold_cpu_cache,616,30,53100,107000,119900,47400,119900
history_page_cold_cpu_cache,617,30,52700,60900,72900,48700,72900
history_page_cold_cpu_cache,618,30,51700,62400,69100,47400,69100
history_page_cold_cpu_cache,619,30,54000,67600,86500,45800,86500
history_page_cold_cpu_cache,620,30,51600,61800,86100,45900,86100
history_page_cold_cpu_cache,621,30,54000,67900,70900,45000,70900
history_page_cold_cpu_cache,622,30,53900,93500,149800,47800,149800
history_page_cold_cpu_cache,623,30,52000,86200,145700,45900,145700
history_page_cold_cpu_cache,624,30,51600,59600,62300,45600,62300
history_page_cold_cpu_cache,625,30,52800,85600,140000,44000,140000
history_page_cold_cpu_cache,626,30,52800,70400,71500,46800,71500
history_page_cold_cpu_cache,627,30,53100,67800,72600,42800,72600
history_page_cold_cpu_cache,628,30,51700,69100,87700,43000,87700
history_page_cold_cpu_cache,629,30,50800,59100,75800,43800,75800
history_page_cold_cpu_cache,630,30,53000,64200,75700,45500,75700
history_page_cold_cpu_cache,631,30,54500,60800,71500,49000,71500
history_page_cold_cpu_cache,632,30,51500,63400,146200,46200,146200
history_page_cold_cpu_cache,633,30,52600,87300,110200,47200,110200
history_page_cold_cpu_cache,634,30,50700,79600,93300,46300,93300
history_page_cold_cpu_cache,635,30,52100,76400,130300,43700,130300
history_page_cold_cpu_cache,636,30,54100,199600,223100,47400,223100
history_page_cold_cpu_cache,637,30,54500,62100,69600,47600,69600
history_page_cold_cpu_cache,638,30,51300,65100,68200,45700,68200
history_page_cold_cpu_cache,639,30,51600,61400,67300,43700,67300
history_page_cold_cpu_cache,640,30,54700,131400,164300,44100,164300
history_page_cold_cpu_cache,641,30,53900,64100,105200,46000,105200
history_page_cold_cpu_cache,642,30,53400,107200,144600,46800,144600
history_page_cold_cpu_cache,643,30,51900,73100,131800,46600,131800
history_page_cold_cpu_cache,644,30,50800,62400,74300,46400,74300
history_page_cold_cpu_cache,645,30,52200,67800,71500,45400,71500
history_page_cold_cpu_cache,646,30,54600,63500,65200,44600,65200
history_page_cold_cpu_cache,647,30,55200,88000,146000,45200,146000
history_page_cold_cpu_cache,648,30,51100,59900,82500,46400,82500
history_page_cold_cpu_cache,649,30,52300,85100,94500,47300,94500
history_page_cold_cpu_cache,650,30,51900,100800,104400,47300,104400
history_page_cold_cpu_cache,651,30,54800,59500,59900,45700,59900
history_page_cold_cpu_cache,652,30,53500,65300,66600,43700,66600
history_page_cold_cpu_cache,653,30,51300,64200,106600,45000,106600
history_page_cold_cpu_cache,654,30,51300,96100,277500,45500,277500
history_page_cold_cpu_cache,655,30,51800,59700,68300,44900,68300
history_page_cold_cpu_cache,656,30,54500,88300,97500,47200,97500
history_page_cold_cpu_cache,657,30,54200,59100,60800,44900,60800
history_page_cold_cpu_cache,658,30,51800,62700,83200,45200,83200
history_page_cold_cpu_cache,659,30,52600,77100,84300,45100,84300
history_page_cold_cpu_cache,660,30,51100,76600,97300,44300,97300
history_page_cold_cpu_cache,661,30,51400,85700,98400,42600,98400
history_page_cold_cpu_cache,662,30,56200,59000,80500,42500,80500
history_page_cold_cpu_cache,663,30,52900,58100,61000,42900,61000
history_page_cold_cpu_cache,664,30,51900,59300,61000,48100,61000
history_page_cold_cpu_cache,665,30,50800,59300,59900,47800,59900
history_page_cold_cpu_cache,666,30,50100,74100,97400,46700,97400
history_page_cold_cpu_cache,667,30,52100,147500,197900,45100,197900
history_page_cold_cpu_cache,668,30,53300,92900,147000,46000,147000
history_page_cold_cpu_cache,669,30,51900,58000,58400,45100,58400
history_page_cold_cpu_cache,670,30,50700,75200,79600,43100,79600
history_page_cold_cpu_cache,671,30,51200,60800,98600,44300,98600
history_page_cold_cpu_cache,672,30,53000,59600,62700,43700,62700
history_page_cold_cpu_cache,673,30,51700,86200,95300,46700,95300
history_page_cold_cpu_cache,674,30,52800,61800,81700,47200,81700
history_page_cold_cpu_cache,675,30,53200,61200,99600,45800,99600
history_page_cold_cpu_cache,676,30,53800,83200,83300,45600,83300
history_page_cold_cpu_cache,677,30,51700,58900,81600,46100,81600
history_page_cold_cpu_cache,678,30,54200,65500,105400,47700,105400
history_page_cold_cpu_cache,679,30,51400,59500,64800,47100,64800
history_page_cold_cpu_cache,680,30,51800,89300,184100,47900,184100
history_page_cold_cpu_cache,681,30,52000,60100,63900,47100,63900
history_page_cold_cpu_cache,682,30,51700,70000,87900,47600,87900
history_page_cold_cpu_cache,683,30,54400,93000,143300,47600,143300
history_page_cold_cpu_cache,684,30,54000,90800,146700,48200,146700
history_page_cold_cpu_cache,685,30,51500,82400,94600,47400,94600
history_page_cold_cpu_cache,686,30,51000,66300,166000,44000,166000
history_page_cold_cpu_cache,687,30,52700,63700,67300,44300,67300
history_page_cold_cpu_cache,688,30,52600,89500,112600,43200,112600
history_page_cold_cpu_cache,689,30,54500,98100,113700,44800,113700
history_page_cold_cpu_cache,690,30,51800,72700,78600,44400,78600
history_page_cold_cpu_cache,691,30,51000,60000,61200,48200,61200
history_page_cold_cpu_cache,692,30,52000,69000,92100,47100,92100
history_page_cold_cpu_cache,693,30,52400,96900,102600,47000,102600
history_page_cold_cpu_cache,694,30,54200,98300,131800,47100,131800
history_page_cold_cpu_cache,695,30,52500,83300,129700,45200,129700
history_page_cold_cpu_cache,696,30,50900,69100,76200,45300,76200
history_page_cold_cpu_cache,697,30,51900,61300,67200,46200,67200
history_page_cold_cpu_cache,698,30,51900,62600,93900,46100,93900
history_page_cold_cpu_cache,699,30,53600,59800,62000,46700,62000
history_page_cold_cpu_cache,700,30,52300,62000,62100,46600,62100
history_page_cold_cpu_cache,701,30,53700,60100,63500,47100,63500
history_page_cold_cpu_cache,702,30,51100,64000,65300,47100,65300
history_page_cold_cpu_cache,703,30,51900,68100,155600,46500,155600
history_page_cold_cpu_cache,704,30,54900,61500,129600,47300,129600
history_page_cold_cpu_cache,705,30,52200,65700,78300,45500,78300
history_page_cold_cpu_cache,706,30,53100,77900,171400,46700,171400
history_page_cold_cpu_cache,707,30,51400,76500,86500,46100,86500
history_page_cold_cpu_cache,708,30,51400,63100,116100,45600,116100
history_page_cold_cpu_cache,709,30,54700,64600,118800,47400,118800
history_page_cold_cpu_cache,710,30,54000,61100,137300,47100,137300
history_page_cold_cpu_cache,711,30,51000,65400,91400,43700,91400
history_page_cold_cpu_cache,712,30,51000,59100,63300,46400,63300
history_page_cold_cpu_cache,713,30,52800,65900,76500,46100,76500
history_page_cold_cpu_cache,714,30,52700,59100,87100,45700,87100
history_page_cold_cpu_cache,715,30,52500,58700,61300,47100,61300
history_page_cold_cpu_cache,716,30,51200,60700,76400,47300,76400
history_page_cold_cpu_cache,717,30,53500,85000,85000,45400,85000
history_page_cold_cpu_cache,718,30,51000,59800,145600,42700,145600
history_page_cold_cpu_cache,719,30,50200,75200,91200,46200,91200
history_page_cold_cpu_cache,720,30,53000,72700,93400,46600,93400
history_page_cold_cpu_cache,721,30,52600,101100,109000,47000,109000
history_page_cold_cpu_cache,722,30,51500,72500,83700,46800,83700
history_page_cold_cpu_cache,723,30,51700,72600,86500,45800,86500
history_page_cold_cpu_cache,724,30,51000,57500,160300,45900,160300
history_page_cold_cpu_cache,725,30,52900,89000,164600,46900,164600
history_page_cold_cpu_cache,726,30,55200,62400,74800,47600,74800
history_page_cold_cpu_cache,727,30,52100,65800,102700,46200,102700
history_page_cold_cpu_cache,728,30,50600,58200,155300,46900,155300
history_page_cold_cpu_cache,729,30,50400,58000,198100,45000,198100
history_page_cold_cpu_cache,730,30,51800,69700,69800,44300,69800
history_page_cold_cpu_cache,731,30,55300,79300,96700,48600,96700
history_page_cold_cpu_cache,732,30,52700,72900,96600,46800,96600
history_page_cold_cpu_cache,733,30,50400,63800,138800,45000,138800
history_page_cold_cpu_cache,734,30,50100,66600,114100,44900,114100
history_page_cold_cpu_cache,735,30,52000,68500,119100,44300,119100
history_page_cold_cpu_cache,736,30,53300,58300,61700,43500,61700
history_page_cold_cpu_cache,737,30,53400,60700,68900,46000,68900
history_page_cold_cpu_cache,738,30,52400,60700,62300,44600,62300
history_page_cold_cpu_cache,739,30,50100,56900,60100,43300,60100
history_page_cold_cpu_cache,740,30,50800,61000,68500,46300,68500
history_page_cold_cpu_cache,741,30,54500,59600,60000,48200,60000
history_page_cold_cpu_cache,742,30,54100,68400,80300,48900,80300
history_page_cold_cpu_cache,743,30,53800,71000,92600,45700,92600
history_page_cold_cpu_cache,744,30,51100,75300,86100,46500,86100
history_page_cold_cpu_cache,745,30,51600,71600,75100,47100,75100
history_page_cold_cpu_cache,746,30,53400,70100,76100,47800,76100
history_page_cold_cpu_cache,747,30,54200,74100,122000,48000,122000
history_page_cold_cpu_cache,748,30,52800,63300,68200,47400,68200
history_page_cold_cpu_cache,749,30,50700,60100,60500,43100,60500
history_page_cold_cpu_cache,750,30,53300,60300,60500,44500,60500
history_page_cold_cpu_cache,751,30,52600,87700,103700,45100,103700
history_page_cold_cpu_cache,752,30,52800,183100,285100,48200,285100
history_page_cold_cpu_cache,753,30,54000,67800,68300,46500,68300
history_page_cold_cpu_cache,754,30,52600,68200,181400,45400,181400
history_page_cold_cpu_cache,755,30,53200,96600,150700,45600,150700
history_page_cold_cpu_cache,756,30,53400,108400,123800,45100,123800
history_page_cold_cpu_cache,757,30,52300,62800,97300,45600,97300
history_page_cold_cpu_cache,758,30,53800,79000,148200,45200,148200
history_page_cold_cpu_cache,759,30,51400,61100,62000,46200,62000
history_page_cold_cpu_cache,760,30,52200,70900,97600,45300,97600
history_page_cold_cpu_cache,761,30,50200,60500,61400,44900,61400
history_page_cold_cpu_cache,762,30,52000,73100,81500,47100,81500
history_page_cold_cpu_cache,763,30,52800,77900,128400,46100,128400
history_page_cold_cpu_cache,764,30,52400,62200,73000,47400,73000
history_page_cold_cpu_cache,765,30,53100,60900,62500,46700,62500
history_page_cold_cpu_cache,766,30,51200,62400,183400,45700,183400
history_page_cold_cpu_cache,767,30,51600,87000,153800,45200,153800
history_page_cold_cpu_cache,768,30,53000,143200,185800,47000,185800
history_page_cold_cpu_cache,769,30,53200,63200,120100,48000,120100
history_page_cold_cpu_cache,770,30,54300,91500,98300,46900,98300
history_page_cold_cpu_cache,771,30,51100,63200,63600,43400,63600
history_page_cold_cpu_cache,772,30,51900,62400,151500,46300,151500
history_page_cold_cpu_cache,773,30,51600,68400,89600,47500,89600
history_page_cold_cpu_cache,774,30,56100,81900,92900,47100,92900
history_page_cold_cpu_cache,775,30,52000,63900,68300,46300,68300
history_page_cold_cpu_cache,776,30,50600,61900,104100,46200,104100
history_page_cold_cpu_cache,777,30,51600,63400,99400,47600,99400
history_page_cold_cpu_cache,778,30,53400,83600,87000,48200,87000
history_page_cold_cpu_cache,779,30,55100,72800,118800,48100,118800
history_page_cold_cpu_cache,780,30,52500,71800,111600,44300,111600
history_page_cold_cpu_cache,781,30,51500,65100,69500,44000,69500
history_page_cold_cpu_cache,782,30,50700,102200,151100,46100,151100
history_page_cold_cpu_cache,783,30,51200,129000,191000,44300,191000
history_page_cold_cpu_cache,784,30,53700,60900,61900,46800,61900
history_page_cold_cpu_cache,785,30,51000,62700,113700,42500,113700
history_page_cold_cpu_cache,786,30,50700,66400,89200,41700,89200
history_page_cold_cpu_cache,787,30,50500,58000,163500,42300,163500
history_page_cold_cpu_cache,788,30,51800,85900,131800,48200,131800
history_page_cold_cpu_cache,789,30,55200,75200,102500,46400,102500
history_page_cold_cpu_cache,790,30,53400,60500,64200,46400,64200
history_page_cold_cpu_cache,791,30,52900,62300,88300,44800,88300
history_page_cold_cpu_cache,792,30,51400,60800,72900,45000,72900
history_page_cold_cpu_cache,793,30,53200,89100,91600,47800,91600
history_page_cold_cpu_cache,794,30,55500,74300,80900,48500,80900
history_page_cold_cpu_cache,795,30,52800,61000,61800,47500,61800
history_page_cold_cpu_cache,796,30,53900,62500,70000,46200,70000
history_page_cold_cpu_cache,797,30,51200,60500,94700,45500,94700
history_page_cold_cpu_cache,798,30,51800,59000,122300,47700,122300
history_page_cold_cpu_cache,799,30,52900,102000,115100,47200,115100
history_page_cold_cpu_cache,800,30,54000,81600,122500,46000,122500
history_page_cold_cpu_cache,801,30,51600,60100,61800,44800,61800
history_page_cold_cpu_cache,802,30,52200,100300,142200,47000,142200
history_page_cold_cpu_cache,803,30,50900,64400,110400,46600,110400
history_page_cold_cpu_cache,804,30,51000,58400,59900,47500,59900
history_page_cold_cpu_cache,805,30,50800,95300,179500,45400,179500
history_page_cold_cpu_cache,806,30,51000,63200,66700,47400,66700
history_page_cold_cpu_cache,807,30,50700,76400,86600,46200,86600
history_page_cold_cpu_cache,808,30,52600,71600,126900,44500,126900
history_page_cold_cpu_cache,809,30,50300,56500,57000,47300,57000
history_page_cold_cpu_cache,810,30,49700,63300,65500,46000,65500
history_page_cold_cpu_cache,811,30,53100,85700,85800,44600,85800
history_page_cold_cpu_cache,812,30,52300,85800,148000,45500,148000
history_page_cold_cpu_cache,813,30,51100,58600,61900,45000,61900
history_page_cold_cpu_cache,814,30,52500,57000,63800,46900,63800
history_page_cold_cpu_cache,815,30,51400,83400,117900,45700,117900
history_page_cold_cpu_cache,816,30,51600,68600,87800,44200,87800
history_page_cold_cpu_cache,817,30,54100,80700,84600,48100,84600
history_page_cold_cpu_cache,818,30,54300,71300,93700,46900,93700
history_page_cold_cpu_cache,819,30,52000,64800,69600,48200,69600
history_page_cold_cpu_cache,820,30,53500,76100,97300,48200,97300
history_page_cold_cpu_cache,821,30,54900,65600,69200,48100,69200
history_page_cold_cpu_cache,822,30,53700,71200,72000,48000,72000
history_page_cold_cpu_cache,823,30,53100,60800,71000,47800,71000
history_page_cold_cpu_cache,824,30,52100,69300,106200,47700,106200
history_page_cold_cpu_cache,825,30,53800,61700,61800,47500,61800
history_page_cold_cpu_cache,826,30,51700,89200,92400,45400,92400
history_page_cold_cpu_cache,827,30,53600,58500,59300,47000,59300
history_page_cold_cpu_cache,828,30,52400,107200,190400,47200,190400
history_page_cold_cpu_cache,829,30,52000,59100,132500,45400,132500
history_page_cold_cpu_cache,830,30,50700,85300,182400,46700,182400
history_page_cold_cpu_cache,831,30,51400,59200,62800,48300,62800
history_page_cold_cpu_cache,832,30,54400,63700,169400,42400,169400
history_page_cold_cpu_cache,833,30,52000,59500,62600,45000,62600
history_page_cold_cpu_cache,834,30,53300,61000,169300,43100,169300
history_page_cold_cpu_cache,835,30,51200,60400,60600,45400,60600
history_page_cold_cpu_cache,836,30,54100,58600,60000,47100,60000
history_page_cold_cpu_cache,837,30,53400,114000,509700,47000,509700
history_page_cold_cpu_cache,838,30,51800,62500,81900,45800,81900
history_page_cold_cpu_cache,839,30,52400,67700,73800,45100,73800
history_page_cold_cpu_cache,840,30,50900,57400,58600,45700,58600
history_page_cold_cpu_cache,841,30,50200,58900,59200,46400,59200
history_page_cold_cpu_cache,842,30,53300,87900,111100,47700,111100
history_page_cold_cpu_cache,843,30,51600,82300,89900,45700,89900
history_page_cold_cpu_cache,844,30,52600,84500,92000,43900,92000
history_page_cold_cpu_cache,845,30,52300,57300,132600,45300,132600
history_page_cold_cpu_cache,846,30,51400,59200,70400,44800,70400
history_page_cold_cpu_cache,847,30,53300,101200,168600,46500,168600
history_page_cold_cpu_cache,848,30,52000,78400,204800,46200,204800
history_page_cold_cpu_cache,849,30,50600,58000,143500,47100,143500
history_page_cold_cpu_cache,850,30,51000,81700,159500,47300,159500
history_page_cold_cpu_cache,851,30,52700,62400,70000,45900,70000
history_page_cold_cpu_cache,852,30,51300,59300,89900,45800,89900
history_page_cold_cpu_cache,853,30,52300,67200,74200,47100,74200
history_page_cold_cpu_cache,854,30,54400,78300,145400,46800,145400
history_page_cold_cpu_cache,855,30,51200,75200,152100,48200,152100
history_page_cold_cpu_cache,856,30,50900,68600,70900,46400,70900
history_page_cold_cpu_cache,857,30,52100,63700,74000,47600,74000
history_page_cold_cpu_cache,858,30,53800,74300,97800,46300,97800
history_page_cold_cpu_cache,859,30,53900,60900,61300,46000,61300
history_page_cold_cpu_cache,860,30,53300,56700,75600,46400,75600
history_page_cold_cpu_cache,861,30,52100,59800,118300,45800,118300
history_page_cold_cpu_cache,862,30,51900,74200,121300,45400,121300
history_page_cold_cpu_cache,863,30,52500,62400,62600,47700,62600
history_page_cold_cpu_cache,864,30,53900,62000,81800,47400,81800
history_page_cold_cpu_cache,865,30,52400,62700,62800,45100,62800
history_page_cold_cpu_cache,866,30,52100,60200,62200,47700,62200
history_page_cold_cpu_cache,867,30,51600,64700,99400,47800,99400
history_page_cold_cpu_cache,868,30,54300,71900,72900,47600,72900
history_page_cold_cpu_cache,869,30,54900,61600,62200,48700,62200
history_page_cold_cpu_cache,870,30,54000,60100,80000,48900,80000
history_page_cold_cpu_cache,871,30,50500,66900,70700,47800,70700
history_page_cold_cpu_cache,872,30,51400,61900,102500,49100,102500
history_page_cold_cpu_cache,873,30,55100,63900,68500,48500,68500
history_page_cold_cpu_cache,874,30,55700,88200,93400,48800,93400
history_page_cold_cpu_cache,875,30,54100,71500,71600,49300,71600
history_page_cold_cpu_cache,876,30,52600,66200,72400,48600,72400
history_page_cold_cpu_cache,877,30,51600,84500,115100,45200,115100
history_page_cold_cpu_cache,878,30,51200,62900,154100,46300,154100
history_page_cold_cpu_cache,879,30,50900,59300,60100,45300,60100
history_page_cold_cpu_cache,880,30,52800,102700,130400,44400,130400
history_page_cold_cpu_cache,881,30,51300,61400,99100,43600,99100
history_page_cold_cpu_cache,882,30,52800,88800,148300,46100,148300
history_page_cold_cpu_cache,883,30,53400,109900,131800,43900,131800
history_page_cold_cpu_cache,884,30,52500,99300,165000,46700,165000
history_page_cold_cpu_cache,885,30,53700,121000,144500,47600,144500
history_page_cold_cpu_cache,886,30,51600,69700,87400,45400,87400
history_page_cold_cpu_cache,887,30,50400,58200,85500,45000,85500
history_page_cold_cpu_cache,888,30,51200,85600,95000,46100,95000
history_page_cold_cpu_cache,889,30,53700,58200,102000,45300,102000
history_page_cold_cpu_cache,890,30,53100,90100,92500,47900,92500
history_page_cold_cpu_cache,891,30,54800,74700,91000,47900,91000
history_page_cold_cpu_cache,892,30,51800,61500,61600,45300,61600
history_page_cold_cpu_cache,893,30,53100,68700,70100,46100,70100
history_page_cold_cpu_cache,894,30,53700,70600,83500,46100,83500
history_page_cold_cpu_cache,895,30,52500,76400,91000,46500,91000
history_page_cold_cpu_cache,896,30,53100,73300,101200,45400,101200
history_page_cold_cpu_cache,897,30,53100,65200,97600,44400,97600
history_page_cold_cpu_cache,898,30,52900,63000,69200,46100,69200
history_page_cold_cpu_cache,899,30,52800,61300,99700,47100,99700
history_page_cold_cpu_cache,900,30,56200,68700,70700,48300,70700
history_page_cold_cpu_cache,901,30,53500,63800,70500,47500,70500
history_page_cold_cpu_cache,902,30,51900,62600,75400,48000,75400
history_page_cold_cpu_cache,903,30,51400,62900,65500,46900,65500
history_page_cold_cpu_cache,904,30,51300,61600,64900,46800,64900
history_page_cold_cpu_cache,905,30,54000,59500,62000,47100,62000
history_page_cold_cpu_cache,906,30,51800,63900,84900,47800,84900
history_page_cold_cpu_cache,907,30,53000,71000,76400,47300,76400
history_page_cold_cpu_cache,908,30,50600,61400,70400,46400,70400
history_page_cold_cpu_cache,909,30,51600,63400,86500,47600,86500
history_page_cold_cpu_cache,910,30,54700,60800,68900,46900,68900
history_page_cold_cpu_cache,911,30,54200,60500,66000,48300,66000
history_page_cold_cpu_cache,912,30,52800,126600,184900,47600,184900
history_page_cold_cpu_cache,913,30,51800,65300,98300,43900,98300
history_page_cold_cpu_cache,914,30,51300,61600,62400,46500,62400
history_page_cold_cpu_cache,915,30,54800,85200,117500,45100,117500
history_page_cold_cpu_cache,916,30,52400,63100,77300,44300,77300
history_page_cold_cpu_cache,917,30,52600,70800,137000,47800,137000
history_page_cold_cpu_cache,918,30,51700,60600,62500,47700,62500
history_page_cold_cpu_cache,919,30,51200,77400,90800,46100,90800
history_page_cold_cpu_cache,920,30,53600,68100,109500,46100,109500
history_page_cold_cpu_cache,921,30,54500,61900,78200,45300,78200
history_page_cold_cpu_cache,922,30,53200,63200,70900,46600,70900
history_page_cold_cpu_cache,923,30,52200,62000,64600,47200,64600
history_page_cold_cpu_cache,924,30,53100,70100,94500,46200,94500
history_page_cold_cpu_cache,925,30,51100,61200,64000,47100,64000
history_page_cold_cpu_cache,926,30,54000,68200,84300,46700,84300
history_page_cold_cpu_cache,927,30,54600,96300,106800,48100,106800
history_page_cold_cpu_cache,928,30,52500,69900,74700,46900,74700
history_page_cold_cpu_cache,929,30,52100,64600,67800,44500,67800
history_page_cold_cpu_cache,930,30,52800,72600,179800,45800,179800
history_page_cold_cpu_cache,931,30,53500,60600,77500,45200,77500
history_page_cold_cpu_cache,932,30,51700,81000,85700,48700,85700
history_page_cold_cpu_cache,933,30,51800,61100,78000,49200,78000
history_page_cold_cpu_cache,934,30,52500,59900,80300,46600,80300
history_page_cold_cpu_cache,935,30,51300,85300,494800,48500,494800
history_page_cold_cpu_cache,936,30,53900,72500,79800,45600,79800
history_page_cold_cpu_cache,937,30,51800,62900,63600,46000,63600
history_page_cold_cpu_cache,938,30,53300,63300,112700,48100,112700
history_page_cold_cpu_cache,939,30,51500,68900,73800,44400,73800
history_page_cold_cpu_cache,940,30,52300,69200,95600,48500,95600
history_page_cold_cpu_cache,941,30,54600,66000,93500,47900,93500
history_page_cold_cpu_cache,942,30,53100,60100,62600,48500,62600
history_page_cold_cpu_cache,943,30,52100,62100,100300,47600,100300
history_page_cold_cpu_cache,944,30,52600,92200,104300,46500,104300
history_page_cold_cpu_cache,945,30,53000,92500,160100,46500,160100
history_page_cold_cpu_cache,946,30,55700,68500,75300,45400,75300
history_page_cold_cpu_cache,947,30,53900,115000,154700,45100,154700
history_page_cold_cpu_cache,948,30,52000,60800,65900,46300,65900
history_page_cold_cpu_cache,949,30,52300,66700,90400,46200,90400
history_page_cold_cpu_cache,950,30,52700,60200,60800,43500,60800
history_page_cold_cpu_cache,951,30,53500,73300,91000,43500,91000
history_page_cold_cpu_cache,952,30,52200,59100,60800,48500,60800
history_page_cold_cpu_cache,953,30,54200,61100,61900,47300,61900
history_page_cold_cpu_cache,954,30,53900,102200,104300,47700,104300
history_page_cold_cpu_cache,955,30,51800,58500,118500,47200,118500
history_page_cold_cpu_cache,956,30,52900,69500,73900,46800,73900
history_page_cold_cpu_cache,957,30,53900,69800,84300,49100,84300
history_page_cold_cpu_cache,958,30,52200,63900,79100,47300,79100
history_page_cold_cpu_cache,959,30,50800,58300,104900,46200,104900
history_page_cold_cpu_cache,960,30,51000,57100,70800,46700,70800
history_page_cold_cpu_cache,961,30,52500,59300,60400,46000,60400
history_page_cold_cpu_cache,962,30,53700,68800,69900,47300,69900
history_page_cold_cpu_cache,963,30,52800,82400,169700,44800,169700
history_page_cold_cpu_cache,964,30,52300,69500,73700,47000,73700
history_page_cold_cpu_cache,965,30,53900,85000,112200,48300,112200
history_page_cold_cpu_cache,966,30,52500,65000,78400,46400,78400
history_page_cold_cpu_cache,967,30,54500,66600,124200,45900,124200
history_page_cold_cpu_cache,968,30,52900,61600,77900,47000,77900
history_page_cold_cpu_cache,969,30,51100,61500,138800,45400,138800
history_page_cold_cpu_cache,970,30,51800,75000,96600,47600,96600
history_page_cold_cpu_cache,971,30,52400,76500,120400,47300,120400
history_page_cold_cpu_cache,972,30,53700,80800,82700,46700,82700
history_page_cold_cpu_cache,973,30,54000,82600,105000,48000,105000
history_page_cold_cpu_cache,974,30,53600,63800,104000,46000,104000
history_page_cold_cpu_cache,975,30,51700,64900,162800,46600,162800
history_page_cold_cpu_cache,976,30,51900,58800,60400,47000,60400
history_page_cold_cpu_cache,977,30,54000,60800,64400,46000,64400
history_page_cold_cpu_cache,978,30,53600,90800,120500,45700,120500
history_page_cold_cpu_cache,979,30,52600,60200,74400,46300,74400
history_page_cold_cpu_cache,980,30,51400,63100,85000,48200,85000
history_page_cold_cpu_cache,981,30,52600,64800,66400,47900,66400
history_page_cold_cpu_cache,982,30,53800,81500,88900,47000,88900
history_page_cold_cpu_cache,983,30,53000,58800,84600,45200,84600
history_page_cold_cpu_cache,984,30,52000,58600,59800,46600,59800
history_page_cold_cpu_cache,985,30,52500,68500,79400,46900,79400
history_page_cold_cpu_cache,986,30,53400,59600,82900,46700,82900
history_page_cold_cpu_cache,987,30,52700,58500,62300,47800,62300
history_page_cold_cpu_cache,988,30,52600,66300,122400,46700,122400
history_page_cold_cpu_cache,989,30,52400,72200,82200,46200,82200
history_page_cold_cpu_cache,990,30,51700,61000,64700,44700,64700
history_page_cold_cpu_cache,991,30,51700,89700,90600,44300,90600
history_page_cold_cpu_cache,992,30,51900,61700,91100,47600,91100
history_page_cold_cpu_cache,993,30,52100,64200,72900,47000,72900
history_page_cold_cpu_cache,994,30,54500,96900,97700,47900,97700
history_page_cold_cpu_cache,995,30,50200,61400,70200,44400,70200
history_page_cold_cpu_cache,996,30,52300,69500,81500,45300,81500
history_page_cold_cpu_cache,997,30,54000,68600,118500,44500,118500
history_page_cold_cpu_cache,998,30,53800,63900,106700,46400,106700
history_page_cold_cpu_cache,999,30,55000,59200,61800,47800,61800
history_page_cold_cpu_cache,1000,30,52400,65600,68300,47700,68300
history_page_cold_cpu_cache,1001,30,54000,61600,61900,47900,61900
history_page_cold_cpu_cache,1002,30,52600,67300,79800,47000,79800
history_page_cold_cpu_cache,1003,30,54200,60500,63100,47900,63100
history_page_cold_cpu_cache,1004,30,52600,67800,97100,48200,97100
history_page_cold_cpu_cache,1005,30,53400,98900,165900,47500,165900
history_page_cold_cpu_cache,1006,30,53200,85800,96900,48100,96900
history_page_cold_cpu_cache,1007,30,53200,63000,67800,48400,67800
history_page_cold_cpu_cache,1008,30,52900,64100,73400,46900,73400
history_page_cold_cpu_cache,1009,30,53600,62000,63500,46800,63500
history_page_cold_cpu_cache,1010,30,53700,60200,61500,47300,61500
history_page_cold_cpu_cache,1011,30,52100,86000,107900,47800,107900
history_page_cold_cpu_cache,1012,30,51100,58400,93600,49100,93600
history_page_cold_cpu_cache,1013,30,51900,70900,97200,45500,97200
history_page_cold_cpu_cache,1014,30,51700,60100,94200,47400,94200
history_page_cold_cpu_cache,1015,30,51000,60700,81700,42700,81700
history_page_cold_cpu_cache,1016,30,52600,78600,80800,41800,80800
history_page_cold_cpu_cache,1017,30,52000,76700,134400,44400,134400
history_page_cold_cpu_cache,1018,30,50600,61500,64700,47200,64700
history_page_cold_cpu_cache,1019,30,52800,65300,137900,47200,137900
history_page_cold_cpu_cache,1020,30,51300,67200,69400,44100,69400
history_page_cold_cpu_cache,1021,30,51800,59000,74300,43000,74300
history_page_cold_cpu_cache,1022,30,51000,59700,73200,46100,73200
history_page_cold_cpu_cache,1023,30,51500,58100,62500,44500,62500
history_page_cold_cpu_cache,1024,30,51900,60900,62800,48600,62800
history_page_cold_cpu_cache,1025,30,53200,66000,90100,46800,90100
history_page_cold_cpu_cache,1026,30,51000,58100,69900,46000,69900
history_page_cold_cpu_cache,1027,30,50500,64100,72100,46100,72100
history_page_cold_cpu_cache,1028,30,51300,59100,66300,46800,66300
history_page_cold_cpu_cache,1029,30,54900,60800,70900,48700,70900
history_page_cold_cpu_cache,1030,30,54200,66600,77100,47000,77100
history_page_cold_cpu_cache,1031,30,51800,58300,65900,47500,65900
history_page_cold_cpu_cache,1032,30,52800,59100,104800,47600,104800
history_page_cold_cpu_cache,1033,30,51400,65800,90400,46800,90400
history_page_cold_cpu_cache,1034,30,52100,59000,59200,47900,59200
history_page_cold_cpu_cache,1035,30,54000,77400,93100,48000,93100
history_page_cold_cpu_cache,1036,30,52400,56800,62100,46600,62100
history_page_cold_cpu_cache,1037,30,50700,71400,99400,45300,99400
history_page_cold_cpu_cache,1038,30,51800,69500,72400,48300,72400
history_page_cold_cpu_cache,1039,30,51300,87100,130600,45800,130600
history_page_cold_cpu_cache,1040,30,54800,77100,108600,47400,108600
history_page_cold_cpu_cache,1041,30,51700,63800,80700,44900,80700
history_page_cold_cpu_cache,1042,30,51400,72400,91700,47900,91700
history_page_cold_cpu_cache,1043,30,51900,58800,59900,47700,59900
history_page_cold_cpu_cache,1044,30,52900,70200,93900,47200,93900
history_page_cold_cpu_cache,1045,30,53800,65000,69200,49200,69200
history_page_cold_cpu_cache,1046,30,51700,83900,94400,48000,94400
history_page_cold_cpu_cache,1047,30,51700,65900,80700,48900,80700
history_page_cold_cpu_cache,1048,30,52800,84900,90500,45800,90500
history_page_cold_cpu_cache,1049,30,52500,59300,100200,45800,100200
history_page_cold_cpu_cache,1050,30,53500,59900,64900,45700,64900
history_page_cold_cpu_cache,1051,30,54000,83500,95300,47100,95300
history_page_cold_cpu_cache,1052,30,54800,61100,164200,48900,164200
history_page_cold_cpu_cache,1053,30,53300,70000,72400,47000,72400
history_page_cold_cpu_cache,1054,30,53300,59900,63600,45700,63600
history_page_cold_cpu_cache,1055,30,50900,162400,207800,44800,207800
history_page_cold_cpu_cache,1056,30,55300,107100,196400,43500,196400
history_page_cold_cpu_cache,1057,30,54200,61000,62900,47300,62900
history_page_cold_cpu_cache,1058,30,52700,59000,61300,46500,61300
history_page_cold_cpu_cache,1059,30,51000,60000,64600,45100,64600
history_page_cold_cpu_cache,1060,30,50200,58700,60500,44300,60500
history_page_cold_cpu_cache,1061,30,53100,63700,98700,45300,98700
history_page_cold_cpu_cache,1062,30,54300,59300,60100,46300,60100
history_page_cold_cpu_cache,1063,30,53000,73400,80000,46600,80000
history_page_cold_cpu_cache,1064,30,52100,64500,86800,47700,86800
history_page_cold_cpu_cache,1065,30,50600,59300,61100,46900,61100
history_page_cold_cpu_cache,1066,30,53500,60200,62700,45400,62700
history_page_cold_cpu_cache,1067,30,54700,63200,69800,46400,69800
history_page_cold_cpu_cache,1068,30,52100,59100,100600,45300,100600
history_page_cold_cpu_cache,1069,30,51100,60100,120900,44800,120900
history_page_cold_cpu_cache,1070,30,51300,58700,109000,46100,109000
history_page_cold_cpu_cache,1071,30,53500,67200,99400,46300,99400
history_page_cold_cpu_cache,1072,30,54200,97300,112500,47600,112500
history_page_cold_cpu_cache,1073,30,54400,81500,94000,48600,94000
history_page_cold_cpu_cache,1074,30,52600,85500,184900,47800,184900
history_page_cold_cpu_cache,1075,30,51500,57700,115900,47300,115900
history_page_cold_cpu_cache,1076,30,52100,75900,88300,46400,88300
history_page_cold_cpu_cache,1077,30,52400,60500,61900,46000,61900
history_page_cold_cpu_cache,1078,30,53400,59600,62700,45900,62700
history_page_cold_cpu_cache,1079,30,52600,99700,105600,47800,105600
history_page_cold_cpu_cache,1080,30,51800,83400,100100,47600,100100
history_page_cold_cpu_cache,1081,30,51800,69200,70600,47100,70600
history_page_cold_cpu_cache,1082,30,55500,120100,142900,46900,142900
history_page_cold_cpu_cache,1083,30,53700,60000,68700,48900,68700
history_page_cold_cpu_cache,1084,30,53600,67300,85800,48100,85800
history_page_cold_cpu_cache,1085,30,51600,77400,78500,46200,78500
history_page_cold_cpu_cache,1086,30,51000,94400,96600,46900,96600
history_page_cold_cpu_cache,1087,30,51900,74800,90200,46900,90200
history_page_cold_cpu_cache,1088,30,53400,100700,159200,47300,159200
history_page_cold_cpu_cache,1089,30,33400,46700,47300,29000,47300
history_page_warm,1,30,24000,27400,55600,23300,55600
history_page_warm,2,30,37800,43200,47700,37300,47700
history_page_warm,3,30,36700,40600,44500,36100,44500
history_page_warm,4,30,36700,40800,43300,36000,43300
history_page_warm,5,30,36600,38400,39700,35700,39700
history_page_warm,6,30,36900,41400,43700,36400,43700
history_page_warm,7,30,36700,41200,45900,36100,45900
history_page_warm,8,30,36700,41900,42200,36200,42200
history_page_warm,9,30,36700,37500,112200,36200,112200
history_page_warm,10,30,36900,39100,44700,36500,44700
history_page_warm,11,30,36700,37500,37600,36200,37600
history_page_warm,12,30,36600,37900,41600,36200,41600
history_page_warm,13,30,36700,54800,55500,36100,55500
history_page_warm,14,30,36800,37800,43100,36200,43100
history_page_warm,15,30,36600,37300,37800,36100,37800
history_page_warm,16,30,36600,37400,38000,36300,38000
history_page_warm,17,30,36600,37100,39800,36000,39800
history_page_warm,18,30,36500,37200,46800,36000,46800
history_page_warm,19,30,36800,38300,45700,36400,45700
history_page_warm,20,30,36600,37600,57100,36100,57100
history_page_warm,21,30,36600,37900,38300,35900,38300
history_page_warm,22,30,36500,38300,81500,36000,81500
history_page_warm,23,30,36800,38900,40800,36000,40800
history_page_warm,24,30,36600,41000,43100,36000,43100
history_page_warm,25,30,36600,37900,42200,35900,42200
history_page_warm,26,30,36500,37400,46900,36000,46900
history_page_warm,27,30,36900,40500,46000,36100,46000
history_page_warm,28,30,36700,40800,53700,35900,53700
history_page_warm,29,30,36800,38100,38500,36000,38500
history_page_warm,30,30,36800,54600,133300,36100,133300
history_page_warm,31,30,36800,43600,46800,36200,46800
history_page_warm,32,30,36600,38200,43200,36000,43200
history_page_warm,33,30,36800,38500,40700,36200,40700
history_page_warm,34,30,36800,43400,44400,35900,44400
history_page_warm,35,30,36500,38600,41400,36000,41400
history_page_warm,36,30,37100,40100,46200,36500,46200
history_page_warm,37,30,36500,38400,38400,35700,38400
history_page_warm,38,30,36600,38100,42100,36000,42100
history_page_warm,39,30,36500,40600,43700,35900,43700
history_page_warm,40,30,36700,39400,42500,36300,42500
history_page_warm,41,30,36500,79600,155400,35900,155400
history_page_warm,42,30,36700,64500,139400,36100,139400
history_page_warm,43,30,36500,60600,69200,36000,69200
history_page_warm,44,30,36800,57700,65100,36400,65100
history_page_warm,45,30,36500,54700,58100,35900,58100
history_page_warm,46,30,36700,57200,63100,36000,63100
history_page_warm,47,30,36500,56800,58100,35900,58100
history_page_warm,48,30,36800,57200,60200,36300,60200
history_page_warm,49,30,36600,56400,67900,36000,67900
history_page_warm,50,30,36700,57100,62000,36200,62000
history_page_warm,51,30,36600,58600,59000,35800,59000
history_page_warm,52,30,36600,57800,76500,36000,76500
history_page_warm,53,30,36800,42500,49400,36400,49400
history_page_warm,54,30,36600,42000,43000,36000,43000
history_page_warm,55,30,36500,42100,42900,35900,42900
history_page_warm,56,30,36500,41000,41900,35700,41900
history_page_warm,57,30,36600,46600,85300,36100,85300
history_page_warm,58,30,36500,60100,79000,35900,79000
history_page_warm,59,30,36600,42900,43900,35900,43900
history_page_warm,60,30,36500,42100,43000,36000,43000
history_page_warm,61,30,36800,41000,42700,36300,42700
history_page_warm,62,30,36400,48300,98400,35900,98400
history_page_warm,63,30,36400,49100,79100,36100,79100
history_page_warm,64,30,36500,43100,49200,36000,49200
history_page_warm,65,30,36600,41100,43600,36000,43600
history_page_warm,66,30,36700,42300,47100,35900,47100
history_page_warm,67,30,36600,41000,43200,36100,43200
history_page_warm,68,30,36500,88800,116600,35900,116600
history_page_warm,69,30,36500,41800,48200,35900,48200
history_page_warm,70,30,37100,63100,69000,36600,69000
history_page_warm,71,30,36600,48100,69000,36100,69000
history_page_warm,72,30,36400,43600,54500,36100,54500
history_page_warm,73,30,36700,42300,47400,36000,47400
history_page_warm,74,30,36600,44400,57000,36000,57000
history_page_warm,75,30,36400,40700,42200,36000,42200
history_page_warm,76,30,36600,42400,70100,35900,70100
history_page_warm,77,30,36500,44500,48600,35800,48600
history_page_warm,78,30,36900,43600,48000,36300,48000
history_page_warm,79,30,36600,45100,57300,36100,57300
history_page_warm,80,30,36700,44300,44700,35900,44700
history_page_warm,81,30,36400,43500,85700,35900,85700
history_page_warm,82,30,36500,39300,43500,36000,43500
history_page_warm,83,30,36400,43200,46900,35700,46900
history_page_warm,84,30,36600,40700,41100,35800,41100
history_page_warm,85,30,36600,44200,45400,35900,45400
history_page_warm,86,30,36500,39200,41600,35800,41600
history_page_warm,87,30,36800,42300,42400,36200,42400
history_page_warm,88,30,36400,42600,47100,35700,47100
history_page_warm,89,30,36600,50000,92900,35800,92900
history_page_warm,90,30,36500,40000,47900,35800,47900
history_page_warm,91,30,36600,49400,138200,36000,138200
history_page_warm,92,30,36500,48100,50600,35800,50600
history_page_warm,93,30,36600,43900,63900,36200,63900
history_page_warm,94,30,36500,39400,42600,35500,42600
history_page_warm,95,30,36700,41200,50200,36200,50200
history_page_warm,96,30,36600,37600,38000,36000,38000
history_page_warm,97,30,36600,45700,91900,36100,91900
history_page_warm,98,30,36500,45800,116800,35900,116800
history_page_warm,99,30,36800,49500,69700,36000,69700
history_page_warm,100,30,36500,38200,49500,36000,49500
history_page_warm,101,30,36700,39700,42000,36200,42000
history_page_warm,102,30,36500,39800,42400,35800,42400
history_page_warm,103,30,36400,40300,44300,35800,44300
history_page_warm,104,30,36900,37900,47300,36200,47300
history_page_warm,105,30,36500,37700,46600,35800,46600
history_page_warm,106,30,36500,45300,46900,35900,46900
history_page_warm,107,30,36400,39000,42300,35800,42300
history_page_warm,108,30,36600,39000,40300,35800,40300
history_page_warm,109,30,36500,47700,129700,35700,129700
history_page_warm,110,30,36500,63800,124400,35700,124400
history_page_warm,111,30,36500,83100,106100,35900,106100
history_page_warm,112,30,36800,39400,54100,36100,54100
history_page_warm,113,30,36500,42400,62600,35800,62600
history_page_warm,114,30,36600,39500,40600,36000,40600
history_page_warm,115,30,36500,40200,45700,36100,45700
history_page_warm,116,30,36700,47000,81000,36000,81000
history_page_warm,117,30,36400,56900,123700,35800,123700
history_page_warm,118,30,36700,44000,101800,35900,101800
history_page_warm,119,30,36500,47800,60600,35900,60600
history_page_warm,120,30,36500,40900,45200,35600,45200
history_page_warm,121,30,36800,41100,47000,36100,47000
history_page_warm,122,30,36600,39400,41000,36100,41000
history_page_warm,123,30,36500,43500,70400,35800,70400
history_page_warm,124,30,36600,41300,56400,35900,56400
history_page_warm,125,30,36500,42100,83300,36000,83300
history_page_warm,126,30,36600,50300,97800,35700,97800
history_page_warm,127,30,36500,41100,50000,35800,50000
history_page_warm,128,30,36600,44300,47300,35900,47300
history_page_warm,129,30,36800,42000,69100,36100,69100
history_page_warm,130,30,36600,40700,41000,36000,41000
history_page_warm,131,30,36500,41000,47200,35800,47200
history_page_warm,132,30,36600,42200,72000,35600,72000
history_page_warm,133,30,36700,40800,47700,36000,47700
history_page_warm,134,30,36600,41300,41800,36100,41800
history_page_warm,135,30,36700,50600,89200,35900,89200
history_page_warm,136,30,36800,51600,60600,36000,60600
history_page_warm,137,30,36700,40400,41100,35700,41100
history_page_warm,138,30,37200,40800,48400,36600,48400
history_page_warm,139,30,36500,51900,118300,36000,118300
history_page_warm,140,30,36500,40400,47500,35900,47500
history_page_warm,141,30,36500,40700,42600,35700,42600
history_page_warm,142,30,36800,45400,48900,36000,48900
history_page_warm,143,30,36700,46900,65400,35900,65400
history_page_warm,144,30,36700,42800,77300,35500,77300
history_page_warm,145,30,36600,42000,72100,35900,72100
history_page_warm,146,30,37100,50800,60900,36300,60900
history_page_warm,147,30,36600,39300,40700,35900,40700
history_page_warm,148,30,36600,41000,47400,36100,47400
history_page_warm,149,30,36600,73800,85300,35800,85300
history_page_warm,150,30,36900,42100,45800,36200,45800
history_page_warm,151,30,36700,40500,48100,35800,48100
history_page_warm,152,30,36600,40600,44000,36000,44000
history_page_warm,153,30,36700,40700,47900,35900,47900
history_page_warm,154,30,36500,47500,60000,35900,60000
history_page_warm,155,30,36800,65100,134400,36300,134400
history_page_warm,156,30,36700,42900,52700,36000,52700
history_page_warm,157,30,36500,40600,75900,35900,75900
history_page_warm,158,30,36600,46700,49100,36100,49100
history_page_warm,159,30,36800,48000,134600,36200,134600
history_page_warm,160,30,36800,41400,46200,36100,46200
history_page_warm,161,30,36700,44300,113100,35900,113100
history_page_warm,162,30,36600,42500,72200,36000,72200
history_page_warm,163,30,37000,42000,50200,36200,50200
history_page_warm,164,30,36800,42100,45200,35900,45200
history_page_warm,165,30,36600,41500,45500,36000,45500
history_page_warm,166,30,36600,40200,42200,36000,42200
history_page_warm,167,30,36600,40100,43200,35900,43200
history_page_warm,168,30,36500,46200,78800,36100,78800
history_page_warm,169,30,36500,39700,40200,36100,40200
history_page_warm,170,30,36600,42700,47400,36100,47400
history_page_warm,171,30,36500,38300,40700,35900,40700
history_page_warm,172,30,37000,44800,67800,36300,67800
history_page_warm,173,30,36400,39200,39500,35900,39500
history_page_warm,174,30,36500,38100,80700,36000,80700
history_page_warm,175,30,36500,38900,43000,35800,43000
history_page_warm,176,30,36700,38400,39600,35600,39600
history_page_warm,177,30,36500,38400,45100,35900,45100
history_page_warm,178,30,36700,38300,50400,35700,50400
history_page_warm,179,30,36700,38500,86100,35700,86100
history_page_warm,180,30,36700,40400,44400,35900,44400
history_page_warm,181,30,36500,42000,57700,36000,57700
history_page_warm,182,30,36600,41300,41400,36000,41400
history_page_warm,183,30,36500,38100,40900,35900,40900
history_page_warm,184,30,36700,42200,72400,36100,72400
history_page_warm,185,30,36600,45200,51000,36100,51000
history_page_warm,186,30,36700,41800,77900,36100,77900
history_page_warm,187,30,36500,42200,126300,35900,126300
history_page_warm,188,30,36500,46900,66800,36100,66800
history_page_warm,189,30,36900,41400,64300,36400,64300
history_page_warm,190,30,36800,83000,94100,35900,94100
history_page_warm,191,30,36600,41600,54700,35900,54700
history_page_warm,192,30,36600,39600,41100,36000,41100
history_page_warm,193,30,36900,41900,65100,36000,65100
history_page_warm,194,30,36600,41100,42500,35800,42500
history_page_warm,195,30,36700,42900,45700,35800,45700
history_page_warm,196,30,36600,40600,42900,36000,42900
history_page_warm,197,30,36900,41300,43500,36000,43500
history_page_warm,198,30,36500,41700,46500,35800,46500
history_page_warm,199,30,36600,40600,40800,36000,40800
history_page_warm,200,30,36500,40200,40800,35900,40800
history_page_warm,201,30,36800,40400,41300,36100,41300
history_page_warm,202,30,36500,40200,41300,36000,41300
history_page_warm,203,30,36700,40700,43500,35800,43500
history_page_warm,204,30,36500,40800,40900,35800,40900
history_page_warm,205,30,36400,41800,107300,35900,107300
history_page_warm,206,30,37200,44800,62500,36400,62500
history_page_warm,207,30,36500,40300,40600,35900,40600
history_page_warm,208,30,36600,40500,41300,35900,41300
history_page_warm,209,30,36600,40000,42500,35900,42500
history_page_warm,210,30,36900,41500,42100,36200,42100
history_page_warm,211,30,36600,41500,58500,36000,58500
history_page_warm,212,30,36500,41400,44700,36100,44700
history_page_warm,213,30,36600,41000,54900,36000,54900
history_page_warm,214,30,37000,40800,48400,36200,48400
history_page_warm,215,30,36600,41200,52400,36000,52400
history_page_warm,216,30,36700,42100,72500,36200,72500
history_page_warm,217,30,36700,41500,42300,36100,42300
history_page_warm,218,30,36900,41200,41700,36400,41700
history_page_warm,219,30,36700,40900,47500,36000,47500
history_page_warm,220,30,36600,44000,99300,36100,99300
history_page_warm,221,30,36500,40900,46800,36000,46800
history_page_warm,222,30,36500,40600,134800,35900,134800
history_page_warm,223,30,36800,40100,40900,36300,40900
history_page_warm,224,30,36500,41300,41600,35800,41600
history_page_warm,225,30,36600,41000,47900,36100,47900
history_page_warm,226,30,36500,43200,75400,35700,75400
history_page_warm,227,30,36600,40800,52100,36000,52100
history_page_warm,228,30,36400,40800,63900,35900,63900
history_page_warm,229,30,36500,43800,75500,36000,75500
history_page_warm,230,30,36400,38600,66400,36000,66400
history_page_warm,231,30,36700,38400,43100,36100,43100
history_page_warm,232,30,36400,37800,38100,35900,38100
history_page_warm,233,30,36500,47300,78300,36100,78300
history_page_warm,234,30,36500,40900,41300,35900,41300
history_page_warm,235,30,36800,37800,37900,36000,37900
history_page_warm,236,30,36400,38300,86100,35900,86100
history_page_warm,237,30,36600,38100,54600,36100,54600
history_page_warm,238,30,36500,37800,38200,35800,38200
history_page_warm,239,30,36400,39700,70300,36000,70300
history_page_warm,240,30,36900,40500,44400,36400,44400
history_page_warm,241,30,36400,37700,39700,36100,39700
history_page_warm,242,30,36300,37100,38000,35900,38000
history_page_warm,243,30,36400,37800,45000,35700,45000
history_page_warm,244,30,36600,37800,37800,36000,37800
history_page_warm,245,30,36400,37700,39500,35900,39500
history_page_warm,246,30,36600,37600,66200,36000,66200
history_page_warm,247,30,36500,54800,92100,36000,92100
history_page_warm,248,30,36800,45300,52100,36200,52100
history_page_warm,249,30,36400,51000,66600,35700,66600
history_page_warm,250,30,36500,38600,43100,35900,43100
history_page_warm,251,30,36400,41500,45200,35900,45200
history_page_warm,252,30,36800,42500,43200,36200,43200
history_page_warm,253,30,36500,38800,41800,36000,41800
history_page_warm,254,30,36700,39000,42500,36000,42500
history_page_warm,255,30,36400,41700,50400,36000,50400
history_page_warm,256,30,36500,41900,44800,35900,44800
history_page_warm,257,30,36700,41800,69600,36100,69600
history_page_warm,258,30,36400,43100,62000,35700,62000
history_page_warm,259,30,36600,43000,50100,35800,50100
history_page_warm,260,30,36500,43000,46700,36000,46700
history_page_warm,261,30,36600,41800,46800,35900,46800
history_page_warm,262,30,36400,38300,42800,36000,42800
history_page_warm,263,30,36500,38400,41100,35900,41100
history_page_warm,264,30,36500,43700,46200,35900,46200
history_page_warm,265,30,36700,42800,49300,36200,49300
history_page_warm,266,30,36400,37400,38300,35900,38300
history_page_warm,267,30,36500,39500,51200,35900,51200
history_page_warm,268,30,36400,46200,47700,35900,47700
history_page_warm,269,30,36800,45200,67400,36000,67400
history_page_warm,270,30,36500,38400,113500,36000,113500
history_page_warm,271,30,36600,40000,40900,36000,40900
history_page_warm,272,30,36500,44100,54000,35800,54000
history_page_warm,273,30,36400,37600,37700,35700,37700
history_page_warm,274,30,37100,38700,46600,36700,46600
history_page_warm,275,30,36400,38300,43000,35800,43000
history_page_warm,276,30,36600,84800,87000,35700,87000
history_page_warm,277,30,36300,37300,51900,35800,51900
history_page_warm,278,30,36600,46700,57300,36100,57300
history_page_warm,279,30,36400,37400,38400,35800,38400
history_page_warm,280,30,36400,37300,46100,35900,46100
history_page_warm,281,30,36200,42300,48300,35600,48300
history_page_warm,282,30,36600,37500,37600,36000,37600
history_page_warm,283,30,36400,46200,83700,35500,83700
history_page_warm,284,30,36500,39400,48400,35600,48400
history_page_warm,285,30,36400,45100,57400,35800,57400
history_page_warm,286,30,36600,40800,46700,36000,46700
history_page_warm,287,30,36500,40300,40300,35700,40300
history_page_warm,288,30,36600,42400,45900,35800,45900
history_page_warm,289,30,36400,38100,42900,35600,42900
history_page_warm,290,30,36600,45400,101200,35900,101200
history_page_warm,291,30,36800,54400,87400,36000,87400
history_page_warm,292,30,36500,43000,44100,35700,44100
history_page_warm,293,30,36500,46200,64600,35800,64600
history_page_warm,294,30,36500,43100,158800,35800,158800
history_page_warm,295,30,36600,46700,49100,35800,49100
history_page_warm,296,30,36300,37900,42200,35700,42200
history_page_warm,297,30,36400,45900,51000,35600,51000
history_page_warm,298,30,36400,42600,52500,35600,52500
history_page_warm,299,30,36600,42700,43400,35900,43400
history_page_warm,300,30,36300,50200,51400,35600,51400
history_page_warm,301,30,36500,41800,42400,35800,42400
history_page_warm,302,30,36500,49300,56200,35400,56200
history_page_warm,303,30,36500,42700,43000,35800,43000
history_page_warm,304,30,36400,48600,49200,35700,49200
history_page_warm,305,30,36500,43800,47700,35800,47700
history_page_warm,306,30,36300,41600,43300,35600,43300
history_page_warm,307,30,36400,46900,92900,35900,92900
history_page_warm,308,30,36800,42900,43000,36300,43000
history_page_warm,309,30,36400,42200,47500,35900,47500
history_page_warm,310,30,36300,42900,43200,35700,43200
history_page_warm,311,30,36500,42600,45700,35500,45700
history_page_warm,312,30,36500,43200,47000,35800,47000
history_page_warm,313,30,36300,41600,42400,35700,42400
history_page_warm,314,30,36500,46700,47200,35900,47200
history_page_warm,315,30,36400,42600,43100,35500,43100
history_page_warm,316,30,36700,43800,47400,35800,47400
history_page_warm,317,30,36400,42500,44600,35700,44600
history_page_warm,318,30,36500,46100,57500,35800,57500
history_page_warm,319,30,36300,41900,42200,35600,42200
history_page_warm,320,30,36600,42200,43700,35700,43700
history_page_warm,321,30,36400,43500,47000,35800,47000
history_page_warm,322,30,36600,42700,81200,35900,81200
history_page_warm,323,30,36500,47700,51900,35800,51900
history_page_warm,324,30,36500,42600,76200,35900,76200
history_page_warm,325,30,36800,42900,43300,36100,43300
history_page_warm,326,30,36500,46100,46200,35900,46200
history_page_warm,327,30,36500,42500,43000,35800,43000
history_page_warm,328,30,36400,47200,51900,35500,51900
history_page_warm,329,30,36600,44400,50700,36000,50700
history_page_warm,330,30,36600,47900,50600,35900,50600
history_page_warm,331,30,36500,41300,42900,35600,42900
history_page_warm,332,30,36400,43500,50500,35700,50500
history_page_warm,333,30,36900,42200,45900,36000,45900
history_page_warm,334,30,36400,37600,43000,35800,43000
history_page_warm,335,30,36600,105400,115500,35900,115500
history_page_warm,336,30,36600,65200,148400,35700,148400
history_page_warm,337,30,36800,45200,47400,36000,47400
history_page_warm,338,30,36700,40000,138400,35700,138400
history_page_warm,339,30,36500,37600,46600,35700,46600
history_page_warm,340,30,36400,39600,48300,36000,48300
history_page_warm,341,30,36300,37500,39300,35900,39300
history_page_warm,342,30,37100,44100,46900,36300,46900
history_page_warm,343,30,36400,37400,40500,35800,40500
history_page_warm,344,30,36500,43800,119600,35900,119600
history_page_warm,345,30,36400,39200,40700,35600,40700
history_page_warm,346,30,36600,41700,49100,36200,49100
history_page_warm,347,30,36400,47000,107800,35700,107800
history_page_warm,348,30,36500,61500,72500,35600,72500
history_page_warm,349,30,36400,40100,45000,35800,45000
history_page_warm,350,30,36800,37700,98200,36200,98200
history_page_warm,351,30,36500,42200,72500,36000,72500
history_page_warm,352,30,36500,41100,47100,35900,47100
history_page_warm,353,30,36400,38500,70800,36000,70800
history_page_warm,354,30,36800,37900,47400,36000,47400
history_page_warm,355,30,36500,37000,37300,35700,37300
history_page_warm,356,30,36500,42000,45800,35800,45800
history_page_warm,357,30,36300,37200,41300,35800,41300
history_page_warm,358,30,36500,37600,98700,35900,98700
history_page_warm,359,30,36800,38100,47900,36200,47900
history_page_warm,360,30,36500,63500,73100,35800,73100
history_page_warm,361,30,36400,41900,95100,35800,95100
history_page_warm,362,30,36300,37500,48200,36000,48200
history_page_warm,363,30,36600,38700,41500,36200,41500
history_page_warm,364,30,36400,55000,125000,35600,125000
history_page_warm,365,30,36500,59800,136800,35700,136800
history_page_warm,366,30,36400,99100,118400,35800,118400
history_page_warm,367,30,36800,44700,107500,36200,107500
history_page_warm,368,30,36500,107200,109300,35800,109300
history_page_warm,369,30,36600,109000,127400,36000,127400
history_page_warm,370,30,36500,107800,144800,35900,144800
history_page_warm,371,30,36800,45800,81700,36100,81700
history_page_warm,372,30,36500,51900,102000,36000,102000
history_page_warm,373,30,36600,40100,122200,36100,122200
history_page_warm,374,30,36500,37100,42200,35800,42200
history_page_warm,375,30,36400,37400,46600,35800,46600
history_page_warm,376,30,36900,38000,40100,36100,40100
history_page_warm,377,30,36400,37500,39400,35900,39400
history_page_warm,378,30,36500,37400,39600,35900,39600
history_page_warm,379,30,36500,37300,67300,36000,67300
history_page_warm,380,30,36500,38100,41900,36100,41900
history_page_warm,381,30,36400,37000,40900,35700,40900
history_page_warm,382,30,36500,49300,69800,35800,69800
history_page_warm,383,30,36500,41900,126700,36100,126700
history_page_warm,384,30,36600,38400,46900,36000,46900
history_page_warm,385,30,36500,37200,38000,35700,38000
history_page_warm,386,30,36500,38300,43400,35700,43400
history_page_warm,387,30,36400,46500,49500,35800,49500
history_page_warm,388,30,36600,44900,94600,35800,94600
history_page_warm,389,30,36500,38300,70200,36000,70200
history_page_warm,390,30,36600,38500,76900,36000,76900
history_page_warm,391,30,36400,68800,90600,35800,90600
history_page_warm,392,30,36500,55400,68800,35700,68800
history_page_warm,393,30,36800,66800,69100,36200,69100
history_page_warm,394,30,36500,50200,69000,35900,69000
history_page_warm,395,30,36500,68800,81300,35900,81300
history_page_warm,396,30,36500,46200,68900,36000,68900
history_page_warm,397,30,36700,38800,69000,36000,69000
history_page_warm,398,30,36600,46600,68800,36000,68800
history_page_warm,399,30,36500,45300,68700,36100,68700
history_page_warm,400,30,36700,56400,68700,35900,68700
history_page_warm,401,30,36800,56100,69200,36100,69200
history_page_warm,402,30,36400,37700,68900,36000,68900
history_page_warm,403,30,36500,41500,68900,35700,68900
history_page_warm,404,30,36500,38800,68900,35700,68900
history_page_warm,405,30,36700,44800,69100,36000,69100
history_page_warm,406,30,36700,47800,162000,36000,162000
history_page_warm,407,30,36700,39600,41500,36100,41500
history_page_warm,408,30,36500,39100,41200,35900,41200
history_page_warm,409,30,36400,39900,41300,35800,41300
history_page_warm,410,30,37100,39900,41000,36400,41000
history_page_warm,411,30,36500,40800,55800,35900,55800
history_page_warm,412,30,36500,38900,40000,35800,40000
history_page_warm,413,30,36400,39800,98600,35900,98600
history_page_warm,414,30,36700,46500,137500,36000,137500
history_page_warm,415,30,36600,41200,44000,36000,44000
history_page_warm,416,30,36600,40200,55900,35600,55900
history_page_warm,417,30,36400,40800,60100,36000,60100
history_page_warm,418,30,36800,47000,100100,36200,100100
history_page_warm,419,30,36600,49700,132300,36000,132300
history_page_warm,420,30,36700,40100,53400,36100,53400
history_page_warm,421,30,36600,40500,56200,35800,56200
history_page_warm,422,30,36900,45400,48100,36300,48100
history_page_warm,423,30,36600,43400,43800,36000,43800
history_page_warm,424,30,36500,38200,40600,35800,40600
history_page_warm,425,30,36500,38300,39600,35900,39600
history_page_warm,426,30,36500,38900,40700,35600,40700
history_page_warm,427,30,36800,38800,42000,36100,42000
history_page_warm,428,30,36600,43200,62000,35700,62000
history_page_warm,429,30,36600,39700,134800,36000,134800
history_page_warm,430,30,36500,38300,41500,35900,41500
history_page_warm,431,30,36700,75400,177600,36000,177600
history_page_warm,432,30,36600,49900,173300,35700,173300
history_page_warm,433,30,36600,65000,161000,35900,161000
history_page_warm,434,30,36700,77900,87400,36000,87400
history_page_warm,435,30,36800,41600,45000,36200,45000
history_page_warm,436,30,36600,41700,74400,35800,74400
history_page_warm,437,30,36500,44100,44800,36000,44800
history_page_warm,438,30,36500,38200,40100,36000,40100
history_page_warm,439,30,36600,38100,42100,35700,42100
history_page_warm,440,30,36300,37600,38300,35800,38300
history_page_warm,441,30,36400,40900,54300,35700,54300
history_page_warm,442,30,36300,37700,38300,35800,38300
history_page_warm,443,30,36500,38400,44600,35600,44600
history_page_warm,444,30,36900,38500,47500,36000,47500
history_page_warm,445,30,36400,38300,41500,35600,41500
history_page_warm,446,30,36500,38300,46400,35600,46400
history_page_warm,447,30,36300,38300,47900,35400,47900
history_page_warm,448,30,36500,40200,48300,35800,48300
history_page_warm,449,30,36500,53400,77200,35800,77200
history_page_warm,450,30,36600,43500,44600,36000,44600
history_page_warm,451,30,36400,41800,43600,35600,43600
history_page_warm,452,30,36800,40800,43800,35800,43800
history_page_warm,453,30,36500,37700,38100,35500,38100
history_page_warm,454,30,36600,38100,38100,35800,38100
history_page_warm,455,30,36400,38000,38200,35700,38200
history_page_warm,456,30,36800,39300,65000,35900,65000
history_page_warm,457,30,36600,38900,39700,35700,39700
history_page_warm,458,30,36500,37500,38600,35700,38600
history_page_warm,459,30,36500,37400,37900,35700,37900
history_page_warm,460,30,36600,38400,48900,35800,48900
history_page_warm,461,30,36700,40100,47200,36000,47200
history_page_warm,462,30,36500,37900,39500,35400,39500
history_page_warm,463,30,36400,38200,39800,35600,39800
history_page_warm,464,30,36400,37500,38100,35500,38100
history_page_warm,465,30,36700,38400,41400,35700,41400
history_page_warm,466,30,36400,37500,41800,35800,41800
history_page_warm,467,30,36600,38700,43400,35500,43400
history_page_warm,468,30,36600,38200,56300,35800,56300
history_page_warm,469,30,36900,46700,46900,35900,46900
history_page_warm,470,30,36500,41400,56100,35700,56100
history_page_warm,471,30,36600,37400,37600,35900,37600
history_page_warm,472,30,36600,74400,90000,35700,90000
history_page_warm,473,30,36700,41000,46700,35800,46700
history_page_warm,474,30,36600,45900,55200,35800,55200
history_page_warm,475,30,36500,73900,83700,35700,83700
history_page_warm,476,30,36600,65800,160300,35500,160300
history_page_warm,477,30,36500,63400,153200,35600,153200
history_page_warm,478,30,37000,63700,87900,36100,87900
history_page_warm,479,30,36600,39100,67600,35900,67600
history_page_warm,480,30,36400,39700,44400,35800,44400
history_page_warm,481,30,36500,38300,39200,35400,39200
history_page_warm,482,30,36700,44700,46000,36000,46000
history_page_warm,483,30,36600,42900,48500,35900,48500
history_page_warm,484,30,36600,39100,92900,35700,92900
history_page_warm,485,30,36500,77500,123900,35800,123900
history_page_warm,486,30,36800,39300,222500,36100,222500
history_page_warm,487,30,36500,39300,71500,35700,71500
history_page_warm,488,30,36700,40400,161100,35800,161100
history_page_warm,489,30,36500,49700,77800,35900,77800
history_page_warm,490,30,36900,59800,76600,36000,76600
history_page_warm,491,30,36700,47200,69300,35600,69300
history_page_warm,492,30,36400,59400,69500,36000,69500
history_page_warm,493,30,36400,72600,75300,35900,75300
history_page_warm,494,30,36600,70400,75200,35800,75200
history_page_warm,495,30,36800,80600,112600,36000,112600
history_page_warm,496,30,36600,69500,81700,35800,81700
history_page_warm,497,30,36600,68900,75400,36100,75400
history_page_warm,498,30,36500,69000,76000,36000,76000
history_page_warm,499,30,36600,70300,176400,35900,176400
history_page_warm,500,30,36500,71000,95000,35700,95000
history_page_warm,501,30,36500,70200,70800,35800,70800
history_page_warm,502,30,36400,69100,70700,36000,70700
history_page_warm,503,30,36600,70500,82900,36100,82900
history_page_warm,504,30,36500,69400,89600,35800,89600
history_page_warm,505,30,36600,68900,69900,35900,69900
history_page_warm,506,30,36600,69100,69300,35800,69300
history_page_warm,507,30,36700,68900,69800,35900,69800
history_page_warm,508,30,36500,68800,69600,35900,69600
history_page_warm,509,30,36400,68700,69900,35700,69900
history_page_warm,510,30,36500,68900,69500,35900,69500
history_page_warm,511,30,36400,71800,80900,36100,80900
history_page_warm,512,30,36900,69000,70400,36400,70400
history_page_warm,513,30,36500,68500,69500,35800,69500
history_page_warm,514,30,36600,69000,69100,35800,69100
history_page_warm,515,30,36600,68700,68900,35900,68900
history_page_warm,516,30,36900,69100,88300,36100,88300
history_page_warm,517,30,36700,79300,79700,35800,79700
history_page_warm,518,30,36700,69000,69700,35900,69700
history_page_warm,519,30,36600,69300,128900,35900,128900
history_page_warm,520,30,37000,69300,69300,36200,69300
history_page_warm,521,30,36600,103900,151200,36000,151200
history_page_warm,522,30,36800,69100,69100,36200,69100
history_page_warm,523,30,36700,68900,75300,35900,75300
history_page_warm,524,30,36900,70600,96700,36000,96700
history_page_warm,525,30,36700,69700,71800,36000,71800
history_page_warm,526,30,36500,68900,69500,36000,69500
history_page_warm,527,30,36600,68900,77600,35700,77600
history_page_warm,528,30,36500,69000,83600,35900,83600
history_page_warm,529,30,37000,69500,69900,36300,69900
history_page_warm,530,30,36500,68900,69000,35900,69000
history_page_warm,531,30,36700,69500,86800,35900,86800
history_page_warm,532,30,36700,62600,69700,35700,69700
history_page_warm,533,30,36900,59600,69300,36100,69300
history_page_warm,534,30,36700,68800,71000,35900,71000
history_page_warm,535,30,36900,49700,68900,36000,68900
history_page_warm,536,30,36700,69100,85800,36000,85800
history_page_warm,537,30,37100,51500,69300,36200,69300
history_page_warm,538,30,36700,52900,69500,36000,69500
history_page_warm,539,30,36800,46200,68900,36100,68900
history_page_warm,540,30,36700,41200,78500,36000,78500
history_page_warm,541,30,37000,46800,69600,36300,69600
history_page_warm,542,30,36900,43800,75400,36000,75400
history_page_warm,543,30,36600,46000,68800,35900,68800
history_page_warm,544,30,36900,69300,72900,35800,72900
history_page_warm,545,30,36700,41700,75900,36200,75900
history_page_warm,546,30,37700,55300,70900,36800,70900
history_page_warm,547,30,36700,68900,98800,36100,98800
history_page_warm,548,30,36700,46900,69000,35800,69000
history_page_warm,549,30,36700,53800,68900,35800,68900
history_page_warm,550,30,36800,67000,69200,36100,69200
history_page_warm,551,30,36600,42600,69000,35700,69000
history_page_warm,552,30,36700,42200,69100,36000,69100
history_page_warm,553,30,36700,68800,103800,36100,103800
history_page_warm,554,30,36800,44900,69400,36100,69400
history_page_warm,555,30,36700,46400,68900,35900,68900
history_page_warm,556,30,36800,46600,69000,36200,69000
history_page_warm,557,30,36600,42000,68900,35800,68900
history_page_warm,558,30,37000,69100,75700,36300,75700
history_page_warm,559,30,36600,50500,69200,35900,69200
history_page_warm,560,30,36700,68900,89200,35800,89200
history_page_warm,561,30,36700,69000,124200,36000,124200
history_page_warm,562,30,36700,68900,69800,36000,69800
history_page_warm,563,30,37000,50900,69200,36300,69200
history_page_warm,564,30,36600,68900,254400,36000,254400
history_page_warm,565,30,36900,68900,125600,36100,125600
history_page_warm,566,30,36700,69000,84100,36100,84100
history_page_warm,567,30,36700,69500,131100,35900,131100
history_page_warm,568,30,36600,69100,77400,36100,77400
history_page_warm,569,30,36800,69900,74000,36100,74000
history_page_warm,570,30,36700,68900,83900,35900,83900
history_page_warm,571,30,36900,59100,69200,36200,69200
history_page_warm,572,30,36600,41800,69100,36000,69100
history_page_warm,573,30,36700,43800,68800,36000,68800
history_page_warm,574,30,36600,41700,68800,36100,68800
history_page_warm,575,30,36700,46300,69000,36200,69000
history_page_warm,576,30,36500,39600,69000,35900,69000
history_page_warm,577,30,36500,46400,69100,36000,69100
history_page_warm,578,30,36600,43200,68700,35900,68700
history_page_warm,579,30,36500,68900,96900,36000,96900
history_page_warm,580,30,36900,57100,76200,36400,76200
history_page_warm,581,30,36500,41400,75700,35800,75700
history_page_warm,582,30,36600,50200,69300,36100,69300
history_page_warm,583,30,36600,69500,75000,35800,75000
history_page_warm,584,30,36700,45000,70100,36200,70100
history_page_warm,585,30,36500,42500,68900,36000,68900
history_page_warm,586,30,36700,47400,69300,36000,69300
history_page_warm,587,30,36500,49300,69000,35800,69000
history_page_warm,588,30,37000,52500,69500,36300,69500
history_page_warm,589,30,36500,68800,72500,35800,72500
history_page_warm,590,30,36700,55900,69400,36100,69400
history_page_warm,591,30,36500,44100,68600,35800,68600
history_page_warm,592,30,36700,46900,69100,36100,69100
history_page_warm,593,30,36700,58100,69300,35800,69300
history_page_warm,594,30,36400,44000,68700,35900,68700
history_page_warm,595,30,36500,46900,69000,35900,69000
history_page_warm,596,30,36500,69700,117200,35800,117200
history_page_warm,597,30,36800,40200,79400,36300,79400
history_page_warm,598,30,36500,54400,69400,35900,69400
history_page_warm,599,30,36500,57800,68800,35800,68800
history_page_warm,600,30,36600,69100,179800,36100,179800
history_page_warm,601,30,36600,80100,168000,35900,168000
history_page_warm,602,30,36600,63300,69300,35700,69300
history_page_warm,603,30,36500,41100,68800,35800,68800
history_page_warm,604,30,36600,46300,69000,36100,69000
history_page_warm,605,30,36600,69400,89100,35900,89100
history_page_warm,606,30,36400,69100,105300,35700,105300
history_page_warm,607,30,36600,69000,118800,35600,118800
history_page_warm,608,30,36600,69300,70300,35900,70300
history_page_warm,609,30,36700,69500,79600,35800,79600
history_page_warm,610,30,36600,69600,71700,35800,71700
history_page_warm,611,30,36500,68700,69500,35900,69500
history_page_warm,612,30,36300,70400,162000,36000,162000
history_page_warm,613,30,36400,63900,70300,35500,70300
history_page_warm,614,30,36800,71900,108800,36300,108800
history_page_warm,615,30,36500,88800,91900,35600,91900
history_page_warm,616,30,36400,67300,69900,35700,69900
history_page_warm,617,30,36400,65600,69300,35800,69300
history_page_warm,618,30,36600,57100,69100,36100,69100
history_page_warm,619,30,36400,62100,69000,35600,69000
history_page_warm,620,30,36400,58100,69000,36000,69000
history_page_warm,621,30,36400,59900,79000,35800,79000
history_page_warm,622,30,36800,69400,95300,36100,95300
history_page_warm,623,30,36400,45500,69100,35700,69100
history_page_warm,624,30,36500,45300,69800,35800,69800
history_page_warm,625,30,36500,69500,135600,35800,135600
history_page_warm,626,30,36800,69200,94000,36100,94000
history_page_warm,627,30,36500,68700,70300,35600,70300
history_page_warm,628,30,36500,68900,94300,36000,94300
history_page_warm,629,30,36500,68900,80800,35800,80800
history_page_warm,630,30,36500,69500,84200,35700,84200
history_page_warm,631,30,36800,69300,69500,36100,69500
history_page_warm,632,30,36400,68800,69500,35500,69500
history_page_warm,633,30,36400,68800,68900,35800,68900
history_page_warm,634,30,36600,68700,81500,35800,81500
history_page_warm,635,30,36600,69200,79100,35900,79100
history_page_warm,636,30,36400,40500,69400,35900,69400
history_page_warm,637,30,36400,46400,91600,35900,91600
history_page_warm,638,30,36500,44200,44500,35800,44500
history_page_warm,639,30,36700,49700,67500,36100,67500
history_page_warm,640,30,36500,39800,45500,35800,45500
history_page_warm,641,30,36600,39900,50100,35900,50100
history_page_warm,642,30,36500,39800,55600,35900,55600
history_page_warm,643,30,36700,89300,133300,36100,133300
history_page_warm,644,30,36600,46100,114200,35900,114200
history_page_warm,645,30,36500,41700,111000,35900,111000
history_page_warm,646,30,36500,54400,108200,35900,108200
history_page_warm,647,30,36500,39200,108400,35900,108400
history_page_warm,648,30,36900,46800,113600,36300,113600
history_page_warm,649,30,36500,41500,54600,35900,54600
history_page_warm,650,30,36800,40800,41000,35900,41000
history_page_warm,651,30,36600,42200,52900,35700,52900
history_page_warm,652,30,36700,38000,40200,35800,40200
history_page_warm,653,30,36600,46500,50700,35700,50700
history_page_warm,654,30,36500,40800,44600,36100,44600
history_page_warm,655,30,36500,39800,40200,35900,40200
history_page_warm,656,30,36800,40000,49800,36300,49800
history_page_warm,657,30,36600,43400,56400,35900,56400
history_page_warm,658,30,36700,40900,56100,36200,56100
history_page_warm,659,30,36600,46000,114300,36000,114300
history_page_warm,660,30,36700,49200,53100,36000,53100
history_page_warm,661,30,36500,48900,51000,35800,51000
history_page_warm,662,30,36600,41600,49800,35700,49800
history_page_warm,663,30,36600,41300,41900,36000,41900
history_page_warm,664,30,36400,38800,41700,35800,41700
history_page_warm,665,30,36900,41700,50700,36300,50700
history_page_warm,666,30,36500,50900,55600,35900,55600
history_page_warm,667,30,36400,38400,40500,36000,40500
history_page_warm,668,30,36600,41000,41200,36000,41200
history_page_warm,669,30,36700,40100,55000,36100,55000
history_page_warm,670,30,36500,40000,43500,35900,43500
history_page_warm,671,30,36400,37500,37900,35800,37900
history_page_warm,672,30,36500,48600,72400,35900,72400
history_page_warm,673,30,36800,41100,45900,36300,45900
history_page_warm,674,30,36600,39600,46500,36100,46500
history_page_warm,675,30,36700,39400,47900,36100,47900
history_page_warm,676,30,36600,60000,104100,35900,104100
history_page_warm,677,30,36800,52900,72900,36100,72900
history_page_warm,678,30,36500,40300,40500,35900,40500
history_page_warm,679,30,36600,38000,48700,35800,48700
history_page_warm,680,30,36600,37600,38400,36000,38400
history_page_warm,681,30,36500,38100,40300,35700,40300
history_page_warm,682,30,37300,48600,57700,36600,57700
history_page_warm,683,30,36600,46200,52800,36000,52800
history_page_warm,684,30,36600,39800,106700,35600,106700
history_page_warm,685,30,36500,38300,62300,35800,62300
history_page_warm,686,30,36800,50900,71100,35900,71100
history_page_warm,687,30,36500,54000,106700,35600,106700
history_page_warm,688,30,36500,74900,115000,36000,115000
history_page_warm,689,30,36500,55000,123500,35900,123500
history_page_warm,690,30,36900,47100,53600,36000,53600
history_page_warm,691,30,36600,52600,64300,35500,64300
history_page_warm,692,30,36700,40300,52400,35400,52400
history_page_warm,693,30,36600,52600,55000,35900,55000
history_page_warm,694,30,36800,43900,53400,36100,53400
history_page_warm,695,30,36500,44100,52600,35800,52600
history_page_warm,696,30,36500,51200,53100,35600,53100
history_page_warm,697,30,36500,52800,57300,35600,57300
history_page_warm,698,30,36500,40600,52700,35800,52700
history_page_warm,699,30,36800,51200,52900,36000,52900
history_page_warm,700,30,36600,48600,53200,36000,53200
history_page_warm,701,30,36900,56300,69000,35800,69000
history_page_warm,702,30,36600,43000,52900,35700,52900
history_page_warm,703,30,36800,70600,70900,35900,70900
history_page_warm,704,30,36600,48300,52800,35700,52800
history_page_warm,705,30,36600,41500,52600,35800,52600
history_page_warm,706,30,36700,52600,54500,35500,54500
history_page_warm,707,30,36700,47300,52800,36000,52800
history_page_warm,708,30,36400,46700,52900,35800,52900
history_page_warm,709,30,36700,52800,56500,35800,56500
history_page_warm,710,30,36600,40000,52900,35700,52900
history_page_warm,711,30,36800,53000,54600,35800,54600
history_page_warm,712,30,36600,52900,93100,35700,93100
history_page_warm,713,30,36500,49800,52600,35900,52600
history_page_warm,714,30,36600,56700,65600,35600,65600
history_page_warm,715,30,36500,40200,52600,35900,52600
history_page_warm,716,30,36900,50800,53200,36300,53200
history_page_warm,717,30,36500,46100,49900,35800,49900
history_page_warm,718,30,36600,41500,75100,35900,75100
history_page_warm,719,30,36400,62100,126800,35700,126800
history_page_warm,720,30,36600,52000,65600,35500,65600
history_page_warm,721,30,36300,46500,67100,35500,67100
history_page_warm,722,30,36600,51400,56800,36000,56800
history_page_warm,723,30,36400,47300,62500,35900,62500
history_page_warm,724,30,36800,54600,58700,35900,58700
history_page_warm,725,30,36400,51400,55500,35900,55500
history_page_warm,726,30,36700,39900,67300,36000,67300
history_page_warm,727,30,36500,46600,61900,35800,61900
history_page_warm,728,30,36700,43200,61500,36100,61500
history_page_warm,729,30,36500,45000,92400,35800,92400
history_page_warm,730,30,36600,48100,59200,35800,59200
history_page_warm,731,30,36500,41700,42500,35800,42500
history_page_warm,732,30,36400,41100,48500,35800,48500
history_page_warm,733,30,36800,42300,47200,36000,47200
history_page_warm,734,30,36400,42500,48200,35500,48200
history_page_warm,735,30,36500,44000,44900,35900,44900
history_page_warm,736,30,36700,48900,51600,35600,51600
history_page_warm,737,30,36600,41300,51700,36000,51700
history_page_warm,738,30,36500,53200,58400,35400,58400
history_page_warm,739,30,36400,42000,44500,35900,44500
history_page_warm,740,30,36600,45300,52000,35800,52000
history_page_warm,741,30,36800,48100,48900,36100,48900
history_page_warm,742,30,36600,47700,47900,35900,47900
history_page_warm,743,30,36600,46400,48000,35700,48000
history_page_warm,744,30,36700,43600,98100,35800,98100
history_page_warm,745,30,36800,51300,71100,35800,71100
history_page_warm,746,30,36600,46000,46200,35800,46200
history_page_warm,747,30,36600,44900,108500,35700,108500
history_page_warm,748,30,36700,59300,72200,35800,72200
history_page_warm,749,30,36500,41300,44400,35900,44400
history_page_warm,750,30,37100,42300,54700,36000,54700
history_page_warm,751,30,36700,46000,94400,35800,94400
history_page_warm,752,30,36700,79500,98600,35900,98600
history_page_warm,753,30,36600,47000,66700,35500,66700
history_page_warm,754,30,36800,46800,49400,35900,49400
history_page_warm,755,30,36700,40800,42300,35600,42300
history_page_warm,756,30,36700,42700,43100,35800,43100
history_page_warm,757,30,36600,40300,41200,35700,41200
history_page_warm,758,30,36900,41000,46700,36100,46700
history_page_warm,759,30,36600,41600,44100,35700,44100
history_page_warm,760,30,36600,41000,43800,35700,43800
history_page_warm,761,30,36500,41100,79900,35700,79900
history_page_warm,762,30,36800,40000,41200,36000,41200
history_page_warm,763,30,36600,45800,46700,35700,46700
history_page_warm,764,30,36600,42200,104400,35800,104400
history_page_warm,765,30,36600,46500,101400,35700,101400
history_page_warm,766,30,36600,58800,75300,35800,75300
history_page_warm,767,30,36800,40000,41700,35600,41700
history_page_warm,768,30,36500,55300,65500,35700,65500
history_page_warm,769,30,36800,40300,42000,35800,42000
history_page_warm,770,30,36600,39900,41500,35600,41500
history_page_warm,771,30,36700,41300,50000,35700,50000
history_page_warm,772,30,36500,40800,44400,35900,44400
history_page_warm,773,30,36500,46800,52600,35800,52600
history_page_warm,774,30,36600,40100,40500,35900,40500
history_page_warm,775,30,36900,42400,48800,35900,48800
history_page_warm,776,30,36500,40200,60800,35800,60800
history_page_warm,777,30,36700,39700,74500,35700,74500
history_page_warm,778,30,36700,64900,69800,35800,69800
history_page_warm,779,30,36800,41100,69300,36200,69300
history_page_warm,780,30,36500,49900,69100,35800,69100
history_page_warm,781,30,36500,39700,69100,35600,69100
history_page_warm,782,30,36800,50800,68800,35600,68800
history_page_warm,783,30,36800,50300,68800,35600,68800
history_page_warm,784,30,37000,63500,69300,36100,69300
history_page_warm,785,30,36600,69000,112000,35500,112000
history_page_warm,786,30,36600,42100,69300,35800,69300
history_page_warm,787,30,36700,48100,64200,35700,64200
history_page_warm,788,30,36600,40100,51900,36000,51900
history_page_warm,789,30,36500,39200,40000,36000,40000
history_page_warm,790,30,36700,41300,46400,35700,46400
history_page_warm,791,30,36700,47800,94300,35700,94300
history_page_warm,792,30,36700,85900,99500,36100,99500
history_page_warm,793,30,36600,78900,98900,35800,98900
history_page_warm,794,30,36800,46100,109200,35700,109200
history_page_warm,795,30,36500,41300,74600,35700,74600
history_page_warm,796,30,36700,48000,48900,35900,48900
history_page_warm,797,30,36400,42700,64800,35900,64800
history_page_warm,798,30,36600,45500,76800,35900,76800
history_page_warm,799,30,36600,43600,44700,36000,44700
history_page_warm,800,30,36500,51100,69500,35700,69500
history_page_warm,801,30,36800,45100,52800,36200,52800
history_page_warm,802,30,36500,39200,40200,35500,40200
history_page_warm,803,30,36600,44000,47600,35700,47600
history_page_warm,804,30,36500,40300,55000,35800,55000
history_page_warm,805,30,36700,38700,41600,35700,41600
history_page_warm,806,30,36500,51100,66700,35500,66700
history_page_warm,807,30,36600,47500,49800,35900,49800
history_page_warm,808,30,36600,45900,59700,35700,59700
history_page_warm,809,30,36900,40800,69600,36000,69600
history_page_warm,810,30,36600,43500,55700,35700,55700
history_page_warm,811,30,36700,38900,39900,35700,39900
history_page_warm,812,30,36500,39300,48800,35700,48800
history_page_warm,813,30,36900,39100,49300,35800,49300
history_page_warm,814,30,36500,49400,50100,35400,50100
history_page_warm,815,30,36500,38900,49500,35900,49500
history_page_warm,816,30,36500,39200,43200,35800,43200
history_page_warm,817,30,36500,45000,47100,35300,47100
history_page_warm,818,30,37400,48500,74400,36500,74400
history_page_warm,819,30,36800,84300,100400,35800,100400
history_page_warm,820,30,36700,46100,78900,35800,78900
history_page_warm,821,30,36700,41600,43400,35800,43400
history_page_warm,822,30,36700,41800,48200,35700,48200
history_page_warm,823,30,36500,40700,42800,35900,42800
history_page_warm,824,30,36500,45600,85400,35900,85400
history_page_warm,825,30,36500,38900,42100,35800,42100
history_page_warm,826,30,36800,56300,83500,36100,83500
history_page_warm,827,30,36500,47100,48000,35900,48000
history_page_warm,828,30,36700,42400,46800,36000,46800
history_page_warm,829,30,36600,57200,66200,36000,66200
history_page_warm,830,30,36800,41300,48500,35800,48500
history_page_warm,831,30,36500,40700,44800,35800,44800
history_page_warm,832,30,36600,41200,44100,35500,44100
history_page_warm,833,30,36400,38500,41100,35700,41100
history_page_warm,834,30,36500,70500,136300,35900,136300
history_page_warm,835,30,36800,41200,41800,36100,41800
history_page_warm,836,30,36600,46700,102700,35800,102700
history_page_warm,837,30,36700,41000,42500,35800,42500
history_page_warm,838,30,36500,37700,41900,35900,41900
history_page_warm,839,30,36700,42200,46500,36000,46500
history_page_warm,840,30,36600,39500,41500,35900,41500
history_page_warm,841,30,36600,42800,46600,35700,46600
history_page_warm,842,30,36500,38000,42500,35600,42500
history_page_warm,843,30,36800,43200,55600,36000,55600
history_page_warm,844,30,36500,42700,43400,35600,43400
history_page_warm,845,30,36700,41300,42000,35800,42000
history_page_warm,846,30,36600,43300,52100,35800,52100
history_page_warm,847,30,36700,43700,69300,36000,69300
history_page_warm,848,30,36600,59500,93100,35900,93100
history_page_warm,849,30,36600,37900,39800,35900,39800
history_page_warm,850,30,36500,37800,45100,35700,45100
history_page_warm,851,30,36600,42700,45100,35800,45100
history_page_warm,852,30,36900,37800,37900,36200,37900
history_page_warm,853,30,36500,37800,87900,35800,87900
history_page_warm,854,30,36500,38000,40800,35800,40800
history_page_warm,855,30,36600,41100,49400,35800,49400
history_page_warm,856,30,36700,37900,38000,36100,38000
history_page_warm,857,30,36500,39100,116300,35600,116300
history_page_warm,858,30,36600,37700,67600,35800,67600
history_page_warm,859,30,36500,37900,69200,35700,69200
history_page_warm,860,30,37000,39800,88900,36300,88900
history_page_warm,861,30,36600,55900,103500,35400,103500
history_page_warm,862,30,36800,39200,59600,35800,59600
history_page_warm,863,30,36700,38400,108200,35800,108200
history_page_warm,864,30,36700,38200,70400,35800,70400
history_page_warm,865,30,36900,66900,102900,35900,102900
history_page_warm,866,30,36700,57100,59600,35800,59600
history_page_warm,867,30,36800,38200,58300,35700,58300
history_page_warm,868,30,36700,39400,91700,35600,91700
history_page_warm,869,30,37000,38700,41100,36100,41100
history_page_warm,870,30,36700,38200,38300,35500,38300
history_page_warm,871,30,36500,37700,38300,35900,38300
history_page_warm,872,30,36600,43600,47300,36000,47300
history_page_warm,873,30,36700,38800,41900,36100,41900
history_page_warm,874,30,36700,46800,60800,35600,60800
history_page_warm,875,30,36800,44300,44600,36000,44600
history_page_warm,876,30,36500,40500,46700,35900,46700
history_page_warm,877,30,37100,39800,41300,36300,41300
history_page_warm,878,30,36600,44400,78900,35900,78900
history_page_warm,879,30,36700,38600,39900,35900,39900
history_page_warm,880,30,36500,40600,44500,35900,44500
history_page_warm,881,30,36600,37800,38400,35700,38400
history_page_warm,882,30,36700,38100,124400,35800,124400
history_page_warm,883,30,36700,54600,81100,35800,81100
history_page_warm,884,30,36700,40300,71900,35900,71900
history_page_warm,885,30,36600,38000,38500,35600,38500
history_page_warm,886,30,37200,42900,43900,36500,43900
history_page_warm,887,30,36600,37800,64700,36000,64700
history_page_warm,888,30,36600,41000,60700,35700,60700
history_page_warm,889,30,36600,37900,60200,35600,60200
history_page_warm,890,30,36700,57300,67000,35900,67000
history_page_warm,891,30,36600,38200,60500,35700,60500
history_page_warm,892,30,36600,44400,59200,36100,59200
history_page_warm,893,30,36600,37900,59300,36000,59300
history_page_warm,894,30,36800,39800,59700,36100,59700
history_page_warm,895,30,36600,37400,60100,35800,60100
history_page_warm,896,30,36500,38100,59100,36000,59100
history_page_warm,897,30,36500,59500,92400,35900,92400
history_page_warm,898,30,36400,59300,99700,36000,99700
history_page_warm,899,30,36600,49700,59300,35800,59300
history_page_warm,900,30,36500,41300,59700,36000,59700
history_page_warm,901,30,36500,40200,62000,35800,62000
history_page_warm,902,30,36500,37800,54500,35800,54500
history_page_warm,903,30,36700,47200,53900,36200,53900
history_page_warm,904,30,36500,52700,58400,35900,58400
history_page_warm,905,30,36500,37300,48200,35900,48200
history_page_warm,906,30,36500,37700,49600,35800,49600
history_page_warm,907,30,36500,38000,56500,35900,56500
history_page_warm,908,30,36500,76600,99200,35700,99200
history_page_warm,909,30,36700,55400,128700,36000,128700
history_page_warm,910,30,36500,40100,46100,36000,46100
history_page_warm,911,30,36900,55600,55800,36200,55800
history_page_warm,912,30,36500,39000,46000,35600,46000
history_page_warm,913,30,36700,46600,55400,35800,55400
history_page_warm,914,30,36600,40300,51700,36000,51700
history_page_warm,915,30,36500,39000,49500,35800,49500
history_page_warm,916,30,36600,39500,53000,35900,53000
history_page_warm,917,30,36400,38200,41800,35800,41800
history_page_warm,918,30,36400,39700,42200,36100,42200
history_page_warm,919,30,36500,43600,45600,35700,45600
history_page_warm,920,30,36900,45600,56600,36300,56600
history_page_warm,921,30,36500,79100,108400,35500,108400
history_page_warm,922,30,36800,65000,80600,35700,80600
history_page_warm,923,30,36600,55000,103500,35500,103500
history_page_warm,924,30,36900,45100,68200,35800,68200
history_page_warm,925,30,36600,47900,50700,35700,50700
history_page_warm,926,30,36600,47300,50700,36000,50700
history_page_warm,927,30,36500,43700,47100,35700,47100
history_page_warm,928,30,36700,49100,49100,36100,49100
history_page_warm,929,30,36500,47500,48900,35700,48900
history_page_warm,930,30,36600,42600,57700,36100,57700
history_page_warm,931,30,36500,49900,51300,35400,51300
history_page_warm,932,30,36500,50600,51500,35800,51500
history_page_warm,933,30,36700,49900,53800,35800,53800
history_page_warm,934,30,36600,39800,52800,35900,52800
history_page_warm,935,30,36500,38500,46300,35700,46300
history_page_warm,936,30,36500,42300,52800,36100,52800
history_page_warm,937,30,36800,42800,70800,36000,70800
history_page_warm,938,30,36600,42700,44600,35900,44600
history_page_warm,939,30,36600,42800,46700,35900,46700
history_page_warm,940,30,36500,41400,47200,35600,47200
history_page_warm,941,30,36600,38600,52200,35800,52200
history_page_warm,942,30,36500,38200,39300,35900,39300
history_page_warm,943,30,36500,38400,46500,35900,46500
history_page_warm,944,30,36500,38000,53600,35700,53600
history_page_warm,945,30,36800,39600,47200,36300,47200
history_page_warm,946,30,36600,43200,49300,36100,49300
history_page_warm,947,30,36800,46400,49500,36100,49500
history_page_warm,948,30,36600,38300,53200,36000,53200
history_page_warm,949,30,36600,39100,53000,35900,53000
history_page_warm,950,30,36700,48800,49300,36100,49300
history_page_warm,951,30,36500,43400,49300,35800,49300
history_page_warm,952,30,36800,49300,54400,35800,54400
history_page_warm,953,30,36700,44600,49900,35800,49900
history_page_warm,954,30,37300,46600,53500,36500,53500
history_page_warm,955,30,36700,43600,50100,35700,50100
history_page_warm,956,30,36500,48600,54700,35400,54700
history_page_warm,957,30,36600,47000,52900,35800,52900
history_page_warm,958,30,36700,39500,54800,36200,54800
history_page_warm,959,30,36600,47000,55000,35900,55000
history_page_warm,960,30,36500,42300,55200,36000,55200
history_page_warm,961,30,36700,39200,48200,36100,48200
history_page_warm,962,30,37000,43400,45500,36300,45500
history_page_warm,963,30,36600,43800,98500,35600,98500
history_page_warm,964,30,36500,47500,51800,36000,51800
history_page_warm,965,30,36700,39400,46200,36000,46200
history_page_warm,966,30,36600,117500,124900,35900,124900
history_page_warm,967,30,36700,85800,105100,36100,105100
history_page_warm,968,30,36800,57000,102900,36200,102900
history_page_warm,969,30,36700,50200,63000,36000,63000
history_page_warm,970,30,36600,53900,63900,36000,63900
history_page_warm,971,30,36900,45700,57200,36200,57200
history_page_warm,972,30,36400,45700,52900,36000,52900
history_page_warm,973,30,36600,40300,48900,36000,48900
history_page_warm,974,30,36600,58000,59600,36000,59600
history_page_warm,975,30,36800,39900,43100,35900,43100
history_page_warm,976,30,36600,39500,41900,35500,41900
history_page_warm,977,30,36600,49500,50400,36100,50400
history_page_warm,978,30,36400,39600,39700,35900,39700
history_page_warm,979,30,36900,52500,56600,36200,56600
history_page_warm,980,30,36600,39800,72500,36000,72500
history_page_warm,981,30,36600,43000,54200,36200,54200
history_page_warm,982,30,36500,44100,49600,35800,49600
history_page_warm,983,30,36500,40200,40800,35900,40800
history_page_warm,984,30,36500,48700,52200,36100,52200
history_page_warm,985,30,36500,38500,69200,36000,69200
history_page_warm,986,30,36500,47100,101500,35900,101500
history_page_warm,987,30,36500,43900,127000,35600,127000
history_page_warm,988,30,37000,52500,77100,35900,77100
history_page_warm,989,30,36300,51700,74800,35600,74800
history_page_warm,990,30,36600,55100,76000,36100,76000
history_page_warm,991,30,36500,56000,74500,35800,74500
history_page_warm,992,30,36700,59200,74400,36000,74400
history_page_warm,993,30,36500,46800,48700,35800,48700
history_page_warm,994,30,36500,40700,42900,36000,42900
history_page_warm,995,30,36400,43000,43600,36000,43600
history_page_warm,996,30,36800,38500,43300,36100,43300
history_page_warm,997,30,36700,46100,96900,35900,96900
history_page_warm,998,30,36600,41800,78300,35900,78300
history_page_warm,999,30,36500,38200,47700,35800,47700
history_page_warm,1000,30,36400,41100,43100,35700,43100
history_page_warm,1001,30,36500,38400,50200,36000,50200
history_page_warm,1002,30,36500,39800,40800,35800,40800
history_page_warm,1003,30,36400,48500,48800,36000,48800
history_page_warm,1004,30,36400,39100,141200,35900,141200
history_page_warm,1005,30,36800,47900,85000,36300,85000
history_page_warm,1006,30,36500,47700,55000,35700,55000
history_page_warm,1007,30,36400,37800,40500,35900,40500
history_page_warm,1008,30,36300,47200,51700,35800,51700
history_page_warm,1009,30,36600,47300,49000,36100,49000
history_page_warm,1010,30,36400,37700,54500,35400,54500
history_page_warm,1011,30,36500,38200,46200,36100,46200
history_page_warm,1012,30,36400,46000,118600,35600,118600
history_page_warm,1013,30,36700,50100,74800,36100,74800
history_page_warm,1014,30,36700,43500,48100,35900,48100
history_page_warm,1015,30,36600,84200,85800,36100,85800
history_page_warm,1016,30,36500,43900,47300,35600,47300
history_page_warm,1017,30,36300,42000,46200,35700,46200
history_page_warm,1018,30,36400,37500,40100,36100,40100
history_page_warm,1019,30,36400,44800,46700,35800,46700
history_page_warm,1020,30,36400,40500,42200,35800,42200
history_page_warm,1021,30,36300,43900,100500,35700,100500
history_page_warm,1022,30,37200,42600,111500,36400,111500
history_page_warm,1023,30,36500,39800,67500,35800,67500
history_page_warm,1024,30,36500,46800,67600,35800,67600
history_page_warm,1025,30,36400,62700,71300,35800,71300
history_page_warm,1026,30,36700,53500,58600,36000,58600
history_page_warm,1027,30,36400,62900,132700,35900,132700
history_page_warm,1028,30,36500,59500,86300,35900,86300
history_page_warm,1029,30,36500,64900,76100,35900,76100
history_page_warm,1030,30,36900,64000,69700,36200,69700
history_page_warm,1031,30,36500,66000,69400,35800,69400
history_page_warm,1032,30,36500,60900,69700,36000,69700
history_page_warm,1033,30,36600,69900,80800,36100,80800
history_page_warm,1034,30,36500,57100,69200,35800,69200
history_page_warm,1035,30,36600,49100,69200,35900,69200
history_page_warm,1036,30,36500,52100,69300,35900,69300
history_page_warm,1037,30,36500,48900,80700,35900,80700
history_page_warm,1038,30,36500,49800,80400,35800,80400
history_page_warm,1039,30,36700,41200,69500,36300,69500
history_page_warm,1040,30,36500,43600,75000,35700,75000
history_page_warm,1041,30,36500,48400,69800,35800,69800
history_page_warm,1042,30,36300,39400,69000,36000,69000
history_page_warm,1043,30,36600,45200,69300,36000,69300
history_page_warm,1044,30,36400,69200,134700,36000,134700
history_page_warm,1045,30,36500,40000,69300,36000,69300
history_page_warm,1046,30,36600,60200,69100,35900,69100
history_page_warm,1047,30,36800,62500,69600,36100,69600
history_page_warm,1048,30,36500,69300,85300,35900,85300
history_page_warm,1049,30,36700,69300,70100,36100,70100
history_page_warm,1050,30,36700,69300,94300,35800,94300
history_page_warm,1051,30,36500,49400,79500,35900,79500
history_page_warm,1052,30,36600,56600,69900,35900,69900
history_page_warm,1053,30,36600,54300,69200,36100,69200
history_page_warm,1054,30,36600,52600,69000,35900,69000
history_page_warm,1055,30,36500,50100,69000,35800,69000
history_page_warm,1056,30,37000,74400,97400,36200,97400
history_page_warm,1057,30,36600,60700,69000,36000,69000
history_page_warm,1058,30,36700,53900,69200,36000,69200
history_page_warm,1059,30,36500,58800,69000,35800,69000
history_page_warm,1060,30,36800,51600,81400,36000,81400
history_page_warm,1061,30,36600,55900,69600,35800,69600
history_page_warm,1062,30,36500,49800,69500,35700,69500
history_page_warm,1063,30,36700,44700,69100,35900,69100
history_page_warm,1064,30,36900,50900,69600,36100,69600
history_page_warm,1065,30,36500,69200,126200,36000,126200
history_page_warm,1066,30,36900,75200,88400,36000,88400
history_page_warm,1067,30,36500,46000,70800,35600,70800
history_page_warm,1068,30,36600,46800,70800,35600,70800
history_page_warm,1069,30,36900,66600,80600,35700,80600
history_page_warm,1070,30,36700,51400,56100,35900,56100
history_page_warm,1071,30,36500,49500,63000,35800,63000
history_page_warm,1072,30,36600,58700,135300,35900,135300
history_page_warm,1073,30,37000,61900,188200,36300,188200
history_page_warm,1074,30,36500,65600,153100,36000,153100
history_page_warm,1075,30,36600,50100,65000,36100,65000
history_page_warm,1076,30,36700,50900,58600,36000,58600
history_page_warm,1077,30,36700,58300,77400,36100,77400
history_page_warm,1078,30,36700,42700,47600,35800,47600
history_page_warm,1079,30,36600,40000,42800,36000,42800
history_page_warm,1080,30,36400,43200,43300,36100,43300
history_page_warm,1081,30,36800,44700,87800,36200,87800
history_page_warm,1082,30,36600,41900,66800,36000,66800
history_page_warm,1083,30,36600,57700,76200,35900,76200
history_page_warm,1084,30,36600,43100,61300,35800,61300
history_page_warm,1085,30,36600,42700,51100,35900,51100
history_page_warm,1086,30,36800,63600,103700,36000,103700
history_page_warm,1087,30,36700,42800,44600,36200,44600
history_page_warm,1088,30,36800,53600,56000,36100,56000
history_page_warm,1089,30,20600,24200,26100,20100,26100
