operation,page,samples,p50_ns,p95_ns,p99_ns,minimum_ns,maximum_ns
history_page_cold_cpu_cache,1,30,40300,75500,132300,33900,132300
history_page_cold_cpu_cache,2,30,53900,61900,83300,49500,83300
history_page_cold_cpu_cache,3,30,52400,70800,142900,45000,142900
history_page_cold_cpu_cache,4,30,51800,62400,82400,43900,82400
history_page_cold_cpu_cache,5,30,53500,65200,99300,43600,99300
history_page_cold_cpu_cache,6,30,57500,85900,141200,45700,141200
history_page_cold_cpu_cache,7,30,55000,91700,102800,43800,102800
history_page_cold_cpu_cache,8,30,51500,63300,76100,45300,76100
history_page_cold_cpu_cache,9,30,51200,60600,60700,41900,60700
history_page_cold_cpu_cache,10,30,53500,81700,100300,41400,100300
history_page_cold_cpu_cache,11,30,55100,82700,96200,42700,96200
history_page_cold_cpu_cache,12,30,52500,63900,110500,49100,110500
history_page_cold_cpu_cache,13,30,51500,66000,66600,46600,66600
history_page_cold_cpu_cache,14,30,51300,98100,102300,47800,102300
history_page_cold_cpu_cache,15,30,52100,101100,106600,44000,106600
history_page_cold_cpu_cache,16,30,55400,91700,115200,46000,115200
history_page_cold_cpu_cache,17,30,54400,91200,106700,46100,106700
history_page_cold_cpu_cache,18,30,51600,62800,67200,43000,67200
history_page_cold_cpu_cache,19,30,51900,70000,72200,43900,72200
history_page_cold_cpu_cache,20,30,52600,64100,71500,44500,71500
history_page_cold_cpu_cache,21,30,55600,69600,71000,46700,71000
history_page_cold_cpu_cache,22,30,53800,84700,110100,46500,110100
history_page_cold_cpu_cache,23,30,52900,95900,102700,46100,102700
history_page_cold_cpu_cache,24,30,53200,60700,98800,46100,98800
history_page_cold_cpu_cache,25,30,55000,102400,109500,45800,109500
history_page_cold_cpu_cache,26,30,56200,90800,98100,46400,98100
history_page_cold_cpu_cache,27,30,54600,65800,209400,48700,209400
history_page_cold_cpu_cache,28,30,52800,62700,65800,47100,65800
history_page_cold_cpu_cache,29,30,52000,104500,113300,46400,113300
history_page_cold_cpu_cache,30,30,52800,65600,97000,45400,97000
history_page_cold_cpu_cache,31,30,55100,62400,94400,46900,94400
history_page_cold_cpu_cache,32,30,55400,86400,102600,48000,102600
history_page_cold_cpu_cache,33,30,53800,98200,108300,48900,108300
history_page_cold_cpu_cache,34,30,53000,95200,101200,47600,101200
history_page_cold_cpu_cache,35,30,55100,97700,111700,47300,111700
history_page_cold_cpu_cache,36,30,54400,63100,70600,44300,70600
history_page_cold_cpu_cache,37,30,54100,114800,149200,48400,149200
history_page_cold_cpu_cache,38,30,53500,87300,169500,47900,169500
history_page_cold_cpu_cache,39,30,53800,95900,100000,44200,100000
history_page_cold_cpu_cache,40,30,54800,67300,69600,44700,69600
history_page_cold_cpu_cache,41,30,53900,62200,114800,44000,114800
history_page_cold_cpu_cache,42,30,54500,89300,97600,46400,97600
history_page_cold_cpu_cache,43,30,55800,60300,61600,42900,61600
history_page_cold_cpu_cache,44,30,53100,86900,108700,45300,108700
history_page_cold_cpu_cache,45,30,55700,81000,117300,44700,117300
history_page_cold_cpu_cache,46,30,53000,81500,98000,41900,98000
history_page_cold_cpu_cache,47,30,54400,73000,99400,46500,99400
history_page_cold_cpu_cache,48,30,54400,70400,114200,47400,114200
history_page_cold_cpu_cache,49,30,51500,63600,65200,47100,65200
history_page_cold_cpu_cache,50,30,54600,71300,104700,47200,104700
history_page_cold_cpu_cache,51,30,53000,62400,112600,46500,112600
history_page_cold_cpu_cache,52,30,54800,109900,185900,48100,185900
history_page_cold_cpu_cache,53,30,54700,68100,87200,48100,87200
history_page_cold_cpu_cache,54,30,52900,65500,67700,47700,67700
history_page_cold_cpu_cache,55,30,52300,62000,85900,46400,85900
history_page_cold_cpu_cache,56,30,55600,92500,108500,46300,108500
history_page_cold_cpu_cache,57,30,53300,63100,64100,48200,64100
history_page_cold_cpu_cache,58,30,54500,62900,85200,48000,85200
history_page_cold_cpu_cache,59,30,53400,69900,70100,48100,70100
history_page_cold_cpu_cache,60,30,55400,84100,210700,47000,210700
history_page_cold_cpu_cache,61,30,56100,99100,101800,47600,101800
history_page_cold_cpu_cache,62,30,51100,81700,103600,46400,103600
history_page_cold_cpu_cache,63,30,53100,107500,200700,45800,200700
history_page_cold_cpu_cache,64,30,53700,71000,98200,45500,98200
history_page_cold_cpu_cache,65,30,55200,100400,194900,48200,194900
history_page_cold_cpu_cache,66,30,56700,89500,92500,49700,92500
history_page_cold_cpu_cache,67,30,53400,89200,114600,46300,114600
history_page_cold_cpu_cache,68,30,51700,127500,159600,44700,159600
history_page_cold_cpu_cache,69,30,52000,87000,88300,41800,88300
history_page_cold_cpu_cache,70,30,54100,81800,101600,42500,101600
history_page_cold_cpu_cache,71,30,54300,98500,100400,46900,100400
history_page_cold_cpu_cache,72,30,54100,71900,102500,46700,102500
history_page_cold_cpu_cache,73,30,53000,86400,95800,46400,95800
history_page_cold_cpu_cache,74,30,51400,107300,121300,46300,121300
history_page_cold_cpu_cache,75,30,52200,124400,160700,44700,160700
history_page_cold_cpu_cache,76,30,53700,87100,104900,44100,104900
history_page_cold_cpu_cache,77,30,53500,83000,126100,44900,126100
history_page_cold_cpu_cache,78,30,54000,106500,111500,43500,111500
history_page_cold_cpu_cache,79,30,55600,83000,122500,47800,122500
history_page_cold_cpu_cache,80,30,52600,96700,127100,47200,127100
history_page_cold_cpu_cache,81,30,56400,95500,98300,48000,98300
history_page_cold_cpu_cache,82,30,52800,125600,134000,46900,134000
history_page_cold_cpu_cache,83,30,55400,68300,71900,46200,71900
history_page_cold_cpu_cache,84,30,54100,101300,148200,43900,148200
history_page_cold_cpu_cache,85,30,52000,92200,147300,45100,147300
history_page_cold_cpu_cache,86,30,53300,108000,191600,44300,191600
history_page_cold_cpu_cache,87,30,55800,103100,120300,47000,120300
history_page_cold_cpu_cache,88,30,55500,98900,103900,46700,103900
history_page_cold_cpu_cache,89,30,54400,102800,156900,45800,156900
history_page_cold_cpu_cache,90,30,53100,104000,106000,47200,106000
history_page_cold_cpu_cache,91,30,54800,101200,106700,47100,106700
history_page_cold_cpu_cache,92,30,54500,97600,101100,46500,101100
history_page_cold_cpu_cache,93,30,55500,109700,263700,44400,263700
history_page_cold_cpu_cache,94,30,56000,102300,106500,48800,106500
history_page_cold_cpu_cache,95,30,51100,101800,125600,42700,125600
history_page_cold_cpu_cache,96,30,53200,65700,174800,43700,174800
history_page_cold_cpu_cache,97,30,55100,101800,118000,43800,118000
history_page_cold_cpu_cache,98,30,55100,116300,117000,47700,117000
history_page_cold_cpu_cache,99,30,53700,102800,151600,48300,151600
history_page_cold_cpu_cache,100,30,52000,103000,111400,43500,111400
history_page_cold_cpu_cache,101,30,52700,98700,103100,44800,103100
history_page_cold_cpu_cache,102,30,55100,102500,130500,46600,130500
history_page_cold_cpu_cache,103,30,54700,79400,103800,46000,103800
history_page_cold_cpu_cache,104,30,55600,111900,129400,46700,129400
history_page_cold_cpu_cache,105,30,52400,103000,107000,46000,107000
history_page_cold_cpu_cache,106,30,51600,72600,75800,46800,75800
history_page_cold_cpu_cache,107,30,52400,87900,139500,45700,139500
history_page_cold_cpu_cache,108,30,53400,112000,132000,47500,132000
history_page_cold_cpu_cache,109,30,53200,112000,136000,47500,136000
history_page_cold_cpu_cache,110,30,51800,60600,408600,46000,408600
history_page_cold_cpu_cache,111,30,50400,104100,105100,45000,105100
history_page_cold_cpu_cache,112,30,55800,101600,156300,47100,156300
history_page_cold_cpu_cache,113,30,54200,94100,98500,47800,98500
history_page_cold_cpu_cache,114,30,53900,75300,457600,46900,457600
history_page_cold_cpu_cache,115,30,53900,101600,159100,46500,159100
history_page_cold_cpu_cache,116,30,51600,103000,187200,48000,187200
history_page_cold_cpu_cache,117,30,54100,99100,356300,47200,356300
history_page_cold_cpu_cache,118,30,56000,103200,105000,48300,105000
history_page_cold_cpu_cache,119,30,55700,66000,71800,46800,71800
history_page_cold_cpu_cache,120,30,53800,60500,61000,47900,61000
history_page_cold_cpu_cache,121,30,50800,59700,103700,47700,103700
history_page_cold_cpu_cache,122,30,54700,93400,98200,47000,98200
history_page_cold_cpu_cache,123,30,56500,102800,176700,46300,176700
history_page_cold_cpu_cache,124,30,54800,73100,125500,46700,125500
history_page_cold_cpu_cache,125,30,53500,68600,98100,48300,98100
history_page_cold_cpu_cache,126,30,50300,63300,64300,46500,64300
history_page_cold_cpu_cache,127,30,56100,100800,118400,47300,118400
history_page_cold_cpu_cache,128,30,55400,145400,151200,47100,151200
history_page_cold_cpu_cache,129,30,52100,69900,82700,44300,82700
history_page_cold_cpu_cache,130,30,54200,75000,103300,44800,103300
history_page_cold_cpu_cache,131,30,53200,66100,97500,45500,97500
history_page_cold_cpu_cache,132,30,54500,66900,159400,48200,159400
history_page_cold_cpu_cache,133,30,56300,103400,335900,47700,335900
history_page_cold_cpu_cache,134,30,54700,81700,96700,48300,96700
history_page_cold_cpu_cache,135,30,56000,88600,97400,47600,97400
history_page_cold_cpu_cache,136,30,54900,65000,124000,47000,124000
history_page_cold_cpu_cache,137,30,55000,74800,101500,46200,101500
history_page_cold_cpu_cache,138,30,54900,99100,102300,45600,102300
history_page_cold_cpu_cache,139,30,54400,79200,85900,43800,85900
history_page_cold_cpu_cache,140,30,55600,66200,70300,47600,70300
history_page_cold_cpu_cache,141,30,53100,66000,96500,48400,96500
history_page_cold_cpu_cache,142,30,53600,93100,115800,46900,115800
history_page_cold_cpu_cache,143,30,56400,83000,244400,46700,244400
history_page_cold_cpu_cache,144,30,56100,93000,178500,46900,178500
history_page_cold_cpu_cache,145,30,53700,65300,83100,47500,83100
history_page_cold_cpu_cache,146,30,54300,101300,178200,47700,178200
history_page_cold_cpu_cache,147,30,53900,62100,95600,45800,95600
history_page_cold_cpu_cache,148,30,56400,76300,117400,47600,117400
history_page_cold_cpu_cache,149,30,55500,84900,104700,42200,104700
history_page_cold_cpu_cache,150,30,53300,74100,138500,42900,138500
history_page_cold_cpu_cache,151,30,51800,100700,176100,45700,176100
history_page_cold_cpu_cache,152,30,55300,100800,508600,44500,508600
history_page_cold_cpu_cache,153,30,53700,79900,97700,43900,97700
history_page_cold_cpu_cache,154,30,53100,61700,64000,48300,64000
history_page_cold_cpu_cache,155,30,53800,101400,130300,48100,130300
history_page_cold_cpu_cache,156,30,53200,101300,104200,43900,104200
history_page_cold_cpu_cache,157,30,53600,63400,66200,42900,66200
history_page_cold_cpu_cache,158,30,55800,60800,63200,48000,63200
history_page_cold_cpu_cache,159,30,53200,88700,102200,47900,102200
history_page_cold_cpu_cache,160,30,53300,75900,104100,47400,104100
history_page_cold_cpu_cache,161,30,52700,70800,98900,46700,98900
history_page_cold_cpu_cache,162,30,56400,75300,100600,47800,100600
history_page_cold_cpu_cache,163,30,53300,104400,156500,46900,156500
history_page_cold_cpu_cache,164,30,57600,97200,103200,46500,103200
history_page_cold_cpu_cache,165,30,56300,117000,135500,45700,135500
history_page_cold_cpu_cache,166,30,53500,102400,132800,45700,132800
history_page_cold_cpu_cache,167,30,53800,68300,111500,43700,111500
history_page_cold_cpu_cache,168,30,53900,98100,110000,46100,110000
history_page_cold_cpu_cache,169,30,54200,71700,81900,47500,81900
history_page_cold_cpu_cache,170,30,54600,81600,100300,47500,100300
history_page_cold_cpu_cache,171,30,55100,83700,85200,46900,85200
history_page_cold_cpu_cache,172,30,55100,119000,128600,48400,128600
history_page_cold_cpu_cache,173,30,56500,63500,63800,48200,63800
history_page_cold_cpu_cache,174,30,54600,75600,106800,45600,106800
history_page_cold_cpu_cache,175,30,55200,100500,116900,45700,116900
history_page_cold_cpu_cache,176,30,54100,66900,86500,47300,86500
history_page_cold_cpu_cache,177,30,55500,64000,71600,47700,71600
history_page_cold_cpu_cache,178,30,52000,64200,123500,47700,123500
history_page_cold_cpu_cache,179,30,54400,69800,83500,46900,83500
history_page_cold_cpu_cache,180,30,56500,103200,105900,47600,105900
history_page_cold_cpu_cache,181,30,55600,129900,131900,48600,131900
history_page_cold_cpu_cache,182,30,54400,109600,164100,47200,164100
history_page_cold_cpu_cache,183,30,56600,105900,107500,46600,107500
history_page_cold_cpu_cache,184,30,52800,67000,90400,47900,90400
history_page_cold_cpu_cache,185,30,54300,116700,151500,45500,151500
history_page_cold_cpu_cache,186,30,56100,66000,340600,47900,340600
history_page_cold_cpu_cache,187,30,55500,70100,80200,47400,80200
history_page_cold_cpu_cache,188,30,56100,93800,96600,46800,96600
history_page_cold_cpu_cache,189,30,53200,72400,90300,48800,90300
history_page_cold_cpu_cache,190,30,56300,72200,72400,48400,72400
history_page_cold_cpu_cache,191,30,55100,91500,100200,46800,100200
history_page_cold_cpu_cache,192,30,54300,72800,175500,48300,175500
history_page_cold_cpu_cache,193,30,55500,70000,84700,47100,84700
history_page_cold_cpu_cache,194,30,52700,70400,85300,48100,85300
history_page_cold_cpu_cache,195,30,52900,118600,121500,48300,121500
history_page_cold_cpu_cache,196,30,51700,107500,115200,46100,115200
history_page_cold_cpu_cache,197,30,53300,64600,86400,42100,86400
history_page_cold_cpu_cache,198,30,52600,62100,100000,42500,100000
history_page_cold_cpu_cache,199,30,51600,86800,103900,45900,103900
history_page_cold_cpu_cache,200,30,52100,86200,89000,48400,89000
history_page_cold_cpu_cache,201,30,56700,67200,73300,48600,73300
history_page_cold_cpu_cache,202,30,53100,64500,87200,47100,87200
history_page_cold_cpu_cache,203,30,52000,67900,74700,45400,74700
history_page_cold_cpu_cache,204,30,53100,85200,208700,45700,208700
history_page_cold_cpu_cache,205,30,53500,88600,95600,44900,95600
history_page_cold_cpu_cache,206,30,56500,125100,239100,47400,239100
history_page_cold_cpu_cache,207,30,53100,60800,62900,46700,62900
history_page_cold_cpu_cache,208,30,55000,68800,73600,46800,73600
history_page_cold_cpu_cache,209,30,53900,110700,142500,41900,142500
history_page_cold_cpu_cache,210,30,52400,68900,102300,43200,102300
history_page_cold_cpu_cache,211,30,53000,141500,142600,46500,142600
history_page_cold_cpu_cache,212,30,52400,87900,101700,45500,101700
history_page_cold_cpu_cache,213,30,54000,149500,194100,46200,194100
history_page_cold_cpu_cache,214,30,55200,63300,97900,45400,97900
history_page_cold_cpu_cache,215,30,55300,102400,102700,43800,102700
history_page_cold_cpu_cache,216,30,55700,113100,135800,45000,135800
history_page_cold_cpu_cache,217,30,53600,65700,66600,44700,66600
history_page_cold_cpu_cache,218,30,53900,88700,99900,46500,99900
history_page_cold_cpu_cache,219,30,54200,61800,87000,47800,87000
history_page_cold_cpu_cache,220,30,56800,93100,99900,48500,99900
history_page_cold_cpu_cache,221,30,57500,99800,185100,48300,185100
history_page_cold_cpu_cache,222,30,52800,60400,61000,48100,61000
history_page_cold_cpu_cache,223,30,52200,111800,145300,47900,145300
history_page_cold_cpu_cache,224,30,52300,98600,104200,44300,104200
history_page_cold_cpu_cache,225,30,54000,84900,102100,48100,102100
history_page_cold_cpu_cache,226,30,56400,91700,127600,45600,127600
history_page_cold_cpu_cache,227,30,51900,62600,95300,45700,95300
history_page_cold_cpu_cache,228,30,53900,72600,92500,45300,92500
history_page_cold_cpu_cache,229,30,53500,69600,106900,46300,106900
history_page_cold_cpu_cache,230,30,55000,100400,103100,45800,103100
history_page_cold_cpu_cache,231,30,56600,98700,108400,47100,108400
history_page_cold_cpu_cache,232,30,56100,70700,145600,45500,145600
history_page_cold_cpu_cache,233,30,51700,104100,112300,45600,112300
history_page_cold_cpu_cache,234,30,54000,103700,135700,43600,135700
history_page_cold_cpu_cache,235,30,56200,100400,106800,43200,106800
history_page_cold_cpu_cache,236,30,55600,103800,107100,48100,107100
history_page_cold_cpu_cache,237,30,53300,71800,80100,46000,80100
history_page_cold_cpu_cache,238,30,52000,91700,211100,47300,211100
history_page_cold_cpu_cache,239,30,52400,95400,97500,46900,97500
history_page_cold_cpu_cache,240,30,55500,65600,98600,46600,98600
history_page_cold_cpu_cache,241,30,56100,101700,159900,45200,159900
history_page_cold_cpu_cache,242,30,53500,62600,65600,45800,65600
history_page_cold_cpu_cache,243,30,52500,61700,64900,45600,64900
history_page_cold_cpu_cache,244,30,51000,101600,113500,46900,113500
history_page_cold_cpu_cache,245,30,51100,67000,105100,47000,105100
history_page_cold_cpu_cache,246,30,54300,84400,121300,47800,121300
history_page_cold_cpu_cache,247,30,55300,67000,94600,44500,94600
history_page_cold_cpu_cache,248,30,52700,86700,99600,47500,99600
history_page_cold_cpu_cache,249,30,55500,67500,69700,47400,69700
history_page_cold_cpu_cache,250,30,56000,64400,154700,47800,154700
history_page_cold_cpu_cache,251,30,56700,66600,111700,47700,111700
history_page_cold_cpu_cache,252,30,53400,63300,108500,47500,108500
history_page_cold_cpu_cache,253,30,53600,62900,64900,48300,64900
history_page_cold_cpu_cache,254,30,53900,100000,105600,47200,105600
history_page_cold_cpu_cache,255,30,52100,99100,101600,47000,101600
history_page_cold_cpu_cache,256,30,57100,86900,97300,45100,97300
history_page_cold_cpu_cache,257,30,54300,66300,68100,44800,68100
history_page_cold_cpu_cache,258,30,50700,88000,106100,45500,106100
history_page_cold_cpu_cache,259,30,52400,89700,102900,47300,102900
history_page_cold_cpu_cache,260,30,51600,69500,74400,47400,74400
history_page_cold_cpu_cache,261,30,54400,79300,105100,48200,105100
history_page_cold_cpu_cache,262,30,56000,68200,105400,48800,105400
history_page_cold_cpu_cache,263,30,53100,76500,110800,48300,110800
history_page_cold_cpu_cache,264,30,53900,84400,90000,46800,90000
history_page_cold_cpu_cache,265,30,53300,64000,105000,46700,105000
history_page_cold_cpu_cache,266,30,53300,101500,103100,46700,103100
history_page_cold_cpu_cache,267,30,55900,104500,135000,45400,135000
history_page_cold_cpu_cache,268,30,53900,101500,145700,45600,145700
history_page_cold_cpu_cache,269,30,52800,106000,115800,44400,115800
history_page_cold_cpu_cache,270,30,54200,96400,104100,44700,104100
history_page_cold_cpu_cache,271,30,54000,100800,104200,44000,104200
history_page_cold_cpu_cache,272,30,56200,96400,108300,45600,108300
history_page_cold_cpu_cache,273,30,52700,107100,111100,44500,111100
history_page_cold_cpu_cache,274,30,51700,61100,100900,44700,100900
history_page_cold_cpu_cache,275,30,54000,117800,129700,48500,129700
history_page_cold_cpu_cache,276,30,52600,69600,103800,47200,103800
history_page_cold_cpu_cache,277,30,54200,146500,157300,44500,157300
history_page_cold_cpu_cache,278,30,52800,77500,104700,45600,104700
history_page_cold_cpu_cache,279,30,54400,142900,172400,43800,172400
history_page_cold_cpu_cache,280,30,53000,89600,104900,43200,104900
history_page_cold_cpu_cache,281,30,55900,98100,101800,43900,101800
history_page_cold_cpu_cache,282,30,53600,86800,93600,44400,93600
history_page_cold_cpu_cache,283,30,54400,110300,120100,43400,120100
history_page_cold_cpu_cache,284,30,53300,91700,120300,43900,120300
history_page_cold_cpu_cache,285,30,52500,61500,69100,42700,69100
history_page_cold_cpu_cache,286,30,54200,96000,103200,44900,103200
history_page_cold_cpu_cache,287,30,54700,126000,138800,44600,138800
history_page_cold_cpu_cache,288,30,54300,97800,110500,44200,110500
history_page_cold_cpu_cache,289,30,53200,83500,101400,45000,101400
history_page_cold_cpu_cache,290,30,51700,72900,79500,42800,79500
history_page_cold_cpu_cache,291,30,52300,80800,146900,43300,146900
history_page_cold_cpu_cache,292,30,54700,74800,82200,47200,82200
history_page_cold_cpu_cache,293,30,56900,98600,116000,47800,116000
history_page_cold_cpu_cache,294,30,54600,67000,105100,47600,105100
history_page_cold_cpu_cache,295,30,56100,65900,107300,48100,107300
history_page_cold_cpu_cache,296,30,53500,101700,102500,45600,102500
history_page_cold_cpu_cache,297,30,55500,116300,171100,47000,171100
history_page_cold_cpu_cache,298,30,56300,77100,128900,47700,128900
history_page_cold_cpu_cache,299,30,53700,112100,174500,47200,174500
history_page_cold_cpu_cache,300,30,53500,65900,101800,45500,101800
history_page_cold_cpu_cache,301,30,52400,65200,76100,44800,76100
history_page_cold_cpu_cache,302,30,53900,99200,101700,47400,101700
history_page_cold_cpu_cache,303,30,55100,81100,110800,45800,110800
history_page_cold_cpu_cache,304,30,55000,92400,172300,45700,172300
history_page_cold_cpu_cache,305,30,52500,82500,97900,48300,97900
history_page_cold_cpu_cache,306,30,52400,88600,115300,48000,115300
history_page_cold_cpu_cache,307,30,55200,98100,106200,47600,106200
history_page_cold_cpu_cache,308,30,55700,104300,104400,49400,104400
history_page_cold_cpu_cache,309,30,55000,105800,190400,48200,190400
history_page_cold_cpu_cache,310,30,52500,84600,115900,47800,115900
history_page_cold_cpu_cache,311,30,51800,94300,100300,46600,100300
history_page_cold_cpu_cache,312,30,54700,100900,103100,45100,103100
history_page_cold_cpu_cache,313,30,57000,98500,141600,45100,141600
history_page_cold_cpu_cache,314,30,51700,66400,128100,44400,128100
history_page_cold_cpu_cache,315,30,52500,110700,128400,43500,128400
history_page_cold_cpu_cache,316,30,51900,99300,108300,45100,108300
history_page_cold_cpu_cache,317,30,55000,104700,110300,43400,110300
history_page_cold_cpu_cache,318,30,53200,100800,146300,46100,146300
history_page_cold_cpu_cache,319,30,54100,101700,106900,43400,106900
history_page_cold_cpu_cache,320,30,55800,68100,101500,45500,101500
history_page_cold_cpu_cache,321,30,52900,66200,113600,47600,113600
history_page_cold_cpu_cache,322,30,53000,100300,105700,46000,105700
history_page_cold_cpu_cache,323,30,55000,87500,117500,47800,117500
history_page_cold_cpu_cache,324,30,52300,102200,107800,47800,107800
history_page_cold_cpu_cache,325,30,51800,68600,102400,47200,102400
history_page_cold_cpu_cache,326,30,52200,108000,147000,47600,147000
history_page_cold_cpu_cache,327,30,53000,101400,121100,46600,121100
history_page_cold_cpu_cache,328,30,55700,67900,223900,47200,223900
history_page_cold_cpu_cache,329,30,53700,80400,105000,48200,105000
history_page_cold_cpu_cache,330,30,54000,101600,104400,48000,104400
history_page_cold_cpu_cache,331,30,53400,98800,104700,45500,104700
history_page_cold_cpu_cache,332,30,51900,72900,83000,45100,83000
history_page_cold_cpu_cache,333,30,54200,89600,108300,42900,108300
history_page_cold_cpu_cache,334,30,55200,111100,120500,45900,120500
history_page_cold_cpu_cache,335,30,53100,101800,130200,45300,130200
history_page_cold_cpu_cache,336,30,50100,103300,130300,45000,130300
history_page_cold_cpu_cache,337,30,51900,108900,128500,45800,128500
history_page_cold_cpu_cache,338,30,53000,80500,103500,44100,103500
history_page_cold_cpu_cache,339,30,54300,96400,134400,44100,134400
history_page_cold_cpu_cache,340,30,53100,124700,155500,47900,155500
history_page_cold_cpu_cache,341,30,50600,66600,112100,46400,112100
history_page_cold_cpu_cache,342,30,52700,84000,120200,45800,120200
history_page_cold_cpu_cache,343,30,55000,101900,102000,45900,102000
history_page_cold_cpu_cache,344,30,56500,103000,132900,46300,132900
history_page_cold_cpu_cache,345,30,51900,115400,125900,48900,125900
history_page_cold_cpu_cache,346,30,54300,85600,101900,48200,101900
history_page_cold_cpu_cache,347,30,53000,66600,101700,45900,101700
history_page_cold_cpu_cache,348,30,54200,103500,114900,47100,114900
history_page_cold_cpu_cache,349,30,55700,76300,77200,47300,77200
history_page_cold_cpu_cache,350,30,53300,70000,112600,48500,112600
history_page_cold_cpu_cache,351,30,50800,97200,141400,48400,141400
history_page_cold_cpu_cache,352,30,51600,66500,101400,46000,101400
history_page_cold_cpu_cache,353,30,52700,107200,163900,42200,163900
history_page_cold_cpu_cache,354,30,55400,105400,112200,47600,112200
history_page_cold_cpu_cache,355,30,51800,103600,104600,45400,104600
history_page_cold_cpu_cache,356,30,50000,65800,102400,45600,102400
history_page_cold_cpu_cache,357,30,51900,103000,104800,46500,104800
history_page_cold_cpu_cache,358,30,53700,79900,98900,46100,98900
history_page_cold_cpu_cache,359,30,56300,160000,185800,48500,185800
history_page_cold_cpu_cache,360,30,55100,99100,104600,43800,104600
history_page_cold_cpu_cache,361,30,50700,80500,121700,42500,121700
history_page_cold_cpu_cache,362,30,50300,76600,124800,44200,124800
history_page_cold_cpu_cache,363,30,51900,69600,98000,42000,98000
history_page_cold_cpu_cache,364,30,54700,77500,122200,45000,122200
history_page_cold_cpu_cache,365,30,54000,74700,145400,43000,145400
history_page_cold_cpu_cache,366,30,51300,85600,96200,43800,96200
history_page_cold_cpu_cache,367,30,54900,113000,137100,43400,137100
history_page_cold_cpu_cache,368,30,51000,99500,118600,47300,118600
history_page_cold_cpu_cache,369,30,56600,105800,126900,42900,126900
history_page_cold_cpu_cache,370,30,55500,101100,150500,44200,150500
history_page_cold_cpu_cache,371,30,52900,92000,106200,43800,106200
history_page_cold_cpu_cache,372,30,51900,119800,124400,47000,124400
history_page_cold_cpu_cache,373,30,51500,65500,91300,44500,91300
history_page_cold_cpu_cache,374,30,53400,65700,82300,44500,82300
history_page_cold_cpu_cache,375,30,55700,71000,101400,45600,101400
history_page_cold_cpu_cache,376,30,53200,62700,103600,46500,103600
history_page_cold_cpu_cache,377,30,52500,96100,174200,47100,174200
history_page_cold_cpu_cache,378,30,54400,80800,114500,47600,114500
history_page_cold_cpu_cache,379,30,53700,64200,102800,46800,102800
history_page_cold_cpu_cache,380,30,54400,96500,101500,45900,101500
history_page_cold_cpu_cache,381,30,53100,66500,122400,46500,122400
history_page_cold_cpu_cache,382,30,52200,59200,144200,48100,144200
history_page_cold_cpu_cache,383,30,52300,65700,128300,47300,128300
history_page_cold_cpu_cache,384,30,51200,103500,121700,47900,121700
history_page_cold_cpu_cache,385,30,56100,89400,143900,45800,143900
history_page_cold_cpu_cache,386,30,53000,65600,74100,45700,74100
history_page_cold_cpu_cache,387,30,51800,64500,69600,47300,69600
history_page_cold_cpu_cache,388,30,51600,113800,162800,45900,162800
history_page_cold_cpu_cache,389,30,52500,61100,118100,46800,118100
history_page_cold_cpu_cache,390,30,53300,100900,112600,45000,112600
history_page_cold_cpu_cache,391,30,53800,97800,178900,44200,178900
history_page_cold_cpu_cache,392,30,53800,62700,81600,44600,81600
history_page_cold_cpu_cache,393,30,52900,78600,80100,46900,80100
history_page_cold_cpu_cache,394,30,52700,101000,166500,45600,166500
history_page_cold_cpu_cache,395,30,55000,114500,214700,46000,214700
history_page_cold_cpu_cache,396,30,54200,64100,85400,46800,85400
history_page_cold_cpu_cache,397,30,54100,101100,115200,45600,115200
history_page_cold_cpu_cache,398,30,50300,124800,136700,43400,136700
history_page_cold_cpu_cache,399,30,50700,97800,229900,46400,229900
history_page_cold_cpu_cache,400,30,51900,172900,184000,46100,184000
history_page_cold_cpu_cache,401,30,50500,92700,100700,46800,100700
history_page_cold_cpu_cache,402,30,52700,90200,119400,43600,119400
history_page_cold_cpu_cache,403,30,50100,99500,111100,43000,111100
history_page_cold_cpu_cache,404,30,50600,65900,69700,44000,69700
history_page_cold_cpu_cache,405,30,52800,95400,106600,43400,106600
history_page_cold_cpu_cache,406,30,54100,68500,81500,47600,81500
history_page_cold_cpu_cache,407,30,50800,91700,106500,42100,106500
history_page_cold_cpu_cache,408,30,52500,68000,85100,41900,85100
history_page_cold_cpu_cache,409,30,54500,92700,102000,43700,102000
history_page_cold_cpu_cache,410,30,54100,69400,165600,46700,165600
history_page_cold_cpu_cache,411,30,54200,73000,112300,46800,112300
history_page_cold_cpu_cache,412,30,54700,122200,1309300,46600,1309300
history_page_cold_cpu_cache,413,30,50800,66900,80300,45800,80300
history_page_cold_cpu_cache,414,30,50300,103600,186400,45600,186400
history_page_cold_cpu_cache,415,30,55500,65500,96200,45400,96200
history_page_cold_cpu_cache,416,30,54600,75800,110500,43200,110500
history_page_cold_cpu_cache,417,30,52800,83800,96600,43300,96600
history_page_cold_cpu_cache,418,30,51900,60600,64800,46500,64800
history_page_cold_cpu_cache,419,30,51600,73800,98200,48400,98200
history_page_cold_cpu_cache,420,30,53300,61200,71700,46300,71700
history_page_cold_cpu_cache,421,30,55100,65400,155800,47000,155800
history_page_cold_cpu_cache,422,30,53300,63900,66000,45300,66000
history_page_cold_cpu_cache,423,30,52500,68400,79900,45400,79900
history_page_cold_cpu_cache,424,30,52700,66100,151000,44600,151000
history_page_cold_cpu_cache,425,30,52500,61200,87400,45800,87400
history_page_cold_cpu_cache,426,30,53000,105900,135500,43700,135500
history_page_cold_cpu_cache,427,30,53900,86600,88400,46200,88400
history_page_cold_cpu_cache,428,30,55300,65200,66900,45900,66900
history_page_cold_cpu_cache,429,30,52600,68900,92300,46500,92300
history_page_cold_cpu_cache,430,30,55000,69600,71700,46100,71700
history_page_cold_cpu_cache,431,30,54700,99800,103200,46500,103200
history_page_cold_cpu_cache,432,30,54700,76300,114300,46300,114300
history_page_cold_cpu_cache,433,30,56800,183500,220900,46700,220900
history_page_cold_cpu_cache,434,30,52900,96000,113900,46000,113900
history_page_cold_cpu_cache,435,30,53600,80500,110900,46000,110900
history_page_cold_cpu_cache,436,30,52300,65400,68700,45100,68700
history_page_cold_cpu_cache,437,30,52300,67300,70100,44900,70100
history_page_cold_cpu_cache,438,30,53400,100400,144600,47000,144600
history_page_cold_cpu_cache,439,30,54200,71000,107300,46800,107300
history_page_cold_cpu_cache,440,30,52000,62600,101700,47300,101700
history_page_cold_cpu_cache,441,30,51600,67300,147100,46100,147100
history_page_cold_cpu_cache,442,30,53800,82800,89900,48500,89900
history_page_cold_cpu_cache,443,30,56400,122300,145300,47600,145300
history_page_cold_cpu_cache,444,30,54800,99700,144200,47400,144200
history_page_cold_cpu_cache,445,30,53100,127300,142200,47300,142200
history_page_cold_cpu_cache,446,30,52600,107300,167500,47000,167500
history_page_cold_cpu_cache,447,30,54600,74400,163500,44100,163500
history_page_cold_cpu_cache,448,30,56000,125700,139800,43200,139800
history_page_cold_cpu_cache,449,30,54800,66100,127600,42900,127600
history_page_cold_cpu_cache,450,30,52600,61400,65000,44500,65000
history_page_cold_cpu_cache,451,30,55200,91300,157700,45800,157700
history_page_cold_cpu_cache,452,30,53300,62400,132100,44800,132100
history_page_cold_cpu_cache,453,30,54000,70000,161700,46400,161700
history_page_cold_cpu_cache,454,30,55300,76600,98000,46900,98000
history_page_cold_cpu_cache,455,30,52900,102700,158100,47200,158100
history_page_cold_cpu_cache,456,30,53400,103600,131600,47400,131600
history_page_cold_cpu_cache,457,30,52300,92800,101100,45800,101100
history_page_cold_cpu_cache,458,30,55900,154900,160600,45600,160600
history_page_cold_cpu_cache,459,30,56400,88100,103600,44500,103600
history_page_cold_cpu_cache,460,30,53900,62400,108600,47400,108600
history_page_cold_cpu_cache,461,30,54500,102100,112000,46600,112000
history_page_cold_cpu_cache,462,30,53500,82800,113500,45000,113500
history_page_cold_cpu_cache,463,30,53500,95300,109600,47300,109600
history_page_cold_cpu_cache,464,30,54500,86600,106200,44100,106200
history_page_cold_cpu_cache,465,30,54100,109900,149400,47800,149400
history_page_cold_cpu_cache,466,30,54400,101100,173400,47600,173400
history_page_cold_cpu_cache,467,30,53800,102800,108300,48000,108300
history_page_cold_cpu_cache,468,30,55500,84400,104700,46500,104700
history_page_cold_cpu_cache,469,30,55300,63000,102400,47300,102400
history_page_cold_cpu_cache,470,30,54100,86900,110200,48200,110200
history_page_cold_cpu_cache,471,30,53800,102400,111100,47900,111100
history_page_cold_cpu_cache,472,30,55200,105900,154600,47500,154600
history_page_cold_cpu_cache,473,30,55600,105700,112200,47400,112200
history_page_cold_cpu_cache,474,30,55900,68600,88300,46400,88300
history_page_cold_cpu_cache,475,30,53600,64300,106600,46700,106600
history_page_cold_cpu_cache,476,30,52700,61900,120600,47500,120600
history_page_cold_cpu_cache,477,30,53700,68400,155600,48200,155600
history_page_cold_cpu_cache,478,30,56000,70500,118500,48100,118500
history_page_cold_cpu_cache,479,30,54500,109700,115600,48300,115600
history_page_cold_cpu_cache,480,30,52600,122000,152200,46700,152200
history_page_cold_cpu_cache,481,30,52300,108600,110100,45600,110100
history_page_cold_cpu_cache,482,30,53700,88700,99600,46700,99600
history_page_cold_cpu_cache,483,30,54600,69200,72000,46700,72000
history_page_cold_cpu_cache,484,30,54300,100900,105800,43900,105800
history_page_cold_cpu_cache,485,30,56000,90100,105800,46800,105800
history_page_cold_cpu_cache,486,30,53500,67100,117700,45700,117700
history_page_cold_cpu_cache,487,30,53800,65400,82700,47000,82700
history_page_cold_cpu_cache,488,30,53600,89700,104300,46800,104300
history_page_cold_cpu_cache,489,30,52700,95500,101000,47100,101000
history_page_cold_cpu_cache,490,30,55300,116700,130800,47500,130800
history_page_cold_cpu_cache,491,30,52400,77700,99700,45400,99700
history_page_cold_cpu_cache,492,30,52700,70300,100700,43000,100700
history_page_cold_cpu_cache,493,30,53800,115300,188900,42800,188900
history_page_cold_cpu_cache,494,30,56000,124900,125700,43300,125700
history_page_cold_cpu_cache,495,30,54200,97700,103800,47600,103800
history_page_cold_cpu_cache,496,30,54200,80800,116700,44600,116700
history_page_cold_cpu_cache,497,30,53000,103600,112400,45600,112400
history_page_cold_cpu_cache,498,30,54400,103400,147500,45500,147500
history_page_cold_cpu_cache,499,30,53700,112700,142300,47800,142300
history_page_cold_cpu_cache,500,30,51900,100900,140200,45700,140200
history_page_cold_cpu_cache,501,30,52000,66400,118200,46300,118200
history_page_cold_cpu_cache,502,30,52400,71000,77900,45200,77900
history_page_cold_cpu_cache,503,30,54700,215700,234400,45600,234400
history_page_cold_cpu_cache,504,30,54500,108800,109800,47300,109800
history_page_cold_cpu_cache,505,30,51200,105200,129100,44200,129100
history_page_cold_cpu_cache,506,30,53400,73400,102000,44400,102000
history_page_cold_cpu_cache,507,30,51600,87600,102200,45100,102200
history_page_cold_cpu_cache,508,30,55000,100300,104600,47400,104600
history_page_cold_cpu_cache,509,30,55100,92200,98700,48500,98700
history_page_cold_cpu_cache,510,30,54900,121700,134800,47200,134800
history_page_cold_cpu_cache,511,30,53500,81600,163200,47000,163200
history_page_cold_cpu_cache,512,30,54000,71000,110400,46000,110400
history_page_cold_cpu_cache,513,30,54300,163300,219400,45000,219400
history_page_cold_cpu_cache,514,30,54300,68600,143600,42600,143600
history_page_cold_cpu_cache,515,30,52500,86700,94200,42600,94200
history_page_cold_cpu_cache,516,30,51700,69900,100100,42300,100100
history_page_cold_cpu_cache,517,30,53100,63600,161700,44100,161700
history_page_cold_cpu_cache,518,30,54400,106900,246400,46300,246400
history_page_cold_cpu_cache,519,30,55100,94400,98500,46100,98500
history_page_cold_cpu_cache,520,30,51000,74200,99000,45300,99000
history_page_cold_cpu_cache,521,30,50700,103700,129100,45000,129100
history_page_cold_cpu_cache,522,30,53100,105600,475200,46100,475200
history_page_cold_cpu_cache,523,30,54100,79400,86500,45800,86500
history_page_cold_cpu_cache,524,30,55200,102000,107700,45500,107700
history_page_cold_cpu_cache,525,30,51700,104400,331200,46300,331200
history_page_cold_cpu_cache,526,30,53200,91200,102400,45500,102400
history_page_cold_cpu_cache,527,30,54900,85200,101100,46200,101100
history_page_cold_cpu_cache,528,30,52800,68000,78600,46600,78600
history_page_cold_cpu_cache,529,30,55600,101500,102500,46300,102500
history_page_cold_cpu_cache,530,30,52300,75300,88900,47900,88900
history_page_cold_cpu_cache,531,30,54200,76800,97600,47300,97600
history_page_cold_cpu_cache,532,30,55300,72900,95900,49100,95900
history_page_cold_cpu_cache,533,30,53300,103800,105300,48400,105300
history_page_cold_cpu_cache,534,30,54100,107600,792700,46800,792700
history_page_cold_cpu_cache,535,30,55400,84200,105000,48700,105000
history_page_cold_cpu_cache,536,30,53400,78800,98600,47500,98600
history_page_cold_cpu_cache,537,30,52300,84700,124000,47900,124000
history_page_cold_cpu_cache,538,30,52600,65600,105300,47000,105300
history_page_cold_cpu_cache,539,30,53200,120500,192100,48400,192100
history_page_cold_cpu_cache,540,30,54600,100900,113900,48100,113900
history_page_cold_cpu_cache,541,30,54600,67600,72000,48700,72000
history_page_cold_cpu_cache,542,30,54300,101900,120600,46900,120600
history_page_cold_cpu_cache,543,30,53400,93300,363400,46900,363400
history_page_cold_cpu_cache,544,30,56300,61800,65400,47300,65400
history_page_cold_cpu_cache,545,30,55400,62100,65000,46000,65000
history_page_cold_cpu_cache,546,30,55300,98000,105700,47100,105700
history_page_cold_cpu_cache,547,30,54700,103800,131100,47300,131100
history_page_cold_cpu_cache,548,30,53900,109600,123400,45400,123400
history_page_cold_cpu_cache,549,30,54900,98200,104300,45900,104300
history_page_cold_cpu_cache,550,30,55600,93600,98500,46400,98500
history_page_cold_cpu_cache,551,30,51800,104100,163400,46600,163400
history_page_cold_cpu_cache,552,30,55500,103200,110400,47800,110400
history_page_cold_cpu_cache,553,30,55100,100500,180200,45500,180200
history_page_cold_cpu_cache,554,30,55600,103400,150100,45500,150100
history_page_cold_cpu_cache,555,30,55900,95700,114500,47400,114500
history_page_cold_cpu_cache,556,30,53200,100600,116100,45600,116100
history_page_cold_cpu_cache,557,30,54500,89800,132900,45700,132900
history_page_cold_cpu_cache,558,30,52900,91400,110100,44900,110100
history_page_cold_cpu_cache,559,30,55400,100300,102700,43900,102700
history_page_cold_cpu_cache,560,30,54400,102300,102900,47800,102900
history_page_cold_cpu_cache,561,30,53700,95300,141800,46000,141800
history_page_cold_cpu_cache,562,30,53300,75900,95700,45400,95700
history_page_cold_cpu_cache,563,30,52700,91800,105400,43900,105400
history_page_cold_cpu_cache,564,30,53500,96100,104400,48400,104400
history_page_cold_cpu_cache,565,30,53800,62700,91600,45900,91600
history_page_cold_cpu_cache,566,30,55300,101300,104300,45300,104300
history_page_cold_cpu_cache,567,30,51600,63100,99200,45500,99200
history_page_cold_cpu_cache,568,30,52300,61200,155900,47700,155900
history_page_cold_cpu_cache,569,30,53200,86500,100800,47600,100800
history_page_cold_cpu_cache,570,30,53900,108300,184900,46300,184900
history_page_cold_cpu_cache,571,30,55200,60800,180600,43100,180600
history_page_cold_cpu_cache,572,30,52300,66500,192800,44700,192800
history_page_cold_cpu_cache,573,30,52100,83400,92800,46500,92800
history_page_cold_cpu_cache,574,30,50500,62600,100100,45500,100100
history_page_cold_cpu_cache,575,30,54700,68900,102400,44300,102400
history_page_cold_cpu_cache,576,30,54900,123600,155000,43600,155000
history_page_cold_cpu_cache,577,30,51500,60500,61500,44300,61500
history_page_cold_cpu_cache,578,30,53300,67400,73500,47200,73500
history_page_cold_cpu_cache,579,30,50600,81100,98700,43400,98700
history_page_cold_cpu_cache,580,30,53900,96900,112800,42400,112800
history_page_cold_cpu_cache,581,30,55600,95900,104000,45400,104000
history_page_cold_cpu_cache,582,30,51600,66600,97400,46800,97400
history_page_cold_cpu_cache,583,30,56000,90900,99300,45800,99300
history_page_cold_cpu_cache,584,30,50200,58900,60200,46100,60200
history_page_cold_cpu_cache,585,30,52000,72700,77700,43900,77700
history_page_cold_cpu_cache,586,30,54600,96600,101300,43600,101300
history_page_cold_cpu_cache,587,30,53900,62500,66500,42900,66500
history_page_cold_cpu_cache,588,30,53500,63500,72200,46300,72200
history_page_cold_cpu_cache,589,30,52500,62500,115900,46800,115900
history_page_cold_cpu_cache,590,30,53300,64200,66700,47400,66700
history_page_cold_cpu_cache,591,30,55300,72000,80500,47100,80500
history_page_cold_cpu_cache,592,30,52400,62200,74500,45900,74500
history_page_cold_cpu_cache,593,30,51700,77600,100400,44100,100400
history_page_cold_cpu_cache,594,30,51600,76000,99600,47600,99600
history_page_cold_cpu_cache,595,30,51600,99900,121100,46400,121100
history_page_cold_cpu_cache,596,30,53500,63600,82000,47300,82000
history_page_cold_cpu_cache,597,30,55500,148700,252600,48300,252600
history_page_cold_cpu_cache,598,30,54100,100300,311200,47900,311200
history_page_cold_cpu_cache,599,30,51500,62100,102600,47000,102600
history_page_cold_cpu_cache,600,30,53500,67000,81000,43400,81000
history_page_cold_cpu_cache,601,30,55800,105300,273300,44900,273300
history_page_cold_cpu_cache,602,30,54200,89800,93700,45200,93700
history_page_cold_cpu_cache,603,30,54300,97000,108300,45800,108300
history_page_cold_cpu_cache,604,30,55700,68400,71900,47600,71900
history_page_cold_cpu_cache,605,30,57900,86200,90400,44600,90400
history_page_cold_cpu_cache,606,30,55400,86200,132200,48300,132200
history_page_cold_cpu_cache,607,30,54400,72200,82000,47200,82000
history_page_cold_cpu_cache,608,30,53300,98500,123700,46200,123700
history_page_cold_cpu_cache,609,30,55800,67100,102400,48100,102400
history_page_cold_cpu_cache,610,30,52200,100300,110900,48400,110900
history_page_cold_cpu_cache,611,30,53700,95100,111400,47200,111400
history_page_cold_cpu_cache,612,30,52800,92000,95300,45700,95300
history_page_cold_cpu_cache,613,30,54100,65100,80500,45300,80500
history_page_cold_cpu_cache,614,30,55300,61100,63100,48300,63100
history_page_cold_cpu_cache,615,30,54100,82700,92600,45400,92600
history_page_cold_cpu_cache,616,30,54000,92200,103300,46600,103300
history_page_cold_cpu_cache,617,30,52400,102200,128800,45800,128800
history_page_cold_cpu_cache,618,30,53500,111200,167500,43600,167500
history_page_cold_cpu_cache,619,30,54400,92900,113300,48700,113300
history_page_cold_cpu_cache,620,30,55500,104500,105600,44400,105600
history_page_cold_cpu_cache,621,30,54700,83800,97700,44400,97700
history_page_cold_cpu_cache,622,30,55600,99600,112600,43500,112600
history_page_cold_cpu_cache,623,30,54200,66300,81400,44600,81400
history_page_cold_cpu_cache,624,30,54500,102700,107400,46400,107400
history_page_cold_cpu_cache,625,30,54000,118800,148500,46400,148500
history_page_cold_cpu_cache,626,30,53700,149600,344200,44400,344200
history_page_cold_cpu_cache,627,30,52400,72800,112400,44800,112400
history_page_cold_cpu_cache,628,30,53400,101100,102800,46900,102800
history_page_cold_cpu_cache,629,30,52500,99100,146900,45900,146900
history_page_cold_cpu_cache,630,30,53500,97900,108600,48100,108600
history_page_cold_cpu_cache,631,30,55000,79500,99900,45500,99900
history_page_cold_cpu_cache,632,30,53300,73800,90900,46300,90900
history_page_cold_cpu_cache,633,30,51100,86000,94100,44800,94100
history_page_cold_cpu_cache,634,30,52800,89100,241400,46200,241400
history_page_cold_cpu_cache,635,30,55300,67500,85700,46300,85700
history_page_cold_cpu_cache,636,30,56000,96500,119300,44400,119300
history_page_cold_cpu_cache,637,30,52800,87000,97500,46900,97500
history_page_cold_cpu_cache,638,30,51400,64200,109800,46800,109800
history_page_cold_cpu_cache,639,30,56600,118300,129200,45800,129200
history_page_cold_cpu_cache,640,30,55300,87600,92400,45100,92400
history_page_cold_cpu_cache,641,30,55200,119600,172800,44200,172800
history_page_cold_cpu_cache,642,30,53200,62000,100300,44700,100300
history_page_cold_cpu_cache,643,30,52500,95300,98700,45500,98700
history_page_cold_cpu_cache,644,30,53100,70000,105600,43800,105600
history_page_cold_cpu_cache,645,30,53700,95300,106700,44800,106700
history_page_cold_cpu_cache,646,30,55000,100400,101200,46300,101200
history_page_cold_cpu_cache,647,30,55800,65700,96000,43400,96000
history_page_cold_cpu_cache,648,30,52200,66400,71000,46500,71000
history_page_cold_cpu_cache,649,30,54000,97200,111100,47400,111100
history_page_cold_cpu_cache,650,30,53600,70500,93000,46900,93000
history_page_cold_cpu_cache,651,30,52700,90200,99500,46400,99500
history_page_cold_cpu_cache,652,30,53900,150000,167900,48200,167900
history_page_cold_cpu_cache,653,30,54600,89700,99500,44600,99500
history_page_cold_cpu_cache,654,30,55800,100500,119000,44400,119000
history_page_cold_cpu_cache,655,30,53400,80600,108000,43200,108000
history_page_cold_cpu_cache,656,30,52500,62500,100200,46400,100200
history_page_cold_cpu_cache,657,30,53900,64900,82800,46800,82800
history_page_cold_cpu_cache,658,30,54800,92700,124600,46800,124600
history_page_cold_cpu_cache,659,30,54800,68900,77900,44800,77900
history_page_cold_cpu_cache,660,30,55300,65700,71100,45300,71100
history_page_cold_cpu_cache,661,30,52600,98000,98400,45000,98400
history_page_cold_cpu_cache,662,30,54100,131700,178400,47200,178400
history_page_cold_cpu_cache,663,30,53500,61600,64000,45400,64000
history_page_cold_cpu_cache,664,30,55500,73500,128200,44600,128200
history_page_cold_cpu_cache,665,30,55700,91500,230200,44200,230200
history_page_cold_cpu_cache,666,30,54100,100800,149900,47400,149900
history_page_cold_cpu_cache,667,30,54600,61000,69700,47000,69700
history_page_cold_cpu_cache,668,30,51800,62400,90800,44900,90800
history_page_cold_cpu_cache,669,30,52600,85700,111300,45400,111300
history_page_cold_cpu_cache,670,30,54400,74900,92200,48800,92200
history_page_cold_cpu_cache,671,30,53700,104300,118400,48000,118400
history_page_cold_cpu_cache,672,30,53000,71200,86400,47800,86400
history_page_cold_cpu_cache,673,30,52400,62400,115300,47100,115300
history_page_cold_cpu_cache,674,30,54600,68300,76000,47300,76000
history_page_cold_cpu_cache,675,30,55800,95900,119100,47000,119100
history_page_cold_cpu_cache,676,30,53700,71300,82700,45100,82700
history_page_cold_cpu_cache,677,30,51400,65900,66300,46700,66300
history_page_cold_cpu_cache,678,30,54100,65000,69200,46100,69200
history_page_cold_cpu_cache,679,30,55700,82100,83600,46700,83600
history_page_cold_cpu_cache,680,30,55900,98600,103500,47000,103500
history_page_cold_cpu_cache,681,30,52600,63600,65400,44900,65400
history_page_cold_cpu_cache,682,30,55100,91500,101400,43400,101400
history_page_cold_cpu_cache,683,30,54000,95900,119300,46100,119300
history_page_cold_cpu_cache,684,30,54800,81900,90900,44900,90900
history_page_cold_cpu_cache,685,30,55000,99400,101600,44900,101600
history_page_cold_cpu_cache,686,30,53200,101600,129300,46400,129300
history_page_cold_cpu_cache,687,30,52200,62400,71100,44200,71100
history_page_cold_cpu_cache,688,30,52800,70900,100300,46600,100300
history_page_cold_cpu_cache,689,30,53100,103800,104300,46800,104300
history_page_cold_cpu_cache,690,30,55100,116100,175000,47800,175000
history_page_cold_cpu_cache,691,30,55400,69400,80400,47400,80400
history_page_cold_cpu_cache,692,30,53900,96500,184700,45300,184700
history_page_cold_cpu_cache,693,30,54300,111000,883400,46700,883400
history_page_cold_cpu_cache,694,30,54900,64300,79100,46200,79100
history_page_cold_cpu_cache,695,30,54300,69700,70600,47500,70600
history_page_cold_cpu_cache,696,30,53900,125400,131300,47900,131300
history_page_cold_cpu_cache,697,30,52700,62800,65300,44500,65300
history_page_cold_cpu_cache,698,30,50600,156600,186700,46500,186700
history_page_cold_cpu_cache,699,30,54300,68700,90000,45700,90000
history_page_cold_cpu_cache,700,30,53700,99300,126600,48200,126600
history_page_cold_cpu_cache,701,30,54900,87000,154000,45100,154000
history_page_cold_cpu_cache,702,30,51800,84900,140200,45900,140200
history_page_cold_cpu_cache,703,30,53200,68300,78500,43800,78500
history_page_cold_cpu_cache,704,30,53300,65600,90500,43800,90500
history_page_cold_cpu_cache,705,30,55800,82100,84400,44300,84400
history_page_cold_cpu_cache,706,30,53700,103300,118600,44700,118600
history_page_cold_cpu_cache,707,30,52700,63800,101100,45800,101100
history_page_cold_cpu_cache,708,30,50100,74800,125100,44300,125100
history_page_cold_cpu_cache,709,30,55900,76700,85800,46200,85800
history_page_cold_cpu_cache,710,30,56600,63800,66400,46700,66400
history_page_cold_cpu_cache,711,30,51700,63700,72500,46000,72500
history_page_cold_cpu_cache,712,30,51900,98200,150400,46900,150400
history_page_cold_cpu_cache,713,30,51800,67700,101200,46700,101200
history_page_cold_cpu_cache,714,30,56500,66000,109700,44800,109700
history_page_cold_cpu_cache,715,30,56900,123600,148400,46800,148400
history_page_cold_cpu_cache,716,30,53700,76700,364000,46100,364000
history_page_cold_cpu_cache,717,30,54400,152100,275000,48500,275000
history_page_cold_cpu_cache,718,30,53000,67200,112000,47900,112000
history_page_cold_cpu_cache,719,30,54700,120500,133300,47600,133300
history_page_cold_cpu_cache,720,30,55700,103600,113400,46900,113400
history_page_cold_cpu_cache,721,30,55700,98200,110900,47100,110900
history_page_cold_cpu_cache,722,30,55100,76000,102600,45900,102600
history_page_cold_cpu_cache,723,30,54600,91200,110000,44800,110000
history_page_cold_cpu_cache,724,30,53400,89500,110800,48100,110800
history_page_cold_cpu_cache,725,30,55200,118300,124000,43500,124000
history_page_cold_cpu_cache,726,30,52900,105000,137800,43500,137800
history_page_cold_cpu_cache,727,30,53300,64700,67900,43400,67900
history_page_cold_cpu_cache,728,30,55700,100200,104200,44500,104200
history_page_cold_cpu_cache,729,30,52900,62900,67600,44900,67600
history_page_cold_cpu_cache,730,30,52900,108300,154200,47500,154200
history_page_cold_cpu_cache,731,30,53700,92700,98000,43600,98000
history_page_cold_cpu_cache,732,30,53900,75900,98500,44300,98500
history_page_cold_cpu_cache,733,30,52000,120300,120700,45200,120700
history_page_cold_cpu_cache,734,30,50500,59600,61500,43600,61500
history_page_cold_cpu_cache,735,30,53000,65400,74700,45400,74700
history_page_cold_cpu_cache,736,30,54600,94800,98700,45300,98700
history_page_cold_cpu_cache,737,30,55900,62900,66000,47100,66000
history_page_cold_cpu_cache,738,30,51500,61900,63700,45700,63700
history_page_cold_cpu_cache,739,30,51300,96700,101900,44400,101900
history_page_cold_cpu_cache,740,30,53600,100300,108500,46200,108500
history_page_cold_cpu_cache,741,30,54100,126700,140100,47300,140100
history_page_cold_cpu_cache,742,30,52300,69000,81900,45300,81900
history_page_cold_cpu_cache,743,30,53400,86800,100100,44600,100100
history_page_cold_cpu_cache,744,30,51700,57700,62100,45000,62100
history_page_cold_cpu_cache,745,30,54100,63800,72900,45600,72900
history_page_cold_cpu_cache,746,30,54800,64700,102700,47400,102700
history_page_cold_cpu_cache,747,30,52800,81800,97300,46900,97300
history_page_cold_cpu_cache,748,30,51900,65000,97300,47000,97300
history_page_cold_cpu_cache,749,30,54800,61800,64900,47300,64900
history_page_cold_cpu_cache,750,30,54400,96200,180200,47800,180200
history_page_cold_cpu_cache,751,30,55200,97600,167000,48800,167000
history_page_cold_cpu_cache,752,30,51900,94200,100000,47700,100000
history_page_cold_cpu_cache,753,30,54200,66100,124900,45300,124900
history_page_cold_cpu_cache,754,30,51200,73500,75000,45900,75000
history_page_cold_cpu_cache,755,30,54700,68600,71200,45100,71200
history_page_cold_cpu_cache,756,30,52900,64800,172800,43500,172800
history_page_cold_cpu_cache,757,30,52800,96100,101800,44700,101800
history_page_cold_cpu_cache,758,30,55500,69100,101500,45200,101500
history_page_cold_cpu_cache,759,30,53300,60800,65400,46200,65400
history_page_cold_cpu_cache,760,30,52300,77000,115100,48200,115100
history_page_cold_cpu_cache,761,30,52700,63000,210400,45800,210400
history_page_cold_cpu_cache,762,30,52300,90200,104200,46600,104200
history_page_cold_cpu_cache,763,30,51800,64800,65200,45400,65200
history_page_cold_cpu_cache,764,30,55200,66300,100700,44600,100700
history_page_cold_cpu_cache,765,30,52900,64200,454000,47300,454000
history_page_cold_cpu_cache,766,30,54300,64300,91300,47200,91300
history_page_cold_cpu_cache,767,30,53900,77000,100800,47800,100800
history_page_cold_cpu_cache,768,30,52000,71600,98800,46400,98800
history_page_cold_cpu_cache,769,30,52700,90300,91500,47400,91500
history_page_cold_cpu_cache,770,30,54000,68600,100700,46400,100700
history_page_cold_cpu_cache,771,30,56400,99900,125200,46400,125200
history_page_cold_cpu_cache,772,30,53700,65200,94900,45700,94900
history_page_cold_cpu_cache,773,30,54000,81600,82700,43000,82700
history_page_cold_cpu_cache,774,30,54000,72900,78900,45200,78900
history_page_cold_cpu_cache,775,30,53200,77000,92600,48800,92600
history_page_cold_cpu_cache,776,30,53800,70800,202300,48400,202300
history_page_cold_cpu_cache,777,30,52800,69600,81900,44900,81900
history_page_cold_cpu_cache,778,30,53900,83900,102800,47400,102800
history_page_cold_cpu_cache,779,30,51000,84300,150100,45500,150100
history_page_cold_cpu_cache,780,30,50700,74600,84200,45400,84200
history_page_cold_cpu_cache,781,30,55700,84100,102000,42700,102000
history_page_cold_cpu_cache,782,30,56100,61800,63000,42600,63000
history_page_cold_cpu_cache,783,30,51400,94100,98200,44700,98200
history_page_cold_cpu_cache,784,30,51500,74100,113200,46600,113200
history_page_cold_cpu_cache,785,30,52000,90100,111300,44100,111300
history_page_cold_cpu_cache,786,30,56600,88200,90600,43600,90600
history_page_cold_cpu_cache,787,30,54000,65300,77100,44300,77100
history_page_cold_cpu_cache,788,30,55500,66200,106100,46600,106100
history_page_cold_cpu_cache,789,30,51400,98000,124700,44900,124700
history_page_cold_cpu_cache,790,30,54000,100400,215100,47000,215100
history_page_cold_cpu_cache,791,30,56300,73500,238700,41200,238700
history_page_cold_cpu_cache,792,30,55400,101300,137000,46300,137000
history_page_cold_cpu_cache,793,30,53500,71400,75900,44700,75900
history_page_cold_cpu_cache,794,30,52700,78200,168400,47500,168400
history_page_cold_cpu_cache,795,30,51000,69000,89700,42700,89700
history_page_cold_cpu_cache,796,30,54600,92400,108000,45700,108000
history_page_cold_cpu_cache,797,30,51400,63100,63400,45600,63400
history_page_cold_cpu_cache,798,30,52200,69000,89700,44400,89700
history_page_cold_cpu_cache,799,30,51400,82500,98600,44900,98600
history_page_cold_cpu_cache,800,30,52700,61400,82200,45200,82200
history_page_cold_cpu_cache,801,30,55700,154100,194000,43300,194000
history_page_cold_cpu_cache,802,30,52900,77300,123800,44200,123800
history_page_cold_cpu_cache,803,30,52700,107900,124100,47900,124100
history_page_cold_cpu_cache,804,30,51800,66200,88600,46100,88600
history_page_cold_cpu_cache,805,30,52300,83400,168300,47100,168300
history_page_cold_cpu_cache,806,30,54500,84100,139800,46500,139800
history_page_cold_cpu_cache,807,30,53800,101600,110500,46000,110500
history_page_cold_cpu_cache,808,30,54000,138100,193300,44600,193300
history_page_cold_cpu_cache,809,30,52100,76700,83500,45800,83500
history_page_cold_cpu_cache,810,30,52500,60500,152800,43300,152800
history_page_cold_cpu_cache,811,30,54200,81500,105000,43900,105000
history_page_cold_cpu_cache,812,30,52000,61800,93000,44400,93000
history_page_cold_cpu_cache,813,30,52100,62200,68200,42900,68200
history_page_cold_cpu_cache,814,30,53900,99200,107700,42000,107700
history_page_cold_cpu_cache,815,30,56700,97000,191000,43800,191000
history_page_cold_cpu_cache,816,30,55400,97800,103200,43300,103200
history_page_cold_cpu_cache,817,30,53300,60100,104800,47800,104800
history_page_cold_cpu_cache,818,30,53200,59400,148200,47900,148200
history_page_cold_cpu_cache,819,30,51700,66100,76500,44900,76500
history_page_cold_cpu_cache,820,30,51600,64100,90100,43600,90100
history_page_cold_cpu_cache,821,30,54600,68800,100200,43500,100200
history_page_cold_cpu_cache,822,30,54800,95100,108400,46500,108400
history_page_cold_cpu_cache,823,30,54400,103900,114400,47900,114400
history_page_cold_cpu_cache,824,30,54900,76800,97300,45900,97300
history_page_cold_cpu_cache,825,30,53000,90800,102900,46400,102900
history_page_cold_cpu_cache,826,30,53800,70700,97700,46300,97700
history_page_cold_cpu_cache,827,30,51200,100800,113900,44400,113900
history_page_cold_cpu_cache,828,30,55500,69100,86500,45200,86500
history_page_cold_cpu_cache,829,30,54600,73100,99300,46100,99300
history_page_cold_cpu_cache,830,30,54300,92800,96300,45900,96300
history_page_cold_cpu_cache,831,30,53500,66800,102800,46000,102800
history_page_cold_cpu_cache,832,30,56200,62400,65900,46600,65900
history_page_cold_cpu_cache,833,30,53000,65000,84100,46200,84100
history_page_cold_cpu_cache,834,30,53500,66700,79900,48100,79900
history_page_cold_cpu_cache,835,30,51700,67300,125000,46000,125000
history_page_cold_cpu_cache,836,30,52700,62900,106300,45400,106300
history_page_cold_cpu_cache,837,30,54300,89200,111500,47800,111500
history_page_cold_cpu_cache,838,30,52500,73900,109400,48500,109400
history_page_cold_cpu_cache,839,30,52100,66300,69100,47000,69100
history_page_cold_cpu_cache,840,30,52700,84800,92000,47000,92000
history_page_cold_cpu_cache,841,30,53000,98500,101900,45500,101900
history_page_cold_cpu_cache,842,30,54600,96200,98300,48000,98300
history_page_cold_cpu_cache,843,30,52900,64400,151300,47000,151300
history_page_cold_cpu_cache,844,30,52500,108600,184700,43900,184700
history_page_cold_cpu_cache,845,30,52400,62500,65500,46800,65500
history_page_cold_cpu_cache,846,30,54100,68300,97900,43900,97900
history_page_cold_cpu_cache,847,30,56000,64100,75800,47200,75800
history_page_cold_cpu_cache,848,30,53000,68000,79000,47600,79000
history_page_cold_cpu_cache,849,30,51400,97300,128800,46000,128800
history_page_cold_cpu_cache,850,30,50200,63900,95800,45200,95800
history_page_cold_cpu_cache,851,30,52300,60400,60500,45000,60500
history_page_cold_cpu_cache,852,30,53500,91900,159100,44200,159100
history_page_cold_cpu_cache,853,30,52400,63900,84100,48000,84100
history_page_cold_cpu_cache,854,30,52500,62800,64000,44800,64000
history_page_cold_cpu_cache,855,30,51300,64000,108400,47000,108400
history_page_cold_cpu_cache,856,30,52100,67600,84700,46200,84700
history_page_cold_cpu_cache,857,30,56600,83600,91800,47600,91800
history_page_cold_cpu_cache,858,30,55200,94600,119600,47500,119600
history_page_cold_cpu_cache,859,30,51900,62400,96600,47000,96600
history_page_cold_cpu_cache,860,30,50800,61300,67900,46000,67900
history_page_cold_cpu_cache,861,30,53600,61400,62600,45500,62600
history_page_cold_cpu_cache,862,30,54800,62300,92200,45800,92200
history_page_cold_cpu_cache,863,30,52700,101400,113000,47900,113000
history_page_cold_cpu_cache,864,30,52400,70500,96000,47900,96000
history_page_cold_cpu_cache,865,30,51000,63200,65600,46300,65600
history_page_cold_cpu_cache,866,30,52700,72700,138200,46800,138200
history_page_cold_cpu_cache,867,30,53900,68500,72400,47100,72400
history_page_cold_cpu_cache,868,30,56600,73800,188400,48600,188400
history_page_cold_cpu_cache,869,30,53100,61800,63500,47900,63500
history_page_cold_cpu_cache,870,30,53700,92700,97400,44900,97400
history_page_cold_cpu_cache,871,30,50900,64200,93500,43300,93500
history_page_cold_cpu_cache,872,30,53700,68200,124500,44100,124500
history_page_cold_cpu_cache,873,30,55000,80200,158100,47100,158100
history_page_cold_cpu_cache,874,30,51700,102800,108700,43000,108700
history_page_cold_cpu_cache,875,30,55500,81800,94600,48200,94600
history_page_cold_cpu_cache,876,30,53500,92400,107700,45600,107700
history_page_cold_cpu_cache,877,30,54300,117300,155900,45500,155900
history_page_cold_cpu_cache,878,30,54500,63300,64800,43100,64800
history_page_cold_cpu_cache,879,30,52200,58900,99700,42900,99700
history_page_cold_cpu_cache,880,30,54500,67600,105400,48300,105400
history_page_cold_cpu_cache,881,30,54400,94400,183900,46800,183900
history_page_cold_cpu_cache,882,30,54100,82400,139700,47400,139700
history_page_cold_cpu_cache,883,30,52700,76000,77900,47000,77900
history_page_cold_cpu_cache,884,30,51900,69200,105100,47000,105100
history_page_cold_cpu_cache,885,30,52200,76000,104000,46300,104000
history_page_cold_cpu_cache,886,30,53000,62700,63000,45900,63000
history_page_cold_cpu_cache,887,30,53800,90800,92100,45100,92100
history_page_cold_cpu_cache,888,30,53600,70700,72900,47700,72900
history_page_cold_cpu_cache,889,30,53700,78600,94000,44200,94000
history_page_cold_cpu_cache,890,30,52700,75800,76200,45200,76200
history_page_cold_cpu_cache,891,30,53200,72700,99900,47700,99900
history_page_cold_cpu_cache,892,30,55000,109400,144600,47300,144600
history_page_cold_cpu_cache,893,30,55300,138300,210100,45700,210100
history_page_cold_cpu_cache,894,30,51800,73000,113800,45900,113800
history_page_cold_cpu_cache,895,30,50500,66700,74000,46100,74000
history_page_cold_cpu_cache,896,30,52900,69300,102100,45400,102100
history_page_cold_cpu_cache,897,30,54200,102400,108600,45200,108600
history_page_cold_cpu_cache,898,30,52900,101000,106500,45700,106500
history_page_cold_cpu_cache,899,30,53700,94800,101600,45400,101600
history_page_cold_cpu_cache,900,30,53700,130000,160300,47500,160300
history_page_cold_cpu_cache,901,30,51000,78300,100000,45900,100000
history_page_cold_cpu_cache,902,30,52900,102800,103600,46800,103600
history_page_cold_cpu_cache,903,30,54100,85900,181000,46100,181000
history_page_cold_cpu_cache,904,30,53600,64400,95700,47200,95700
history_page_cold_cpu_cache,905,30,51800,69400,128400,47200,128400
history_page_cold_cpu_cache,906,30,52300,78900,118200,45900,118200
history_page_cold_cpu_cache,907,30,53400,93100,114400,45200,114400
history_page_cold_cpu_cache,908,30,54300,95300,150000,46600,150000
history_page_cold_cpu_cache,909,30,52300,89600,164800,48400,164800
history_page_cold_cpu_cache,910,30,53900,65200,111900,44500,111900
history_page_cold_cpu_cache,911,30,50500,60400,61300,45900,61300
history_page_cold_cpu_cache,912,30,52100,60700,62800,47200,62800
history_page_cold_cpu_cache,913,30,55600,67800,69800,47400,69800
history_page_cold_cpu_cache,914,30,55500,70600,92300,47700,92300
history_page_cold_cpu_cache,915,30,54500,69400,76800,47000,76800
history_page_cold_cpu_cache,916,30,51100,58900,89700,46600,89700
history_page_cold_cpu_cache,917,30,53900,171400,339000,46000,339000
history_page_cold_cpu_cache,918,30,54000,80600,88500,47700,88500
history_page_cold_cpu_cache,919,30,51400,90600,103900,42400,103900
history_page_cold_cpu_cache,920,30,51600,97300,133300,46300,133300
history_page_cold_cpu_cache,921,30,51300,81200,96600,46100,96600
history_page_cold_cpu_cache,922,30,52400,96000,104800,44600,104800
history_page_cold_cpu_cache,923,30,51300,62600,76300,47500,76300
history_page_cold_cpu_cache,924,30,52200,104400,105100,43800,105100
history_page_cold_cpu_cache,925,30,51300,61000,104200,45800,104200
history_page_cold_cpu_cache,926,30,52500,67100,85200,45600,85200
history_page_cold_cpu_cache,927,30,50800,74500,77100,47200,77100
history_page_cold_cpu_cache,928,30,54700,80500,80700,46600,80700
history_page_cold_cpu_cache,929,30,53100,97600,153900,44400,153900
history_page_cold_cpu_cache,930,30,53200,96100,103700,45100,103700
history_page_cold_cpu_cache,931,30,52900,63600,92800,47700,92800
history_page_cold_cpu_cache,932,30,51600,60700,106400,45500,106400
history_page_cold_cpu_cache,933,30,56400,104500,104500,46000,104500
history_page_cold_cpu_cache,934,30,54300,63300,65800,46100,65800
history_page_cold_cpu_cache,935,30,51700,67300,71000,47300,71000
history_page_cold_cpu_cache,936,30,54300,102700,103800,47700,103800
history_page_cold_cpu_cache,937,30,51000,69700,158600,46600,158600
history_page_cold_cpu_cache,938,30,55700,64200,65600,46500,65600
history_page_cold_cpu_cache,939,30,55600,95700,120500,46600,120500
history_page_cold_cpu_cache,940,30,52900,69100,100500,46800,100500
history_page_cold_cpu_cache,941,30,52100,100200,111200,42900,111200
history_page_cold_cpu_cache,942,30,56200,82400,106600,47300,106600
history_page_cold_cpu_cache,943,30,54200,73800,104700,44700,104700
history_page_cold_cpu_cache,944,30,54700,98700,105200,47700,105200
history_page_cold_cpu_cache,945,30,54700,81800,238300,47100,238300
history_page_cold_cpu_cache,946,30,54200,125900,161600,47500,161600
history_page_cold_cpu_cache,947,30,52900,72500,97300,47700,97300
history_page_cold_cpu_cache,948,30,50200,61400,149000,45400,149000
history_page_cold_cpu_cache,949,30,52900,84700,143000,44500,143000
history_page_cold_cpu_cache,950,30,54700,87300,98000,45800,98000
history_page_cold_cpu_cache,951,30,53500,84100,97900,47100,97900
history_page_cold_cpu_cache,952,30,53800,94400,102500,45300,102500
history_page_cold_cpu_cache,953,30,54600,81600,87100,44000,87100
history_page_cold_cpu_cache,954,30,54000,62200,65900,47300,65900
history_page_cold_cpu_cache,955,30,53100,59500,101000,47100,101000
history_page_cold_cpu_cache,956,30,52600,85500,108900,47800,108900
history_page_cold_cpu_cache,957,30,50100,63000,67600,45700,67600
history_page_cold_cpu_cache,958,30,54900,68700,76800,47200,76800
history_page_cold_cpu_cache,959,30,55800,63900,72400,44400,72400
history_page_cold_cpu_cache,960,30,53300,60500,71100,45700,71100
history_page_cold_cpu_cache,961,30,51000,64700,98500,45100,98500
history_page_cold_cpu_cache,962,30,51500,73900,103100,45800,103100
history_page_cold_cpu_cache,963,30,50700,68600,103000,46200,103000
history_page_cold_cpu_cache,964,30,54800,69600,70200,45800,70200
history_page_cold_cpu_cache,965,30,55300,91000,105100,46000,105100
history_page_cold_cpu_cache,966,30,53000,93900,99000,44900,99000
history_page_cold_cpu_cache,967,30,52300,59000,63400,47100,63400
history_page_cold_cpu_cache,968,30,52200,76100,114400,45500,114400
history_page_cold_cpu_cache,969,30,52000,74100,102400,47700,102400
history_page_cold_cpu_cache,970,30,54500,61800,68600,46500,68600
history_page_cold_cpu_cache,971,30,54300,67200,93100,45400,93100
history_page_cold_cpu_cache,972,30,52700,62300,64300,45400,64300
history_page_cold_cpu_cache,973,30,53500,115200,154700,47900,154700
history_page_cold_cpu_cache,974,30,53200,64700,65800,46700,65800
history_page_cold_cpu_cache,975,30,54500,102900,146400,48100,146400
history_page_cold_cpu_cache,976,30,53700,70200,100800,43200,100800
history_page_cold_cpu_cache,977,30,53100,91400,208700,45600,208700
history_page_cold_cpu_cache,978,30,52300,83500,224400,44900,224400
history_page_cold_cpu_cache,979,30,55000,64300,87100,46100,87100
history_page_cold_cpu_cache,980,30,53700,173100,184200,47300,184200
history_page_cold_cpu_cache,981,30,51600,61500,113400,45900,113400
history_page_cold_cpu_cache,982,30,53300,92700,99600,46500,99600
history_page_cold_cpu_cache,983,30,56800,104500,236300,46100,236300
history_page_cold_cpu_cache,984,30,55400,101400,101500,46800,101500
history_page_cold_cpu_cache,985,30,54300,104900,123100,46700,123100
history_page_cold_cpu_cache,986,30,52800,81400,97300,44700,97300
history_page_cold_cpu_cache,987,30,51900,75900,200300,47500,200300
history_page_cold_cpu_cache,988,30,56500,119100,133000,47500,133000
history_page_cold_cpu_cache,989,30,51500,62800,87400,45200,87400
history_page_cold_cpu_cache,990,30,53700,62200,93200,43600,93200
history_page_cold_cpu_cache,991,30,53900,61700,63000,43500,63000
history_page_cold_cpu_cache,992,30,51300,63500,123300,46300,123300
history_page_cold_cpu_cache,993,30,53500,60900,62500,48400,62500
history_page_cold_cpu_cache,994,30,53300,67000,166000,46400,166000
history_page_cold_cpu_cache,995,30,54200,93000,108800,45500,108800
history_page_cold_cpu_cache,996,30,55900,68400,148500,45300,148500
history_page_cold_cpu_cache,997,30,52400,71900,102000,47200,102000
history_page_cold_cpu_cache,998,30,55400,63100,74200,47600,74200
history_page_cold_cpu_cache,999,30,53400,100200,103300,46900,103300
history_page_cold_cpu_cache,1000,30,53000,96300,139100,46900,139100
history_page_cold_cpu_cache,1001,30,54900,65900,68400,48000,68400
history_page_cold_cpu_cache,1002,30,55200,94600,103700,43300,103700
history_page_cold_cpu_cache,1003,30,52800,99800,103800,43200,103800
history_page_cold_cpu_cache,1004,30,52400,63300,64500,45000,64500
history_page_cold_cpu_cache,1005,30,54000,84700,104400,41900,104400
history_page_cold_cpu_cache,1006,30,54900,107900,115100,41700,115100
history_page_cold_cpu_cache,1007,30,52100,65400,95900,47600,95900
history_page_cold_cpu_cache,1008,30,51300,73100,101100,45300,101100
history_page_cold_cpu_cache,1009,30,51500,60500,61800,46300,61800
history_page_cold_cpu_cache,1010,30,51600,73400,100800,44700,100800
history_page_cold_cpu_cache,1011,30,54100,116300,166900,48300,166900
history_page_cold_cpu_cache,1012,30,52300,118700,157400,43800,157400
history_page_cold_cpu_cache,1013,30,53200,98300,242500,43400,242500
history_page_cold_cpu_cache,1014,30,53800,66400,87100,46500,87100
history_page_cold_cpu_cache,1015,30,53500,104300,104500,46900,104500
history_page_cold_cpu_cache,1016,30,55100,66100,97000,47000,97000
history_page_cold_cpu_cache,1017,30,52200,63700,94900,45700,94900
history_page_cold_cpu_cache,1018,30,52700,97000,239400,46000,239400
history_page_cold_cpu_cache,1019,30,51300,63700,64300,45700,64300
history_page_cold_cpu_cache,1020,30,53700,67200,149000,45300,149000
history_page_cold_cpu_cache,1021,30,54300,60400,148400,44600,148400
history_page_cold_cpu_cache,1022,30,54900,63800,90200,43800,90200
history_page_cold_cpu_cache,1023,30,51900,67500,97300,45900,97300
history_page_cold_cpu_cache,1024,30,51800,61500,100800,45200,100800
history_page_cold_cpu_cache,1025,30,52400,81500,86000,45700,86000
history_page_cold_cpu_cache,1026,30,54400,68900,72300,47300,72300
history_page_cold_cpu_cache,1027,30,52900,65200,99200,45200,99200
history_page_cold_cpu_cache,1028,30,52300,97600,99700,46100,99700
history_page_cold_cpu_cache,1029,30,52600,58900,60100,42900,60100
history_page_cold_cpu_cache,1030,30,53000,90800,105300,44300,105300
history_page_cold_cpu_cache,1031,30,53200,71600,111500,47000,111500
history_page_cold_cpu_cache,1032,30,53100,87100,116300,47200,116300
history_page_cold_cpu_cache,1033,30,51700,68700,98600,47500,98600
history_page_cold_cpu_cache,1034,30,52900,71400,103000,43900,103000
history_page_cold_cpu_cache,1035,30,55800,96300,98900,44700,98900
history_page_cold_cpu_cache,1036,30,53000,91400,115300,47300,115300
history_page_cold_cpu_cache,1037,30,54400,101900,102900,48300,102900
history_page_cold_cpu_cache,1038,30,54300,88900,101400,47700,101400
history_page_cold_cpu_cache,1039,30,56100,98500,116600,45100,116600
history_page_cold_cpu_cache,1040,30,55900,75600,90400,46900,90400
history_page_cold_cpu_cache,1041,30,53200,100800,117900,45100,117900
history_page_cold_cpu_cache,1042,30,52900,65000,66200,45400,66200
history_page_cold_cpu_cache,1043,30,53600,66100,67600,44700,67600
history_page_cold_cpu_cache,1044,30,53900,68100,71200,43000,71200
history_page_cold_cpu_cache,1045,30,53800,63700,96700,43400,96700
history_page_cold_cpu_cache,1046,30,54100,81600,209900,48200,209900
history_page_cold_cpu_cache,1047,30,54100,73700,100700,48000,100700
history_page_cold_cpu_cache,1048,30,54600,62200,66800,45800,66800
history_page_cold_cpu_cache,1049,30,54900,94100,99500,44300,99500
history_page_cold_cpu_cache,1050,30,55900,77400,99900,43100,99900
history_page_cold_cpu_cache,1051,30,54200,129000,158900,48100,158900
history_page_cold_cpu_cache,1052,30,54100,65700,96300,47900,96300
history_page_cold_cpu_cache,1053,30,55100,97800,116300,48800,116300
history_page_cold_cpu_cache,1054,30,55400,93400,114100,45200,114100
history_page_cold_cpu_cache,1055,30,52800,72200,89100,44900,89100
history_page_cold_cpu_cache,1056,30,54700,99100,111100,47600,111100
history_page_cold_cpu_cache,1057,30,53400,92200,150300,47900,150300
history_page_cold_cpu_cache,1058,30,55000,71600,105400,46000,105400
history_page_cold_cpu_cache,1059,30,52800,80500,101500,44900,101500
history_page_cold_cpu_cache,1060,30,54200,63300,71900,45300,71900
history_page_cold_cpu_cache,1061,30,55900,65600,404100,48200,404100
history_page_cold_cpu_cache,1062,30,54100,70600,98100,47100,98100
history_page_cold_cpu_cache,1063,30,51800,86100,102700,47700,102700
history_page_cold_cpu_cache,1064,30,50800,64300,100400,43600,100400
history_page_cold_cpu_cache,1065,30,55200,65700,401200,46800,401200
history_page_cold_cpu_cache,1066,30,54800,77900,99000,47800,99000
history_page_cold_cpu_cache,1067,30,53200,99400,106300,45700,106300
history_page_cold_cpu_cache,1068,30,51600,103700,115600,43100,115600
history_page_cold_cpu_cache,1069,30,54400,73900,76500,47200,76500
history_page_cold_cpu_cache,1070,30,53700,144300,265400,46400,265400
history_page_cold_cpu_cache,1071,30,57100,110100,131700,44500,131700
history_page_cold_cpu_cache,1072,30,53500,61000,63400,46600,63400
history_page_cold_cpu_cache,1073,30,51800,71700,101500,44800,101500
history_page_cold_cpu_cache,1074,30,52500,70700,87500,44600,87500
history_page_cold_cpu_cache,1075,30,55900,113700,178800,49100,178800
history_page_cold_cpu_cache,1076,30,56100,85600,103700,47300,103700
history_page_cold_cpu_cache,1077,30,53500,62400,64100,49700,64100
history_page_cold_cpu_cache,1078,30,51800,91300,106000,47900,106000
history_page_cold_cpu_cache,1079,30,52800,92600,103400,47100,103400
history_page_cold_cpu_cache,1080,30,54400,101300,102100,47100,102100
history_page_cold_cpu_cache,1081,30,56100,96700,100000,46400,100000
history_page_cold_cpu_cache,1082,30,53700,98500,137100,47800,137100
history_page_cold_cpu_cache,1083,30,51600,61000,111200,45700,111200
history_page_cold_cpu_cache,1084,30,52300,97700,137000,45300,137000
history_page_cold_cpu_cache,1085,30,53900,107400,131900,43900,131900
history_page_cold_cpu_cache,1086,30,53600,71800,97100,47300,97100
history_page_cold_cpu_cache,1087,30,55200,84200,99100,46600,99100
history_page_cold_cpu_cache,1088,30,51700,59000,62000,44200,62000
history_page_cold_cpu_cache,1089,30,34900,58400,135300,25400,135300
history_page_warm,1,30,23500,39400,39500,22800,39500
history_page_warm,2,30,37600,42100,64400,36800,64400
history_page_warm,3,30,36500,37900,55300,35700,55300
history_page_warm,4,30,36200,37800,58700,35300,58700
history_page_warm,5,30,36300,39100,102700,35400,102700
history_page_warm,6,30,36500,43600,45400,35600,45400
history_page_warm,7,30,36300,38500,41200,35600,41200
history_page_warm,8,30,36200,38800,50700,35500,50700
history_page_warm,9,30,36500,38400,44400,35500,44400
history_page_warm,10,30,36700,38800,41300,35800,41300
history_page_warm,11,30,36400,38400,41100,35300,41100
history_page_warm,12,30,36500,38500,38800,35800,38800
history_page_warm,13,30,36400,39700,40200,35500,40200
history_page_warm,14,30,36600,40000,97300,35600,97300
history_page_warm,15,30,36400,44700,86200,35400,86200
history_page_warm,16,30,36500,39900,40700,35700,40700
history_page_warm,17,30,36500,40100,156300,35000,156300
history_page_warm,18,30,36500,46300,131100,35500,131100
history_page_warm,19,30,36800,40400,117200,35900,117200
history_page_warm,20,30,36400,37800,40200,35700,40200
history_page_warm,21,30,36400,37300,37800,35400,37800
history_page_warm,22,30,36300,37900,40200,35400,40200
history_page_warm,23,30,36300,38300,44900,35200,44900
history_page_warm,24,30,36200,37300,38600,35800,38600
history_page_warm,25,30,36200,37800,61200,35600,61200
history_page_warm,26,30,36300,37500,37800,35400,37800
history_page_warm,27,30,36600,37500,38400,36000,38400
history_page_warm,28,30,36200,37500,74400,35400,74400
history_page_warm,29,30,36300,37800,38600,35600,38600
history_page_warm,30,30,36300,37900,48400,35800,48400
history_page_warm,31,30,36500,38100,93400,35800,93400
history_page_warm,32,30,36500,40700,41800,35800,41800
history_page_warm,33,30,36500,81900,109400,35500,109400
history_page_warm,34,30,36500,44900,69800,35800,69800
history_page_warm,35,30,36500,42300,42300,35600,42300
history_page_warm,36,30,36800,38000,38500,35900,38500
history_page_warm,37,30,36400,40500,44400,35300,44400
history_page_warm,38,30,36300,36900,50000,35400,50000
history_page_warm,39,30,36400,38300,40800,35200,40800
history_page_warm,40,30,36500,37600,39600,35800,39600
history_page_warm,41,30,36200,37700,44400,35600,44400
history_page_warm,42,30,36400,38100,39600,35300,39600
history_page_warm,43,30,36500,45700,47600,35400,47600
history_page_warm,44,30,36500,37600,37600,35700,37600
history_page_warm,45,30,36300,37000,37200,35600,37200
history_page_warm,46,30,36600,73900,74100,35400,74100
history_page_warm,47,30,36400,75200,98600,35200,98600
history_page_warm,48,30,36500,38900,39400,35200,39400
history_page_warm,49,30,36400,38600,50000,35300,50000
history_page_warm,50,30,36600,40500,48200,35500,48200
history_page_warm,51,30,36500,43800,54600,35400,54600
history_page_warm,52,30,36400,37300,38200,35700,38200
history_page_warm,53,30,36700,37800,37900,35500,37900
history_page_warm,54,30,36300,37000,37500,35500,37500
history_page_warm,55,30,36300,37900,56300,35800,56300
history_page_warm,56,30,36500,44500,92100,35500,92100
history_page_warm,57,30,36400,37600,38500,35700,38500
history_page_warm,58,30,36300,37000,37000,35700,37000
history_page_warm,59,30,36300,38600,65300,35100,65300
history_page_warm,60,30,36300,37900,37900,35700,37900
history_page_warm,61,30,36700,46000,66000,35900,66000
history_page_warm,62,30,36500,40600,46600,35800,46600
history_page_warm,63,30,36400,37600,38000,35400,38000
history_page_warm,64,30,36300,39000,45600,35600,45600
history_page_warm,65,30,36300,37700,37700,35500,37700
history_page_warm,66,30,36400,41900,123200,35800,123200
history_page_warm,67,30,36500,38900,39500,35600,39500
history_page_warm,68,30,36400,37300,39900,35500,39900
history_page_warm,69,30,36400,37600,44900,35400,44900
history_page_warm,70,30,37000,41200,54700,36200,54700
history_page_warm,71,30,36400,39400,71200,35600,71200
history_page_warm,72,30,36400,39000,43900,35800,43900
history_page_warm,73,30,36400,40400,42200,35600,42200
history_page_warm,74,30,36700,41300,104300,35700,104300
history_page_warm,75,30,36300,44200,77900,35800,77900
history_page_warm,76,30,36400,41000,104000,35200,104000
history_page_warm,77,30,36400,41300,226800,35600,226800
history_page_warm,78,30,36800,41800,290000,35400,290000
history_page_warm,79,30,36400,46600,47600,35700,47600
history_page_warm,80,30,36500,44300,49600,35300,49600
history_page_warm,81,30,36400,38000,39900,35600,39900
history_page_warm,82,30,36600,61000,82100,35600,82100
history_page_warm,83,30,36400,41000,45000,35600,45000
history_page_warm,84,30,36600,38800,39900,35400,39900
history_page_warm,85,30,36600,44700,87000,35100,87000
history_page_warm,86,30,36500,41300,62200,35200,62200
history_page_warm,87,30,36900,42400,57600,35400,57600
history_page_warm,88,30,36300,40500,44600,34900,44600
history_page_warm,89,30,36300,41200,50800,35800,50800
history_page_warm,90,30,36300,38900,41400,35300,41400
history_page_warm,91,30,36400,40100,101600,35500,101600
history_page_warm,92,30,36600,42400,79000,35600,79000
history_page_warm,93,30,36400,37700,76700,35600,76700
history_page_warm,94,30,36300,44200,304300,35500,304300
history_page_warm,95,30,36600,38400,313400,35800,313400
history_page_warm,96,30,36500,47500,69900,35500,69900
history_page_warm,97,30,36600,39700,69800,35600,69800
history_page_warm,98,30,36500,41400,69700,35400,69700
history_page_warm,99,30,36600,48600,239200,35800,239200
history_page_warm,100,30,36300,39700,282100,35700,282100
history_page_warm,101,30,36600,42700,298300,35700,298300
history_page_warm,102,30,36600,68900,219400,35500,219400
history_page_warm,103,30,36500,40500,69800,35400,69800
history_page_warm,104,30,36800,38000,41100,36000,41100
history_page_warm,105,30,36300,86800,157400,35700,157400
history_page_warm,106,30,36400,46800,98700,35600,98700
history_page_warm,107,30,36300,70300,124100,35500,124100
history_page_warm,108,30,36600,60200,215500,35700,215500
history_page_warm,109,30,36500,50100,69000,35600,69000
history_page_warm,110,30,36500,103100,131400,35500,131400
history_page_warm,111,30,36400,38700,74100,35500,74100
history_page_warm,112,30,36700,44700,45000,35700,45000
history_page_warm,113,30,36400,37700,40900,35600,40900
history_page_warm,114,30,36600,37800,38000,35600,38000
history_page_warm,115,30,36400,39300,39900,35600,39900
history_page_warm,116,30,36600,41000,47500,35300,47500
history_page_warm,117,30,36400,42500,47400,35400,47400
history_page_warm,118,30,36800,41800,66000,35900,66000
history_page_warm,119,30,36400,38600,39000,35100,39000
history_page_warm,120,30,36400,37900,38100,35400,38100
history_page_warm,121,30,36500,37500,100100,35500,100100
history_page_warm,122,30,36600,40700,46600,35200,46600
history_page_warm,123,30,36300,39100,58500,35600,58500
history_page_warm,124,30,36400,38800,39400,35200,39400
history_page_warm,125,30,36500,43600,117600,35200,117600
history_page_warm,126,30,36300,79900,92200,35100,92200
history_page_warm,127,30,36300,40000,40400,35500,40400
history_page_warm,128,30,36300,37700,42400,35500,42400
history_page_warm,129,30,36700,41900,52300,35700,52300
history_page_warm,130,30,36500,40900,55800,35500,55800
history_page_warm,131,30,36500,39800,40400,35400,40400
history_page_warm,132,30,36300,39800,45800,35700,45800
history_page_warm,133,30,36700,42000,43200,35500,43200
history_page_warm,134,30,36500,42900,81600,35400,81600
history_page_warm,135,30,36300,40400,42200,35300,42200
history_page_warm,136,30,36400,52900,88700,35500,88700
history_page_warm,137,30,36300,106400,110600,35400,110600
history_page_warm,138,30,37100,38200,38900,35900,38900
history_page_warm,139,30,36400,38000,68800,35100,68800
history_page_warm,140,30,36400,37400,42200,35300,42200
history_page_warm,141,30,36400,37200,38700,35600,38700
history_page_warm,142,30,36400,37200,37300,35800,37300
history_page_warm,143,30,36300,43000,173600,35600,173600
history_page_warm,144,30,36300,72700,303700,35500,303700
history_page_warm,145,30,36500,44800,80600,35600,80600
history_page_warm,146,30,36900,39400,94000,35700,94000
history_page_warm,147,30,36400,40300,40600,35100,40600
history_page_warm,148,30,36400,49300,51100,35400,51100
history_page_warm,149,30,36300,50100,55900,35300,55900
history_page_warm,150,30,36700,39800,40400,35600,40400
history_page_warm,151,30,36400,45500,105600,35400,105600
history_page_warm,152,30,36400,37500,37600,35700,37600
history_page_warm,153,30,36500,37200,37300,35400,37300
history_page_warm,154,30,36400,49500,57500,35800,57500
history_page_warm,155,30,36500,41500,79400,35900,79400
history_page_warm,156,30,36200,39000,74500,35000,74500
history_page_warm,157,30,36500,38200,92000,35400,92000
history_page_warm,158,30,36300,37500,39500,35500,39500
history_page_warm,159,30,36500,37400,37800,35700,37800
history_page_warm,160,30,36300,37400,37600,35500,37600
history_page_warm,161,30,36300,37100,37900,35500,37900
history_page_warm,162,30,36400,37500,49400,35600,49400
history_page_warm,163,30,36500,40200,47700,35600,47700
history_page_warm,164,30,36400,37500,37700,35600,37700
history_page_warm,165,30,36500,37500,37900,35600,37900
history_page_warm,166,30,36300,37100,37900,35700,37900
history_page_warm,167,30,36600,42600,45600,35700,45600
history_page_warm,168,30,36300,42600,44800,35400,44800
history_page_warm,169,30,36400,37500,37900,35500,37900
history_page_warm,170,30,36500,60600,61400,35800,61400
history_page_warm,171,30,36400,39300,59400,35300,59400
history_page_warm,172,30,36800,39400,41700,35900,41700
history_page_warm,173,30,36300,39100,47400,35700,47400
history_page_warm,174,30,36300,40800,78500,35700,78500
history_page_warm,175,30,36400,41900,93500,35500,93500
history_page_warm,176,30,36500,39700,78700,35400,78700
history_page_warm,177,30,36500,111200,200100,35300,200100
history_page_warm,178,30,36600,46700,72700,35700,72700
history_page_warm,179,30,36300,69600,92900,35400,92900
history_page_warm,180,30,36500,69700,94300,35700,94300
history_page_warm,181,30,36400,43800,69700,35300,69700
history_page_warm,182,30,36500,69700,100600,35300,100600
history_page_warm,183,30,36300,45000,69500,35600,69500
history_page_warm,184,30,36500,40100,135400,35900,135400
history_page_warm,185,30,36200,39500,69700,35300,69700
history_page_warm,186,30,36600,39900,69400,35300,69400
history_page_warm,187,30,36400,39100,69000,35700,69000
history_page_warm,188,30,36500,41600,69000,35500,69000
history_page_warm,189,30,36800,46400,69400,36100,69400
history_page_warm,190,30,36500,39300,90600,35300,90600
history_page_warm,191,30,36300,55400,69800,35600,69800
history_page_warm,192,30,36600,89800,116200,35600,116200
history_page_warm,193,30,36600,52200,69600,35500,69600
history_page_warm,194,30,36700,47600,83300,35500,83300
history_page_warm,195,30,36600,46700,136900,35400,136900
history_page_warm,196,30,36400,47600,50100,35600,50100
history_page_warm,197,30,36800,46800,48500,35600,48500
history_page_warm,198,30,36400,37900,39800,35500,39800
history_page_warm,199,30,36700,39400,47300,35900,47300
history_page_warm,200,30,36500,38700,106600,35500,106600
history_page_warm,201,30,36500,39500,69600,35700,69600
history_page_warm,202,30,36600,39600,41400,35800,41400
history_page_warm,203,30,36700,49700,50800,35900,50800
history_page_warm,204,30,36400,62100,81700,35600,81700
history_page_warm,205,30,36500,38100,59600,35200,59600
history_page_warm,206,30,37300,65900,134600,36200,134600
history_page_warm,207,30,36500,38200,41500,35500,41500
history_page_warm,208,30,36500,55500,110000,35400,110000
history_page_warm,209,30,36400,42500,67800,35400,67800
history_page_warm,210,30,36700,40500,45700,36000,45700
history_page_warm,211,30,36700,45500,47000,35200,47000
history_page_warm,212,30,36500,43200,55900,35100,55900
history_page_warm,213,30,36600,37800,44600,35600,44600
history_page_warm,214,30,36600,48300,67900,36000,67900
history_page_warm,215,30,36600,37500,48300,35600,48300
history_page_warm,216,30,36600,37700,37900,35700,37900
history_page_warm,217,30,36500,37300,38000,35500,38000
history_page_warm,218,30,36800,37700,38400,36000,38400
history_page_warm,219,30,36400,37800,70900,35600,70900
history_page_warm,220,30,36600,44300,113200,35700,113200
history_page_warm,221,30,36500,37900,87600,35500,87600
history_page_warm,222,30,36800,43400,46700,35200,46700
history_page_warm,223,30,37000,39600,43400,35800,43400
history_page_warm,224,30,36600,37600,46600,35600,46600
history_page_warm,225,30,36500,41800,45000,35500,45000
history_page_warm,226,30,36400,39300,50100,35600,50100
history_page_warm,227,30,36700,39300,54000,35900,54000
history_page_warm,228,30,36500,50400,139100,35700,139100
history_page_warm,229,30,36500,49300,87000,35400,87000
history_page_warm,230,30,36400,37500,73600,35700,73600
history_page_warm,231,30,36600,38200,69800,36000,69800
history_page_warm,232,30,36600,57500,69600,35200,69600
history_page_warm,233,30,36500,41100,69800,35900,69800
history_page_warm,234,30,36500,69100,70000,35800,70000
history_page_warm,235,30,36800,105000,113800,35900,113800
history_page_warm,236,30,36600,71800,101000,35200,101000
history_page_warm,237,30,36600,48300,53400,35500,53400
history_page_warm,238,30,36600,44000,65900,35600,65900
history_page_warm,239,30,36500,37800,41400,35500,41400
history_page_warm,240,30,36800,69100,113800,35900,113800
history_page_warm,241,30,36500,38000,74100,35600,74100
history_page_warm,242,30,36600,42300,49600,35300,49600
history_page_warm,243,30,36400,39600,71500,35100,71500
history_page_warm,244,30,36400,42000,42800,35900,42800
history_page_warm,245,30,36500,40200,44900,35600,44900
history_page_warm,246,30,36500,37600,38500,35700,38500
history_page_warm,247,30,36400,38500,49200,35700,49200
history_page_warm,248,30,36600,38300,39300,35700,39300
history_page_warm,249,30,36300,38100,41200,35200,41200
history_page_warm,250,30,36400,38300,41500,35800,41500
history_page_warm,251,30,36400,38200,42000,35300,42000
history_page_warm,252,30,36500,41500,41700,35700,41700
history_page_warm,253,30,36400,39200,109000,35600,109000
history_page_warm,254,30,36600,39700,40300,35500,40300
history_page_warm,255,30,36300,38900,40700,35300,40700
history_page_warm,256,30,36400,39500,43500,35800,43500
history_page_warm,257,30,36500,39100,109900,35500,109900
history_page_warm,258,30,36300,38900,41900,35600,41900
history_page_warm,259,30,36400,39400,45000,35400,45000
history_page_warm,260,30,36400,38600,39800,35300,39800
history_page_warm,261,30,36600,58800,91300,35700,91300
history_page_warm,262,30,36200,43000,73700,35400,73700
history_page_warm,263,30,36600,39100,65900,35800,65900
history_page_warm,264,30,36500,39300,44600,35400,44600
history_page_warm,265,30,36800,40600,46100,35800,46100
history_page_warm,266,30,36400,38600,41100,35700,41100
history_page_warm,267,30,36400,39500,48300,35600,48300
history_page_warm,268,30,36500,38600,39700,35900,39700
history_page_warm,269,30,36600,40100,41200,35800,41200
history_page_warm,270,30,36700,45900,57100,35700,57100
history_page_warm,271,30,36800,62200,63600,35600,63600
history_page_warm,272,30,36500,39900,47500,35200,47500
history_page_warm,273,30,36500,38900,39100,35200,39100
history_page_warm,274,30,37200,39400,43900,36100,43900
history_page_warm,275,30,36500,38600,44200,35600,44200
history_page_warm,276,30,36500,39500,39700,35700,39700
history_page_warm,277,30,36400,39100,40100,35500,40100
history_page_warm,278,30,36600,41100,49600,35800,49600
history_page_warm,279,30,36500,41700,46400,35700,46400
history_page_warm,280,30,36400,39100,39800,35700,39800
history_page_warm,281,30,36500,42400,43400,35600,43400
history_page_warm,282,30,36900,41900,167400,35900,167400
history_page_warm,283,30,36400,42200,53500,35200,53500
history_page_warm,284,30,36700,38700,38900,35200,38900
history_page_warm,285,30,36500,38600,38800,35600,38800
history_page_warm,286,30,36800,39900,86400,35900,86400
history_page_warm,287,30,36400,48200,57400,35700,57400
history_page_warm,288,30,36600,58600,103900,35800,103900
history_page_warm,289,30,36500,71700,103500,35600,103500
history_page_warm,290,30,36500,55100,86800,35500,86800
history_page_warm,291,30,36700,51700,70100,35700,70100
history_page_warm,292,30,36300,40800,69400,35700,69400
history_page_warm,293,30,36400,47300,69900,35600,69900
history_page_warm,294,30,36200,39100,69300,35400,69300
history_page_warm,295,30,36500,39300,69400,35500,69400
history_page_warm,296,30,36300,69200,96500,35400,96500
history_page_warm,297,30,36500,98700,119500,35500,119500
history_page_warm,298,30,36500,42900,43600,35700,43600
history_page_warm,299,30,36700,38700,39500,35600,39500
history_page_warm,300,30,36300,42100,44600,35400,44600
history_page_warm,301,30,36600,39200,39300,35600,39300
history_page_warm,302,30,36400,38200,137800,35800,137800
history_page_warm,303,30,36500,40100,89600,35900,89600
history_page_warm,304,30,36300,42300,51900,35400,51900
history_page_warm,305,30,36500,39100,56200,35500,56200
history_page_warm,306,30,36500,40100,42800,35200,42800
history_page_warm,307,30,36500,42500,55400,35300,55400
history_page_warm,308,30,36700,38600,45400,35800,45400
history_page_warm,309,30,36400,43900,157100,35700,157100
history_page_warm,310,30,36500,40800,42100,35500,42100
history_page_warm,311,30,36400,38300,50700,35300,50700
history_page_warm,312,30,36500,38400,92600,35700,92600
history_page_warm,313,30,36300,38100,38200,35600,38200
history_page_warm,314,30,36400,38600,41100,35700,41100
history_page_warm,315,30,36200,39600,39900,35300,39900
history_page_warm,316,30,36600,40200,108200,35700,108200
history_page_warm,317,30,36300,40000,41900,35500,41900
history_page_warm,318,30,36300,38300,43500,35700,43500
history_page_warm,319,30,36300,55500,66900,35700,66900
history_page_warm,320,30,36500,42300,67900,35500,67900
history_page_warm,321,30,36400,37900,40300,35800,40300
history_page_warm,322,30,36500,40000,45300,35700,45300
history_page_warm,323,30,36300,37800,37800,35400,37800
history_page_warm,324,30,36300,44200,48600,35500,48600
history_page_warm,325,30,36700,38400,39500,36000,39500
history_page_warm,326,30,36400,42900,59000,35400,59000
history_page_warm,327,30,36400,39700,49300,35700,49300
history_page_warm,328,30,36400,43400,43900,35800,43900
history_page_warm,329,30,36600,38600,39400,35700,39400
history_page_warm,330,30,36500,42200,45600,35800,45600
history_page_warm,331,30,36400,38300,102300,35700,102300
history_page_warm,332,30,36400,44200,59400,35700,59400
history_page_warm,333,30,36700,59300,114100,35800,114100
history_page_warm,334,30,36500,47600,50300,35700,50300
history_page_warm,335,30,36500,54700,92100,35800,92100
history_page_warm,336,30,36400,67600,120000,35600,120000
history_page_warm,337,30,36600,39600,64800,35700,64800
history_page_warm,338,30,36500,43800,50100,35900,50100
history_page_warm,339,30,36600,39000,50500,35500,50500
history_page_warm,340,30,36200,38900,58400,35700,58400
history_page_warm,341,30,36300,42700,59100,35500,59100
history_page_warm,342,30,36900,41400,64800,35900,64800
history_page_warm,343,30,36300,42500,65000,35100,65000
history_page_warm,344,30,36300,69100,87300,35400,87300
history_page_warm,345,30,36500,43200,64000,35100,64000
history_page_warm,346,30,36500,39900,57500,35500,57500
history_page_warm,347,30,36300,45900,56500,35700,56500
history_page_warm,348,30,36300,48400,55900,35200,55900
history_page_warm,349,30,36400,51600,61100,35000,61100
history_page_warm,350,30,36700,44600,63200,35700,63200
history_page_warm,351,30,36600,81200,113100,35300,113100
history_page_warm,352,30,36600,63500,93100,35400,93100
history_page_warm,353,30,36400,39500,59800,35100,59800
history_page_warm,354,30,36800,63000,71500,35900,71500
history_page_warm,355,30,36400,38300,71800,35200,71800
history_page_warm,356,30,36500,40200,71600,35100,71600
history_page_warm,357,30,36400,43500,71700,35100,71700
history_page_warm,358,30,36300,37900,68700,35400,68700
history_page_warm,359,30,36800,38700,81800,36100,81800
history_page_warm,360,30,36500,40000,72200,35700,72200
history_page_warm,361,30,36500,110000,125100,35200,125100
history_page_warm,362,30,36300,40700,71900,35200,71900
history_page_warm,363,30,36600,48800,64800,35300,64800
history_page_warm,364,30,36400,42800,57900,35600,57900
history_page_warm,365,30,36500,40800,57800,35500,57800
history_page_warm,366,30,36400,38200,52100,35400,52100
history_page_warm,367,30,36500,44900,51500,35700,51500
history_page_warm,368,30,36500,51300,137400,35400,137400
history_page_warm,369,30,36600,38700,54500,35700,54500
history_page_warm,370,30,36600,59700,88900,35300,88900
history_page_warm,371,30,36700,53600,93300,35800,93300
history_page_warm,372,30,36500,54800,152700,35500,152700
history_page_warm,373,30,36500,42000,46600,35300,46600
history_page_warm,374,30,36500,37800,38700,35000,38700
history_page_warm,375,30,36400,40300,74100,35500,74100
history_page_warm,376,30,37000,40300,44000,35200,44000
history_page_warm,377,30,36600,38700,46900,35300,46900
history_page_warm,378,30,36400,40700,58900,35500,58900
history_page_warm,379,30,36600,41200,47100,35500,47100
history_page_warm,380,30,36600,38300,39000,35200,39000
history_page_warm,381,30,36400,62400,125800,35600,125800
history_page_warm,382,30,36600,38100,87100,35200,87100
history_page_warm,383,30,36500,41200,78700,35200,78700
history_page_warm,384,30,36800,40800,78400,35600,78400
history_page_warm,385,30,36700,39300,84900,35000,84900
history_page_warm,386,30,36800,69800,71400,35700,71400
history_page_warm,387,30,36600,40900,69500,35300,69500
history_page_warm,388,30,36700,39700,81300,35500,81300
history_page_warm,389,30,36500,38200,85600,35400,85600
history_page_warm,390,30,36700,48100,70100,35400,70100
history_page_warm,391,30,36300,69800,98700,35300,98700
history_page_warm,392,30,36300,41900,112600,35100,112600
history_page_warm,393,30,36800,40700,41800,35900,41800
history_page_warm,394,30,36400,37800,37900,35500,37900
history_page_warm,395,30,36500,37800,38100,35300,38100
history_page_warm,396,30,36400,37800,38300,35500,38300
history_page_warm,397,30,36400,39400,62300,35700,62300
history_page_warm,398,30,36400,37400,38000,35300,38000
history_page_warm,399,30,36400,47800,48000,35300,48000
history_page_warm,400,30,36500,38400,38500,35000,38500
history_page_warm,401,30,36500,37500,38400,35600,38400
history_page_warm,402,30,36400,41000,41200,35300,41200
history_page_warm,403,30,36300,37300,111900,35700,111900
history_page_warm,404,30,36300,38400,67500,35600,67500
history_page_warm,405,30,36500,37700,38000,35400,38000
history_page_warm,406,30,36400,37700,38400,35400,38400
history_page_warm,407,30,36400,48300,131400,35500,131400
history_page_warm,408,30,36400,40600,41400,35400,41400
history_page_warm,409,30,36300,37800,40000,35500,40000
history_page_warm,410,30,37100,85600,145300,36400,145300
history_page_warm,411,30,36400,39000,39800,35500,39800
history_page_warm,412,30,36400,37800,48100,35500,48100
history_page_warm,413,30,36300,37600,45700,35900,45700
history_page_warm,414,30,36700,41900,48700,35800,48700
history_page_warm,415,30,36300,37500,42200,35600,42200
history_page_warm,416,30,36400,46300,47900,35300,47900
history_page_warm,417,30,36500,88000,97300,35600,97300
history_page_warm,418,30,36800,40400,145400,35400,145400
history_page_warm,419,30,36400,39300,73400,35700,73400
history_page_warm,420,30,36600,40000,69900,35400,69900
history_page_warm,421,30,36300,44400,69100,35700,69100
history_page_warm,422,30,36700,50300,69300,35500,69300
history_page_warm,423,30,36400,68900,69000,35500,69000
history_page_warm,424,30,36500,39300,69200,35400,69200
history_page_warm,425,30,36500,47100,79000,35200,79000
history_page_warm,426,30,36400,63300,81800,35500,81800
history_page_warm,427,30,36600,69900,122700,35500,122700
history_page_warm,428,30,36400,63200,69800,35200,69800
history_page_warm,429,30,36400,54600,69900,35600,69900
history_page_warm,430,30,36300,51900,52400,35500,52400
history_page_warm,431,30,36500,55900,59600,35500,59600
history_page_warm,432,30,36600,44500,50000,35500,50000
history_page_warm,433,30,36400,43600,44500,35200,44500
history_page_warm,434,30,36500,40100,42700,35200,42700
history_page_warm,435,30,36800,39400,43200,35800,43200
history_page_warm,436,30,36300,40400,48800,35500,48800
history_page_warm,437,30,36300,39600,51800,35500,51800
history_page_warm,438,30,36400,39900,40100,35100,40100
history_page_warm,439,30,36500,39600,46300,35800,46300
history_page_warm,440,30,36300,37400,42800,35400,42800
history_page_warm,441,30,36400,39500,47500,35400,47500
history_page_warm,442,30,36300,37300,42700,35500,42700
history_page_warm,443,30,36400,39400,41000,35600,41000
history_page_warm,444,30,36800,40500,46200,36100,46200
history_page_warm,445,30,36300,36700,36800,35700,36800
history_page_warm,446,30,36300,38100,42600,35700,42600
history_page_warm,447,30,36300,37000,38100,35500,38100
history_page_warm,448,30,36400,51100,59200,35700,59200
history_page_warm,449,30,36500,38500,44400,35800,44400
history_page_warm,450,30,36400,37100,37300,35800,37300
history_page_warm,451,30,36500,37200,37300,35500,37300
history_page_warm,452,30,36500,37600,39700,35800,39700
history_page_warm,453,30,36300,41700,46400,35700,46400
history_page_warm,454,30,36500,41700,45200,35800,45200
history_page_warm,455,30,36400,46400,82500,35400,82500
history_page_warm,456,30,36800,41700,49600,35700,49600
history_page_warm,457,30,36600,47600,60500,35900,60500
history_page_warm,458,30,36300,49000,54500,35100,54500
history_page_warm,459,30,36600,53000,54800,35800,54800
history_page_warm,460,30,36500,37600,57200,35500,57200
history_page_warm,461,30,36600,42200,54400,35700,54400
history_page_warm,462,30,36300,42100,53900,35500,53900
history_page_warm,463,30,36200,39000,55100,35400,55100
history_page_warm,464,30,36500,45200,67700,35300,67700
history_page_warm,465,30,36600,38600,53300,35700,53300
history_page_warm,466,30,36300,40600,50200,35500,50200
history_page_warm,467,30,36300,41000,47100,35300,47100
history_page_warm,468,30,36600,46800,94400,35200,94400
history_page_warm,469,30,36700,38100,63100,35400,63100
history_page_warm,470,30,36500,46800,154800,35500,154800
history_page_warm,471,30,36400,38500,38700,35500,38700
history_page_warm,472,30,36300,38500,117700,35000,117700
history_page_warm,473,30,36500,85600,120200,35500,120200
history_page_warm,474,30,36400,67500,74500,35500,74500
history_page_warm,475,30,36300,46200,65000,35100,65000
history_page_warm,476,30,36400,45100,53200,35600,53200
history_page_warm,477,30,36300,38700,62100,35400,62100
history_page_warm,478,30,37100,38500,58100,36000,58100
history_page_warm,479,30,36500,56700,177100,35800,177100
history_page_warm,480,30,36300,41700,119000,35400,119000
history_page_warm,481,30,36400,38600,43400,35600,43400
history_page_warm,482,30,36600,38000,103000,35700,103000
history_page_warm,483,30,36400,38200,57900,35500,57900
history_page_warm,484,30,36400,43700,74800,35300,74800
history_page_warm,485,30,36500,87500,90600,35500,90600
history_page_warm,486,30,36800,40900,43900,35800,43900
history_page_warm,487,30,36300,39500,40300,35400,40300
history_page_warm,488,30,36500,40700,43900,35300,43900
history_page_warm,489,30,36500,37700,40800,35500,40800
history_page_warm,490,30,36700,38200,40500,36000,40500
history_page_warm,491,30,36400,40800,59700,35600,59700
history_page_warm,492,30,36500,44200,49900,35800,49900
history_page_warm,493,30,36400,38600,39400,35600,39400
history_page_warm,494,30,36300,38400,40100,35700,40100
history_page_warm,495,30,36800,45300,110800,35900,110800
history_page_warm,496,30,36400,38100,41100,34900,41100
history_page_warm,497,30,36200,38400,39700,35100,39700
history_page_warm,498,30,36200,37100,38100,35700,38100
history_page_warm,499,30,36500,93900,157900,35700,157900
history_page_warm,500,30,36400,64900,71800,35600,71800
history_page_warm,501,30,36600,64500,69600,35300,69600
history_page_warm,502,30,36400,62400,74900,35800,74900
history_page_warm,503,30,36800,88900,130900,35600,130900
history_page_warm,504,30,36300,63700,97700,35500,97700
history_page_warm,505,30,36800,72200,83500,36000,83500
history_page_warm,506,30,36600,143800,164700,35700,164700
history_page_warm,507,30,36900,140700,178900,35900,178900
history_page_warm,508,30,36500,63200,205400,35800,205400
history_page_warm,509,30,36500,123500,177200,35600,177200
history_page_warm,510,30,36500,70700,93600,35500,93600
history_page_warm,511,30,36600,52700,71200,35700,71200
history_page_warm,512,30,37000,39900,70900,36100,70900
history_page_warm,513,30,36400,52400,70400,35700,70400
history_page_warm,514,30,36500,38300,70200,35800,70200
history_page_warm,515,30,36500,63000,70300,35300,70300
history_page_warm,516,30,36700,48900,70800,35600,70800
history_page_warm,517,30,36400,46600,70200,35600,70200
history_page_warm,518,30,36500,42500,267400,35700,267400
history_page_warm,519,30,36500,39800,316400,35900,316400
history_page_warm,520,30,36700,40000,80000,35700,80000
history_page_warm,521,30,36400,38300,38800,35700,38800
history_page_warm,522,30,36800,39200,42800,35900,42800
history_page_warm,523,30,36300,38400,38600,35600,38600
history_page_warm,524,30,36600,44100,45500,35600,45500
history_page_warm,525,30,36400,38000,39500,35900,39500
history_page_warm,526,30,36500,38900,50100,35500,50100
history_page_warm,527,30,36400,38700,49500,35700,49500
history_page_warm,528,30,36300,38400,56200,35400,56200
history_page_warm,529,30,36700,45500,56300,35800,56300
history_page_warm,530,30,36500,67800,72400,35800,72400
history_page_warm,531,30,36300,56200,68400,35400,68400
history_page_warm,532,30,36300,47900,56000,35600,56000
history_page_warm,533,30,36600,38400,54600,35600,54600
history_page_warm,534,30,36500,38700,55000,35600,55000
history_page_warm,535,30,36300,54400,71100,35600,71100
history_page_warm,536,30,36400,42100,55300,35600,55300
history_page_warm,537,30,36700,40000,56000,36000,56000
history_page_warm,538,30,36500,39600,56000,35800,56000
history_page_warm,539,30,36400,42600,64800,35800,64800
history_page_warm,540,30,36300,39000,55400,35700,55400
history_page_warm,541,30,36500,55400,55800,35900,55800
history_page_warm,542,30,36600,55400,60500,35900,60500
history_page_warm,543,30,36500,59400,129300,35700,129300
history_page_warm,544,30,36500,39900,54700,35600,54700
history_page_warm,545,30,36400,47900,54400,35600,54400
history_page_warm,546,30,37300,46500,56100,36500,56100
history_page_warm,547,30,36500,39800,55000,35700,55000
history_page_warm,548,30,36400,38100,55300,35800,55300
history_page_warm,549,30,36500,55500,103000,35400,103000
history_page_warm,550,30,36600,48500,55200,35400,55200
history_page_warm,551,30,36400,56300,68100,35500,68100
history_page_warm,552,30,36500,55200,147800,35900,147800
history_page_warm,553,30,36400,80400,89600,35300,89600
history_page_warm,554,30,36600,55900,140200,35700,140200
history_page_warm,555,30,36400,59800,127500,35400,127500
history_page_warm,556,30,36400,56500,57800,35700,57800
history_page_warm,557,30,36300,50500,56200,35300,56200
history_page_warm,558,30,36600,53800,55500,35900,55500
history_page_warm,559,30,36400,55100,67600,35300,67600
history_page_warm,560,30,36300,51400,54400,34700,54400
history_page_warm,561,30,36400,39500,53600,35400,53600
history_page_warm,562,30,36300,41100,54200,35400,54200
history_page_warm,563,30,36500,45800,62300,35500,62300
history_page_warm,564,30,36300,39400,72400,35300,72400
history_page_warm,565,30,36400,66700,86200,35400,86200
history_page_warm,566,30,36300,51100,53100,35300,53100
history_page_warm,567,30,36500,38800,82700,35700,82700
history_page_warm,568,30,36400,38700,81900,35800,81900
history_page_warm,569,30,36400,39400,40500,35700,40500
history_page_warm,570,30,36300,39500,39700,35500,39700
history_page_warm,571,30,36600,48300,50400,35100,50400
history_page_warm,572,30,36300,42000,48600,35500,48600
history_page_warm,573,30,36500,39600,39700,35500,39700
history_page_warm,574,30,36400,39000,39500,35600,39500
history_page_warm,575,30,36400,38900,39800,35500,39800
history_page_warm,576,30,36100,39300,44900,35300,44900
history_page_warm,577,30,36200,39300,40700,35400,40700
history_page_warm,578,30,36300,39000,43400,35600,43400
history_page_warm,579,30,36400,39700,39900,35700,39900
history_page_warm,580,30,36800,40100,40200,35800,40200
history_page_warm,581,30,36300,38900,39200,35500,39200
history_page_warm,582,30,36400,39100,39100,35500,39100
history_page_warm,583,30,36400,39400,44800,35300,44800
history_page_warm,584,30,36500,45000,50400,35200,50400
history_page_warm,585,30,36300,41600,42400,35100,42400
history_page_warm,586,30,36500,38700,41500,35400,41500
history_page_warm,587,30,36200,38400,41300,35500,41300
history_page_warm,588,30,36500,40300,111000,35700,111000
history_page_warm,589,30,36200,65000,76300,35300,76300
history_page_warm,590,30,36400,38400,46500,35800,46500
history_page_warm,591,30,36400,40300,47800,35200,47800
history_page_warm,592,30,36400,37700,40100,35600,40100
history_page_warm,593,30,36300,37900,40200,35400,40200
history_page_warm,594,30,36400,42700,144500,35100,144500
history_page_warm,595,30,36500,39600,40800,35100,40800
history_page_warm,596,30,36400,39700,40400,35500,40400
history_page_warm,597,30,36600,40400,40900,35600,40900
history_page_warm,598,30,36300,39500,40200,35500,40200
history_page_warm,599,30,36300,39200,39300,35700,39300
history_page_warm,600,30,36200,38600,38800,35200,38800
history_page_warm,601,30,36400,38900,40000,35500,40000
history_page_warm,602,30,36300,39300,39400,35400,39400
history_page_warm,603,30,36300,39700,87700,35400,87700
history_page_warm,604,30,36300,40600,43800,35300,43800
history_page_warm,605,30,36500,41500,41700,35800,41700
history_page_warm,606,30,36300,39500,40100,35500,40100
history_page_warm,607,30,36500,39100,155200,35800,155200
history_page_warm,608,30,36300,79600,95900,35400,95900
history_page_warm,609,30,36500,39700,79800,35900,79800
history_page_warm,610,30,36400,40000,69900,35800,69900
history_page_warm,611,30,36300,43000,69400,35300,69400
history_page_warm,612,30,36200,75300,110700,35600,110700
history_page_warm,613,30,36400,69100,73600,35500,73600
history_page_warm,614,30,36800,70700,74000,36100,74000
history_page_warm,615,30,36400,46000,77600,35600,77600
history_page_warm,616,30,36200,49300,52800,35700,52800
history_page_warm,617,30,36300,38700,39400,35600,39400
history_page_warm,618,30,36600,39800,60100,35700,60100
history_page_warm,619,30,36300,39200,40700,35300,40700
history_page_warm,620,30,36500,41900,43900,35700,43900
history_page_warm,621,30,36400,39300,46700,35600,46700
history_page_warm,622,30,36700,37700,39300,36000,39300
history_page_warm,623,30,36300,38000,38600,35600,38600
history_page_warm,624,30,36400,41600,48300,35600,48300
history_page_warm,625,30,36400,52600,53000,35500,53000
history_page_warm,626,30,36600,98000,131300,35800,131300
history_page_warm,627,30,36600,45200,55400,35300,55400
history_page_warm,628,30,36600,41200,44500,35300,44500
history_page_warm,629,30,36400,37800,39800,35900,39800
history_page_warm,630,30,36500,38400,39600,35700,39600
history_page_warm,631,30,36600,40100,46600,35800,46600
history_page_warm,632,30,36500,42200,43200,35700,43200
history_page_warm,633,30,36400,38400,39500,35700,39500
history_page_warm,634,30,36300,39300,56500,35100,56500
history_page_warm,635,30,36300,38400,40000,35900,40000
history_page_warm,636,30,36400,37900,39400,35700,39400
history_page_warm,637,30,36300,37900,38700,35600,38700
history_page_warm,638,30,36300,39000,46500,35600,46500
history_page_warm,639,30,36700,38600,48100,35700,48100
history_page_warm,640,30,36300,37700,39200,35400,39200
history_page_warm,641,30,36400,47100,51100,35600,51100
history_page_warm,642,30,36400,37800,50900,35400,50900
history_page_warm,643,30,36600,39400,39400,35700,39400
history_page_warm,644,30,36300,37500,39600,35100,39600
history_page_warm,645,30,36400,44500,98900,35400,98900
history_page_warm,646,30,36300,38600,65300,35400,65300
history_page_warm,647,30,36400,37800,78400,35300,78400
history_page_warm,648,30,36800,38400,38500,36000,38500
history_page_warm,649,30,36200,38500,94300,35500,94300
history_page_warm,650,30,36500,43000,47100,35400,47100
history_page_warm,651,30,36400,38000,52100,35300,52100
history_page_warm,652,30,36500,39700,54500,35600,54500
history_page_warm,653,30,36300,43400,50600,35300,50600
history_page_warm,654,30,36500,38200,45800,35500,45800
history_page_warm,655,30,36400,38000,40800,35400,40800
history_page_warm,656,30,36600,38800,39000,35600,39000
history_page_warm,657,30,36300,38500,44900,35300,44900
history_page_warm,658,30,36400,38400,42500,35500,42500
history_page_warm,659,30,36300,41000,69100,35200,69100
history_page_warm,660,30,36700,38300,38300,35600,38300
history_page_warm,661,30,36400,38300,198800,35300,198800
history_page_warm,662,30,36100,38200,222900,35100,222900
history_page_warm,663,30,36400,45300,137900,35500,137900
history_page_warm,664,30,36300,38300,69100,35400,69100
history_page_warm,665,30,36800,61600,102400,35500,102400
history_page_warm,666,30,36300,38200,95400,35700,95400
history_page_warm,667,30,36400,38000,38300,35500,38300
history_page_warm,668,30,36500,37800,37900,35500,37900
history_page_warm,669,30,36500,39500,46600,35700,46600
history_page_warm,670,30,36300,46500,96900,35600,96900
history_page_warm,671,30,36400,37900,39300,35300,39300
history_page_warm,672,30,36400,104500,124600,35200,124600
history_page_warm,673,30,36700,65900,97500,35800,97500
history_page_warm,674,30,36600,41200,69900,35200,69900
history_page_warm,675,30,36500,39600,69600,35400,69600
history_page_warm,676,30,36300,39200,69400,35600,69400
history_page_warm,677,30,36600,40000,69900,35400,69900
history_page_warm,678,30,36400,38900,69300,35500,69300
history_page_warm,679,30,36200,39200,124500,35800,124500
history_page_warm,680,30,36300,39100,41600,35400,41600
history_page_warm,681,30,36400,38100,39200,35400,39200
history_page_warm,682,30,37100,40700,48000,36300,48000
history_page_warm,683,30,36200,39300,47400,35600,47400
history_page_warm,684,30,36200,38000,39700,35200,39700
history_page_warm,685,30,36500,42900,45000,35500,45000
history_page_warm,686,30,36600,48100,88400,35600,88400
history_page_warm,687,30,36400,72000,89800,35500,89800
history_page_warm,688,30,36500,41200,41700,35600,41700
history_page_warm,689,30,36500,39300,40100,35500,40100
history_page_warm,690,30,36600,57500,67500,35600,67500
history_page_warm,691,30,36300,40100,42700,35800,42700
history_page_warm,692,30,36500,42600,47000,35700,47000
history_page_warm,693,30,36500,39000,40200,35600,40200
history_page_warm,694,30,36700,48900,73900,35800,73900
history_page_warm,695,30,36500,40500,92500,35700,92500
history_page_warm,696,30,36400,45700,46800,35100,46800
history_page_warm,697,30,36300,41800,48800,35500,48800
history_page_warm,698,30,36200,39700,39800,35400,39800
history_page_warm,699,30,36600,39900,40500,35700,40500
history_page_warm,700,30,36300,40000,40400,35800,40400
history_page_warm,701,30,36400,40300,48200,35600,48200
history_page_warm,702,30,36200,39900,42400,35600,42400
history_page_warm,703,30,36400,49100,49900,35500,49900
history_page_warm,704,30,36300,40100,47300,35500,47300
history_page_warm,705,30,36400,39900,40400,35500,40400
history_page_warm,706,30,36400,40400,43600,35700,43600
history_page_warm,707,30,36700,39100,40400,35800,40400
history_page_warm,708,30,36300,40200,40600,35600,40600
history_page_warm,709,30,36500,50900,82300,35700,82300
history_page_warm,710,30,36500,40200,48400,35500,48400
history_page_warm,711,30,36600,40200,46900,35500,46900
history_page_warm,712,30,36400,53300,78800,35400,78800
history_page_warm,713,30,36300,45500,53000,35400,53000
history_page_warm,714,30,36100,39800,43400,35300,43400
history_page_warm,715,30,36400,43300,46300,35400,46300
history_page_warm,716,30,36700,40100,40900,35500,40900
history_page_warm,717,30,36200,36800,40300,35400,40300
history_page_warm,718,30,36400,49300,55800,35200,55800
history_page_warm,719,30,36400,42800,56200,35300,56200
history_page_warm,720,30,36300,37500,53900,35600,53900
history_page_warm,721,30,36100,37000,53700,35500,53700
history_page_warm,722,30,36400,54100,76000,35200,76000
history_page_warm,723,30,36400,50100,65400,35400,65400
history_page_warm,724,30,36700,40200,49000,35400,49000
history_page_warm,725,30,36400,38200,41100,35400,41100
history_page_warm,726,30,36500,37300,45800,35700,45800
history_page_warm,727,30,36400,43000,44200,35400,44200
history_page_warm,728,30,36500,42000,47400,35900,47400
history_page_warm,729,30,36200,37900,51600,35300,51600
history_page_warm,730,30,36300,41200,69700,35200,69700
history_page_warm,731,30,36200,38400,70500,35700,70500
history_page_warm,732,30,36200,37300,38000,35700,38000
history_page_warm,733,30,36600,42200,42800,35700,42800
history_page_warm,734,30,36300,64500,165100,35700,165100
history_page_warm,735,30,36500,45900,61500,35300,61500
history_page_warm,736,30,36400,41300,53300,35500,53300
history_page_warm,737,30,36500,45600,153600,35700,153600
history_page_warm,738,30,36400,47300,173200,35700,173200
history_page_warm,739,30,36500,41200,188700,35300,188700
history_page_warm,740,30,36400,39200,52200,35200,52200
history_page_warm,741,30,36700,38300,51500,35500,51500
history_page_warm,742,30,36400,39300,39900,35300,39900
history_page_warm,743,30,36400,38400,41500,35700,41500
history_page_warm,744,30,36200,37700,37700,35500,37700
history_page_warm,745,30,36600,37600,38200,35700,38200
history_page_warm,746,30,36300,40600,144700,35300,144700
history_page_warm,747,30,36300,37200,37300,35300,37300
history_page_warm,748,30,36400,42800,43400,35500,43400
history_page_warm,749,30,36200,37500,45700,35500,45700
history_page_warm,750,30,36700,38400,38500,36100,38500
history_page_warm,751,30,36300,38000,43800,35200,43800
history_page_warm,752,30,36200,37200,37600,35100,37600
history_page_warm,753,30,36100,37800,38600,35500,38600
history_page_warm,754,30,36500,37600,37800,35500,37800
history_page_warm,755,30,36300,39300,45000,35400,45000
history_page_warm,756,30,36100,37600,37700,35500,37700
history_page_warm,757,30,36300,39700,50600,35600,50600
history_page_warm,758,30,36500,38400,112300,35200,112300
history_page_warm,759,30,36300,43000,85300,35500,85300
history_page_warm,760,30,36400,38900,83300,35800,83300
history_page_warm,761,30,36300,40900,46400,35500,46400
history_page_warm,762,30,36500,38200,43700,35600,43700
history_page_warm,763,30,36100,46100,70000,35400,70000
history_page_warm,764,30,36100,37900,38900,35300,38900
history_page_warm,765,30,36400,37900,102800,35500,102800
history_page_warm,766,30,36300,38100,43000,35400,43000
history_page_warm,767,30,36800,43300,46700,35400,46700
history_page_warm,768,30,36400,43700,47400,35200,47400
history_page_warm,769,30,36200,43300,113800,35500,113800
history_page_warm,770,30,36100,64800,69400,35100,69400
history_page_warm,771,30,36400,69400,143900,35600,143900
history_page_warm,772,30,36100,42300,43200,35200,43200
history_page_warm,773,30,36200,38600,43300,35200,43300
history_page_warm,774,30,36300,42200,46900,35200,46900
history_page_warm,775,30,36600,38400,45000,35800,45000
history_page_warm,776,30,36100,37400,37700,35400,37700
history_page_warm,777,30,36300,37500,42700,35300,42700
history_page_warm,778,30,36200,39600,39900,35500,39900
history_page_warm,779,30,36300,37400,37500,35700,37500
history_page_warm,780,30,36200,68000,117500,35300,117500
history_page_warm,781,30,36200,48000,70900,35300,70900
history_page_warm,782,30,36400,40200,50700,35200,50700
history_page_warm,783,30,36300,41700,97700,35400,97700
history_page_warm,784,30,36900,47500,103100,35800,103100
history_page_warm,785,30,36300,39900,66300,35200,66300
history_page_warm,786,30,36400,78500,94700,35700,94700
history_page_warm,787,30,36300,41000,41900,35000,41900
history_page_warm,788,30,36400,41500,47000,35300,47000
history_page_warm,789,30,36300,37900,41100,35300,41100
history_page_warm,790,30,36500,43600,48900,35800,48900
history_page_warm,791,30,36600,39900,40400,35600,40400
history_page_warm,792,30,36900,58700,117500,35900,117500
history_page_warm,793,30,36500,41700,56000,35500,56000
history_page_warm,794,30,36600,128400,136500,36100,136500
history_page_warm,795,30,36400,43100,44700,35800,44700
history_page_warm,796,30,36600,48800,65500,35800,65500
history_page_warm,797,30,36400,37900,41100,35600,41100
history_page_warm,798,30,36300,42700,60000,35500,60000
history_page_warm,799,30,36300,38300,38600,35500,38600
history_page_warm,800,30,36400,38400,39300,35600,39300
history_page_warm,801,30,36600,38200,38600,36000,38600
history_page_warm,802,30,36400,38300,38300,35500,38300
history_page_warm,803,30,36400,38300,39500,35500,39500
history_page_warm,804,30,36200,39700,45500,35400,45500
history_page_warm,805,30,36400,39200,58400,35900,58400
history_page_warm,806,30,36200,39200,40500,35500,40500
history_page_warm,807,30,36500,38900,39600,35600,39600
history_page_warm,808,30,36300,38500,40900,35400,40900
history_page_warm,809,30,36500,40600,43600,35600,43600
history_page_warm,810,30,36400,37200,38100,35800,38100
history_page_warm,811,30,36600,48600,138400,35600,138400
history_page_warm,812,30,36300,49200,71600,35400,71600
history_page_warm,813,30,36700,58100,69400,36000,69400
history_page_warm,814,30,36500,69100,128900,35500,128900
history_page_warm,815,30,36400,76900,116600,35300,116600
history_page_warm,816,30,36500,70300,74900,35400,74900
history_page_warm,817,30,36500,68900,75900,35600,75900
history_page_warm,818,30,37400,69600,76600,36200,76600
history_page_warm,819,30,36500,69400,103200,35300,103200
history_page_warm,820,30,36500,39100,75000,35900,75000
history_page_warm,821,30,36500,37900,71100,35300,71100
history_page_warm,822,30,36600,40700,44100,35600,44100
history_page_warm,823,30,36600,38800,96700,35800,96700
history_page_warm,824,30,36600,38300,73300,35700,73300
history_page_warm,825,30,36600,37700,38100,35400,38100
history_page_warm,826,30,36800,41900,43600,35800,43600
history_page_warm,827,30,36400,39300,39700,35600,39700
history_page_warm,828,30,36700,40600,41300,35500,41300
history_page_warm,829,30,36500,47800,107500,35500,107500
history_page_warm,830,30,36700,40000,88100,35900,88100
history_page_warm,831,30,36500,39300,49200,35600,49200
history_page_warm,832,30,36600,39900,41000,35600,41000
history_page_warm,833,30,36500,39200,39300,35200,39300
history_page_warm,834,30,36600,39400,40900,35600,40900
history_page_warm,835,30,37100,45500,113000,35800,113000
history_page_warm,836,30,36500,38400,39500,35500,39500
history_page_warm,837,30,36600,38200,40000,35600,40000
history_page_warm,838,30,36600,39600,42100,35600,42100
history_page_warm,839,30,36800,39200,39800,35900,39800
history_page_warm,840,30,36500,38900,43100,35700,43100
history_page_warm,841,30,36500,38700,40000,35600,40000
history_page_warm,842,30,36500,39400,48100,35600,48100
history_page_warm,843,30,36900,47300,58400,35700,58400
history_page_warm,844,30,36600,39400,39600,35700,39600
history_page_warm,845,30,36600,39800,40500,35900,40500
history_page_warm,846,30,36600,40500,41800,35300,41800
history_page_warm,847,30,36700,39700,40200,35500,40200
history_page_warm,848,30,36500,44500,62000,35700,62000
history_page_warm,849,30,36400,38700,39800,35500,39800
history_page_warm,850,30,36500,40100,56000,35700,56000
history_page_warm,851,30,36500,39500,40000,35300,40000
history_page_warm,852,30,36800,39000,45700,35600,45700
history_page_warm,853,30,36300,39800,53600,35200,53600
history_page_warm,854,30,36600,45900,111900,35700,111900
history_page_warm,855,30,36400,50800,102900,35300,102900
history_page_warm,856,30,36500,45900,49300,35700,49300
history_page_warm,857,30,36300,37500,41100,35600,41100
history_page_warm,858,30,36500,40500,137000,35600,137000
history_page_warm,859,30,36500,39700,45100,35400,45100
history_page_warm,860,30,36700,39500,39900,35600,39900
history_page_warm,861,30,36400,39200,40200,35200,40200
history_page_warm,862,30,36500,38100,39100,35500,39100
history_page_warm,863,30,36400,39100,41100,35400,41100
history_page_warm,864,30,36400,40700,46400,35700,46400
history_page_warm,865,30,36400,38100,39100,35400,39100
history_page_warm,866,30,36400,39200,45000,35700,45000
history_page_warm,867,30,36400,40500,112100,35300,112100
history_page_warm,868,30,36600,46200,75600,35100,75600
history_page_warm,869,30,36800,79700,93300,35800,93300
history_page_warm,870,30,36500,40200,40400,35600,40400
history_page_warm,871,30,36600,39900,42500,35400,42500
history_page_warm,872,30,36500,47300,48200,35400,48200
history_page_warm,873,30,36600,52700,62000,35600,62000
history_page_warm,874,30,36400,38900,41800,35400,41800
history_page_warm,875,30,36600,39200,40000,35100,40000
history_page_warm,876,30,36500,42400,44800,35400,44800
history_page_warm,877,30,36500,39100,39900,35400,39900
history_page_warm,878,30,36400,39000,39200,35400,39200
history_page_warm,879,30,36300,38400,38700,35200,38700
history_page_warm,880,30,36400,39000,40700,35700,40700
history_page_warm,881,30,36300,76700,119500,35400,119500
history_page_warm,882,30,36400,97500,120200,35700,120200
history_page_warm,883,30,36600,51000,124600,36000,124600
history_page_warm,884,30,36400,69100,100000,35600,100000
history_page_warm,885,30,36300,63400,130400,35200,130400
history_page_warm,886,30,37000,98600,124100,36000,124100
history_page_warm,887,30,36400,43900,56800,35200,56800
history_page_warm,888,30,36400,43800,58700,35300,58700
history_page_warm,889,30,36400,45400,58700,35400,58700
history_page_warm,890,30,36600,47700,65900,35400,65900
history_page_warm,891,30,36300,44700,58600,35600,58600
history_page_warm,892,30,36400,45200,58100,35700,58100
history_page_warm,893,30,36500,40400,58000,35400,58000
history_page_warm,894,30,36800,58400,98000,36000,98000
history_page_warm,895,30,36400,39500,58600,35500,58600
history_page_warm,896,30,36500,37800,49800,35600,49800
history_page_warm,897,30,36500,38700,47100,35600,47100
history_page_warm,898,30,36300,38700,53900,35700,53900
history_page_warm,899,30,36500,37200,54700,35900,54700
history_page_warm,900,30,36400,37600,42500,35500,42500
history_page_warm,901,30,36400,37700,37800,35600,37800
history_page_warm,902,30,36500,37300,37700,35500,37700
history_page_warm,903,30,36600,37300,37500,35900,37500
history_page_warm,904,30,36500,39200,43200,35600,43200
history_page_warm,905,30,36500,37100,37800,35800,37800
history_page_warm,906,30,36400,37000,37800,35600,37800
history_page_warm,907,30,36400,37700,45800,35800,45800
history_page_warm,908,30,36300,37400,39600,35300,39600
history_page_warm,909,30,36400,39300,43700,35400,43700
history_page_warm,910,30,36400,41100,42000,35900,42000
history_page_warm,911,30,36700,38100,53000,35500,53000
history_page_warm,912,30,36300,38100,38300,35700,38300
history_page_warm,913,30,36400,42400,46400,35300,46400
history_page_warm,914,30,36400,37100,51900,35600,51900
history_page_warm,915,30,36500,42200,69800,35700,69800
history_page_warm,916,30,36500,39400,48200,35300,48200
history_page_warm,917,30,36400,39900,41400,35800,41400
history_page_warm,918,30,36200,41900,142800,35600,142800
history_page_warm,919,30,36400,39200,134400,35800,134400
history_page_warm,920,30,36900,38100,56800,35800,56800
history_page_warm,921,30,36300,42200,90700,35200,90700
history_page_warm,922,30,36600,38800,40300,35600,40300
history_page_warm,923,30,36400,37200,37600,35600,37600
history_page_warm,924,30,36500,44700,56700,35700,56700
history_page_warm,925,30,36400,40000,61500,35500,61500
history_page_warm,926,30,36500,37500,52700,35700,52700
history_page_warm,927,30,36400,37000,37200,35600,37200
history_page_warm,928,30,36600,42100,43700,36000,43700
history_page_warm,929,30,36500,39200,91300,35700,91300
history_page_warm,930,30,36400,37400,38000,35700,38000
history_page_warm,931,30,36400,38600,118400,35200,118400
history_page_warm,932,30,36400,37300,123200,35800,123200
history_page_warm,933,30,36500,55500,68200,35700,68200
history_page_warm,934,30,36400,37100,59800,35500,59800
history_page_warm,935,30,36500,56400,97300,35500,97300
history_page_warm,936,30,36400,60100,73000,35200,73000
history_page_warm,937,30,36700,38500,56400,35800,56400
history_page_warm,938,30,36500,38900,59000,35500,59000
history_page_warm,939,30,36400,41000,63400,35500,63400
history_page_warm,940,30,36300,43600,61600,35300,61600
history_page_warm,941,30,36600,58300,123600,35400,123600
history_page_warm,942,30,36300,82200,110700,35700,110700
history_page_warm,943,30,36600,37300,37800,35700,37800
history_page_warm,944,30,36400,39300,49900,35700,49900
history_page_warm,945,30,36700,37300,37300,35500,37300
history_page_warm,946,30,36600,37100,37100,35800,37100
history_page_warm,947,30,36500,40100,54400,35800,54400
history_page_warm,948,30,36400,41200,66000,35300,66000
history_page_warm,949,30,36300,38900,45400,35300,45400
history_page_warm,950,30,36500,42800,88500,35600,88500
history_page_warm,951,30,36400,38100,104800,35700,104800
history_page_warm,952,30,36600,38800,40700,35900,40700
history_page_warm,953,30,36400,39700,44200,35400,44200
history_page_warm,954,30,37200,40400,54300,36100,54300
history_page_warm,955,30,36400,38000,39600,35400,39600
history_page_warm,956,30,36500,40500,47000,35600,47000
history_page_warm,957,30,36200,40800,64000,35400,64000
history_page_warm,958,30,36700,38500,42400,35300,42400
history_page_warm,959,30,36400,37700,39700,35400,39700
history_page_warm,960,30,36300,39300,39400,35300,39400
history_page_warm,961,30,36400,37400,39300,35400,39300
history_page_warm,962,30,36800,39900,143500,35300,143500
history_page_warm,963,30,36500,84500,161100,35500,161100
history_page_warm,964,30,36600,43700,71800,35800,71800
history_page_warm,965,30,36600,42000,43900,35300,43900
history_page_warm,966,30,36500,47300,53400,35600,53400
history_page_warm,967,30,36500,40700,49800,35200,49800
history_page_warm,968,30,36500,40100,143400,35600,143400
history_page_warm,969,30,36500,40600,70500,35500,70500
history_page_warm,970,30,36400,40200,67700,35700,67700
history_page_warm,971,30,36900,41600,74200,36300,74200
history_page_warm,972,30,36400,66500,103500,35700,103500
history_page_warm,973,30,36400,67500,76500,35500,76500
history_page_warm,974,30,36300,44700,72000,35400,72000
history_page_warm,975,30,36500,66000,93200,35500,93200
history_page_warm,976,30,36500,56000,66800,35600,66800
history_page_warm,977,30,36500,39400,66900,35500,66900
history_page_warm,978,30,36500,39800,66400,35600,66400
history_page_warm,979,30,36800,40400,63600,35600,63600
history_page_warm,980,30,36300,39400,65200,35400,65200
history_page_warm,981,30,36500,51900,66700,35600,66700
history_page_warm,982,30,36300,39500,64900,35600,64900
history_page_warm,983,30,36200,58200,65200,35600,65200
history_page_warm,984,30,36300,40400,70700,35500,70700
history_page_warm,985,30,36300,64700,74900,35700,74900
history_page_warm,986,30,36200,41400,65300,35400,65300
history_page_warm,987,30,36300,41400,73200,35400,73200
history_page_warm,988,30,36700,39100,65600,35700,65600
history_page_warm,989,30,36200,40400,66600,35500,66600
history_page_warm,990,30,36400,40000,58400,35600,58400
history_page_warm,991,30,36400,39300,145400,35600,145400
history_page_warm,992,30,36700,38600,39400,35600,39400
history_page_warm,993,30,36400,47300,69100,35600,69100
history_page_warm,994,30,36600,48900,50000,35300,50000
history_page_warm,995,30,36500,39900,40500,35300,40500
history_page_warm,996,30,36700,40100,41300,35500,41300
history_page_warm,997,30,36600,43900,47400,35800,47400
history_page_warm,998,30,36600,40600,44700,35500,44700
history_page_warm,999,30,36500,45600,93500,35300,93500
history_page_warm,1000,30,36500,39300,68200,35000,68200
history_page_warm,1001,30,36500,38200,38900,35600,38900
history_page_warm,1002,30,36500,37200,38900,35200,38900
history_page_warm,1003,30,36400,45800,162400,35500,162400
history_page_warm,1004,30,36400,41500,42200,35400,42200
history_page_warm,1005,30,36700,39400,39900,35200,39900
history_page_warm,1006,30,36500,39100,39500,35300,39500
history_page_warm,1007,30,36600,41100,44900,35200,44900
history_page_warm,1008,30,36500,40000,67100,35500,67100
history_page_warm,1009,30,36500,37900,40600,35400,40600
history_page_warm,1010,30,36400,40300,151900,35400,151900
history_page_warm,1011,30,36500,38700,42700,35400,42700
history_page_warm,1012,30,36600,40100,126400,35400,126400
history_page_warm,1013,30,36600,41900,61800,35800,61800
history_page_warm,1014,30,36600,39000,57400,35500,57400
history_page_warm,1015,30,36500,39900,40200,35200,40200
history_page_warm,1016,30,36300,43300,59300,35700,59300
history_page_warm,1017,30,36300,36900,39100,35500,39100
history_page_warm,1018,30,36400,39600,103200,35300,103200
history_page_warm,1019,30,36300,38500,38900,35500,38900
history_page_warm,1020,30,36400,39700,41100,35300,41100
history_page_warm,1021,30,36300,37100,40100,35500,40100
history_page_warm,1022,30,36800,39400,39400,35900,39400
history_page_warm,1023,30,36400,37700,38700,35500,38700
history_page_warm,1024,30,36400,39500,76100,35500,76100
history_page_warm,1025,30,36400,39200,41400,35200,41400
history_page_warm,1026,30,36600,39100,43300,35800,43300
history_page_warm,1027,30,36400,39600,48500,35400,48500
history_page_warm,1028,30,36400,37300,37700,35600,37700
history_page_warm,1029,30,36400,37500,37800,35000,37800
history_page_warm,1030,30,36700,45100,50600,35900,50600
history_page_warm,1031,30,36400,48600,170200,35600,170200
history_page_warm,1032,30,36300,39400,45900,35400,45900
history_page_warm,1033,30,36400,38600,49000,35300,49000
history_page_warm,1034,30,36400,41200,98000,35600,98000
history_page_warm,1035,30,36400,39700,41100,35700,41100
history_page_warm,1036,30,36300,39800,39800,35400,39800
history_page_warm,1037,30,36400,38200,122200,35500,122200
history_page_warm,1038,30,36400,39700,45600,35600,45600
history_page_warm,1039,30,36700,38000,38500,35900,38500
history_page_warm,1040,30,36200,37700,38400,35300,38400
history_page_warm,1041,30,36400,46400,113000,35600,113000
history_page_warm,1042,30,36500,57200,72900,35000,72900
history_page_warm,1043,30,36600,56100,59900,35700,59900
history_page_warm,1044,30,36400,41800,43100,35200,43100
history_page_warm,1045,30,36500,39800,46000,35800,46000
history_page_warm,1046,30,36400,37700,39000,35800,39000
history_page_warm,1047,30,36600,38600,40400,35800,40400
history_page_warm,1048,30,36400,40500,41800,35800,41800
history_page_warm,1049,30,36400,39900,41300,35500,41300
history_page_warm,1050,30,36500,37900,41800,35800,41800
history_page_warm,1051,30,36400,37500,37600,35700,37600
history_page_warm,1052,30,36400,38000,43500,35300,43500
history_page_warm,1053,30,36200,48800,57300,35500,57300
history_page_warm,1054,30,36300,39900,49300,35400,49300
history_page_warm,1055,30,36300,37400,38200,35800,38200
history_page_warm,1056,30,36800,38900,43700,35700,43700
history_page_warm,1057,30,36400,100200,100600,35300,100600
history_page_warm,1058,30,36600,49500,130100,35700,130100
history_page_warm,1059,30,36500,44100,63000,35500,63000
history_page_warm,1060,30,36400,41500,49000,35300,49000
history_page_warm,1061,30,36500,44700,65200,35400,65200
history_page_warm,1062,30,36600,41500,100800,36000,100800
history_page_warm,1063,30,36500,44000,47700,35100,47700
history_page_warm,1064,30,36700,42700,43100,36200,43100
history_page_warm,1065,30,36400,38400,39800,35700,39800
history_page_warm,1066,30,36700,39300,43000,35600,43000
history_page_warm,1067,30,36500,39100,45400,36000,45400
history_page_warm,1068,30,36500,39500,144800,35700,144800
history_page_warm,1069,30,36400,41800,74700,35300,74700
history_page_warm,1070,30,36500,43700,70100,35800,70100
history_page_warm,1071,30,36500,50000,69300,35800,69300
history_page_warm,1072,30,36400,39600,69100,35700,69100
history_page_warm,1073,30,36800,40300,69500,35900,69500
history_page_warm,1074,30,36500,44300,69200,35400,69200
history_page_warm,1075,30,36400,39500,69100,35600,69100
history_page_warm,1076,30,36400,68200,80500,35200,80500
history_page_warm,1077,30,36500,39600,44400,35200,44400
history_page_warm,1078,30,36400,37900,39200,35500,39200
history_page_warm,1079,30,36400,42200,43900,35400,43900
history_page_warm,1080,30,36400,41800,118300,35300,118300
history_page_warm,1081,30,36500,40000,41200,35800,41200
history_page_warm,1082,30,36500,45200,48700,35100,48700
history_page_warm,1083,30,36400,38500,39200,35100,39200
history_page_warm,1084,30,36300,39900,46700,35500,46700
history_page_warm,1085,30,36200,37900,44800,35300,44800
history_page_warm,1086,30,36400,45100,46400,35300,46400
history_page_warm,1087,30,36300,39400,53100,35400,53100
history_page_warm,1088,30,36400,42700,63200,35500,63200
history_page_warm,1089,30,20300,26700,32900,19800,32900
