operation,page,samples,p50_ns,p95_ns,p99_ns,minimum_ns,maximum_ns
history_page_cold_cpu_cache,1,30,38400,46800,56300,30200,56300
history_page_cold_cpu_cache,2,30,53700,93900,97300,43700,97300
history_page_cold_cpu_cache,3,30,53900,76900,95000,48800,95000
history_page_cold_cpu_cache,4,30,55400,69100,71500,47900,71500
history_page_cold_cpu_cache,5,30,53700,85400,115100,47500,115100
history_page_cold_cpu_cache,6,30,52000,63900,66500,46500,66500
history_page_cold_cpu_cache,7,30,52600,60600,61400,48900,61400
history_page_cold_cpu_cache,8,30,50800,63400,67100,47600,67100
history_page_cold_cpu_cache,9,30,53200,121000,151000,47300,151000
history_page_cold_cpu_cache,10,30,54300,60300,60500,45500,60500
history_page_cold_cpu_cache,11,30,54400,69100,72200,42800,72200
history_page_cold_cpu_cache,12,30,52400,95300,131600,43500,131600
history_page_cold_cpu_cache,13,30,51500,63500,73200,42500,73200
history_page_cold_cpu_cache,14,30,50800,64600,69900,44700,69900
history_page_cold_cpu_cache,15,30,53300,60000,61600,46000,61600
history_page_cold_cpu_cache,16,30,52700,62000,121800,45500,121800
history_page_cold_cpu_cache,17,30,52000,61600,126000,43400,126000
history_page_cold_cpu_cache,18,30,52200,65200,127800,43800,127800
history_page_cold_cpu_cache,19,30,49400,66800,80100,41100,80100
history_page_cold_cpu_cache,20,30,52200,56300,61000,41500,61000
history_page_cold_cpu_cache,21,30,53900,96800,183300,46200,183300
history_page_cold_cpu_cache,22,30,50300,61800,78300,46100,78300
history_page_cold_cpu_cache,23,30,49700,63900,70900,46200,70900
history_page_cold_cpu_cache,24,30,50200,62900,71200,45600,71200
history_page_cold_cpu_cache,25,30,53700,68900,111800,47000,111800
history_page_cold_cpu_cache,26,30,55300,85600,91300,47100,91300
history_page_cold_cpu_cache,27,30,52900,63700,77100,46100,77100
history_page_cold_cpu_cache,28,30,53000,64600,64800,47600,64800
history_page_cold_cpu_cache,29,30,49500,62000,140900,46100,140900
history_page_cold_cpu_cache,30,30,54400,83600,128700,46600,128700
history_page_cold_cpu_cache,31,30,55900,76700,87700,47200,87700
history_page_cold_cpu_cache,32,30,51900,62200,65200,47400,65200
history_page_cold_cpu_cache,33,30,51300,66900,68500,47700,68500
history_page_cold_cpu_cache,34,30,53900,73900,81900,46600,81900
history_page_cold_cpu_cache,35,30,53900,87300,92400,46900,92400
history_page_cold_cpu_cache,36,30,56300,84000,89800,47800,89800
history_page_cold_cpu_cache,37,30,51700,62900,63800,47800,63800
history_page_cold_cpu_cache,38,30,54100,82900,97900,46900,97900
history_page_cold_cpu_cache,39,30,51800,62400,63500,47000,63500
history_page_cold_cpu_cache,40,30,52100,67700,109300,43800,109300
history_page_cold_cpu_cache,41,30,54400,105200,111200,46700,111200
history_page_cold_cpu_cache,42,30,53300,62300,67200,47600,67200
history_page_cold_cpu_cache,43,30,52300,103900,140400,47100,140400
history_page_cold_cpu_cache,44,30,53800,84700,142200,47400,142200
history_page_cold_cpu_cache,45,30,51600,68100,69900,46400,69900
history_page_cold_cpu_cache,46,30,54800,92500,190100,47300,190100
history_page_cold_cpu_cache,47,30,52800,64100,66900,48600,66900
history_page_cold_cpu_cache,48,30,51400,90500,96500,45600,96500
history_page_cold_cpu_cache,49,30,55200,63500,150500,46200,150500
history_page_cold_cpu_cache,50,30,51300,62700,63200,45300,63200
history_page_cold_cpu_cache,51,30,54500,61400,74200,43300,74200
history_page_cold_cpu_cache,52,30,54600,69400,106300,44000,106300
history_page_cold_cpu_cache,53,30,52800,83700,103700,46200,103700
history_page_cold_cpu_cache,54,30,52300,109400,121600,46400,121600
history_page_cold_cpu_cache,55,30,52900,107000,131600,47000,131600
history_page_cold_cpu_cache,56,30,51600,64000,83200,46200,83200
history_page_cold_cpu_cache,57,30,55400,63900,94000,44000,94000
history_page_cold_cpu_cache,58,30,53700,63300,106500,46500,106500
history_page_cold_cpu_cache,59,30,54000,62800,70400,46900,70400
history_page_cold_cpu_cache,60,30,51000,62400,65400,47800,65400
history_page_cold_cpu_cache,61,30,50500,76000,92600,45600,92600
history_page_cold_cpu_cache,62,30,55700,85000,123800,47300,123800
history_page_cold_cpu_cache,63,30,54700,65200,69800,43600,69800
history_page_cold_cpu_cache,64,30,51500,61200,89400,44900,89400
history_page_cold_cpu_cache,65,30,50900,64500,91000,44700,91000
history_page_cold_cpu_cache,66,30,50700,66700,88400,44100,88400
history_page_cold_cpu_cache,67,30,51600,75900,109900,46400,109900
history_page_cold_cpu_cache,68,30,55000,70400,100700,47000,100700
history_page_cold_cpu_cache,69,30,52600,88800,116800,46500,116800
history_page_cold_cpu_cache,70,30,52200,62300,62700,46100,62700
history_page_cold_cpu_cache,71,30,51900,63600,63900,42500,63900
history_page_cold_cpu_cache,72,30,51700,100900,104700,42600,104700
history_page_cold_cpu_cache,73,30,53400,60300,69600,46100,69600
history_page_cold_cpu_cache,74,30,52100,60300,66100,41900,66100
history_page_cold_cpu_cache,75,30,52300,66600,71600,43200,71600
history_page_cold_cpu_cache,76,30,52400,62900,69400,41700,69400
history_page_cold_cpu_cache,77,30,53300,62300,82100,45900,82100
history_page_cold_cpu_cache,78,30,55500,62900,82200,47200,82200
history_page_cold_cpu_cache,79,30,52600,64600,66700,48400,66700
history_page_cold_cpu_cache,80,30,50700,59300,60200,47700,60200
history_page_cold_cpu_cache,81,30,50800,77700,104200,46900,104200
history_page_cold_cpu_cache,82,30,51400,62600,103200,45500,103200
history_page_cold_cpu_cache,83,30,55700,113800,222900,47300,222900
history_page_cold_cpu_cache,84,30,54000,88800,155700,47700,155700
history_page_cold_cpu_cache,85,30,52300,62900,111200,43200,111200
history_page_cold_cpu_cache,86,30,50000,69700,98500,44400,98500
history_page_cold_cpu_cache,87,30,53700,99800,145300,44000,145300
history_page_cold_cpu_cache,88,30,52500,64000,70000,47400,70000
history_page_cold_cpu_cache,89,30,51800,84300,111500,47300,111500
history_page_cold_cpu_cache,90,30,51700,66100,79200,47100,79200
history_page_cold_cpu_cache,91,30,50400,61600,113300,45300,113300
history_page_cold_cpu_cache,92,30,51600,110300,170700,45000,170700
history_page_cold_cpu_cache,93,30,53500,66900,116400,47600,116400
history_page_cold_cpu_cache,94,30,54900,85200,115000,45200,115000
history_page_cold_cpu_cache,95,30,51800,67800,88000,44100,88000
history_page_cold_cpu_cache,96,30,53700,101100,109500,43500,109500
history_page_cold_cpu_cache,97,30,53100,95400,107000,45500,107000
history_page_cold_cpu_cache,98,30,55100,111500,118000,47600,118000
history_page_cold_cpu_cache,99,30,55300,89500,93900,44900,93900
history_page_cold_cpu_cache,100,30,53300,89000,139300,45800,139300
history_page_cold_cpu_cache,101,30,50300,66000,75700,45800,75700
history_page_cold_cpu_cache,102,30,50600,85700,99400,45300,99400
history_page_cold_cpu_cache,103,30,53800,70300,102400,44400,102400
history_page_cold_cpu_cache,104,30,54100,67300,76400,44300,76400
history_page_cold_cpu_cache,105,30,52000,98100,109800,43000,109800
history_page_cold_cpu_cache,106,30,52700,76100,147100,43000,147100
history_page_cold_cpu_cache,107,30,51600,99600,120400,42700,120400
history_page_cold_cpu_cache,108,30,52400,79700,101200,42100,101200
history_page_cold_cpu_cache,109,30,52900,64300,72200,44400,72200
history_page_cold_cpu_cache,110,30,53300,75100,103100,46300,103100
history_page_cold_cpu_cache,111,30,50600,59400,72600,46100,72600
history_page_cold_cpu_cache,112,30,49900,66900,108800,46100,108800
history_page_cold_cpu_cache,113,30,53000,130200,137900,44500,137900
history_page_cold_cpu_cache,114,30,51900,76800,93800,46700,93800
history_page_cold_cpu_cache,115,30,52100,63700,97300,41700,97300
history_page_cold_cpu_cache,116,30,50600,67300,162100,45700,162100
history_page_cold_cpu_cache,117,30,51600,67400,115900,43400,115900
history_page_cold_cpu_cache,118,30,50500,62900,173800,46600,173800
history_page_cold_cpu_cache,119,30,53200,87400,99600,46300,99600
history_page_cold_cpu_cache,120,30,52800,81100,168500,44200,168500
history_page_cold_cpu_cache,121,30,52400,65000,97000,44600,97000
history_page_cold_cpu_cache,122,30,50300,60100,62100,44500,62100
history_page_cold_cpu_cache,123,30,51300,76700,144700,46500,144700
history_page_cold_cpu_cache,124,30,52600,89700,92300,47400,92300
history_page_cold_cpu_cache,125,30,53700,77100,121000,47200,121000
history_page_cold_cpu_cache,126,30,52400,61600,63100,46200,63100
history_page_cold_cpu_cache,127,30,51800,62200,85000,45400,85000
history_page_cold_cpu_cache,128,30,52700,67700,101500,47000,101500
history_page_cold_cpu_cache,129,30,53700,68700,209300,47800,209300
history_page_cold_cpu_cache,130,30,52100,63700,109400,46700,109400
history_page_cold_cpu_cache,131,30,52800,58100,103900,45500,103900
history_page_cold_cpu_cache,132,30,53200,60100,64400,47400,64400
history_page_cold_cpu_cache,133,30,51500,62700,64300,48200,64300
history_page_cold_cpu_cache,134,30,53100,87100,92000,47300,92000
history_page_cold_cpu_cache,135,30,53800,92300,340700,47900,340700
history_page_cold_cpu_cache,136,30,53400,59500,92800,47700,92800
history_page_cold_cpu_cache,137,30,53500,65400,73200,46100,73200
history_page_cold_cpu_cache,138,30,51300,66600,151400,45800,151400
history_page_cold_cpu_cache,139,30,53200,65700,118300,47300,118300
history_page_cold_cpu_cache,140,30,55500,95300,104900,48600,104900
history_page_cold_cpu_cache,141,30,52300,73200,101800,48300,101800
history_page_cold_cpu_cache,142,30,52900,132700,148300,46600,148300
history_page_cold_cpu_cache,143,30,51900,75700,105700,45000,105700
history_page_cold_cpu_cache,144,30,54400,101600,132400,46200,132400
history_page_cold_cpu_cache,145,30,51700,113300,126600,44600,126600
history_page_cold_cpu_cache,146,30,51200,66300,73800,45100,73800
history_page_cold_cpu_cache,147,30,52200,92200,104300,44200,104300
history_page_cold_cpu_cache,148,30,52700,62600,104000,46800,104000
history_page_cold_cpu_cache,149,30,52000,64000,83100,43500,83100
history_page_cold_cpu_cache,150,30,51700,59900,60900,44300,60900
history_page_cold_cpu_cache,151,30,52300,60100,104300,46600,104300
history_page_cold_cpu_cache,152,30,52800,59900,99600,47200,99600
history_page_cold_cpu_cache,153,30,51500,61700,105200,47800,105200
history_page_cold_cpu_cache,154,30,51900,64300,157800,45700,157800
history_page_cold_cpu_cache,155,30,53900,61800,86800,45100,86800
history_page_cold_cpu_cache,156,30,52700,134900,165800,47700,165800
history_page_cold_cpu_cache,157,30,54100,94400,109600,48300,109600
history_page_cold_cpu_cache,158,30,54100,78000,111800,47700,111800
history_page_cold_cpu_cache,159,30,52200,118800,163400,47300,163400
history_page_cold_cpu_cache,160,30,54200,99600,102700,46400,102700
history_page_cold_cpu_cache,161,30,51400,63100,98300,46500,98300
history_page_cold_cpu_cache,162,30,51000,78200,98700,45800,98700
history_page_cold_cpu_cache,163,30,52900,67800,104000,46400,104000
history_page_cold_cpu_cache,164,30,52100,62800,124500,45700,124500
history_page_cold_cpu_cache,165,30,52600,93100,106700,48100,106700
history_page_cold_cpu_cache,166,30,53600,73200,100500,43800,100500
history_page_cold_cpu_cache,167,30,52400,70800,134600,44000,134600
history_page_cold_cpu_cache,168,30,53200,102300,108100,46500,108100
history_page_cold_cpu_cache,169,30,51200,104000,159500,44700,159500
history_page_cold_cpu_cache,170,30,51700,100100,125800,44700,125800
history_page_cold_cpu_cache,171,30,51600,112500,149600,44200,149600
history_page_cold_cpu_cache,172,30,52900,68100,105700,44700,105700
history_page_cold_cpu_cache,173,30,53500,64400,105900,46500,105900
history_page_cold_cpu_cache,174,30,53600,118900,129000,44500,129000
history_page_cold_cpu_cache,175,30,53100,59300,181800,47300,181800
history_page_cold_cpu_cache,176,30,51700,77100,117200,44600,117200
history_page_cold_cpu_cache,177,30,53100,144000,167000,47000,167000
history_page_cold_cpu_cache,178,30,52300,61800,71100,45400,71100
history_page_cold_cpu_cache,179,30,52800,78800,101300,41600,101300
history_page_cold_cpu_cache,180,30,51800,64300,73200,41700,73200
history_page_cold_cpu_cache,181,30,50700,78800,108300,42200,108300
history_page_cold_cpu_cache,182,30,53000,79600,93300,48700,93300
history_page_cold_cpu_cache,183,30,52400,60000,64200,45800,64200
history_page_cold_cpu_cache,184,30,54400,110300,146700,43300,146700
history_page_cold_cpu_cache,185,30,51500,62700,107100,41700,107100
history_page_cold_cpu_cache,186,30,50900,139300,158000,46400,158000
history_page_cold_cpu_cache,187,30,51100,87100,92100,44400,92100
history_page_cold_cpu_cache,188,30,51700,76600,117300,45600,117300
history_page_cold_cpu_cache,189,30,53300,62300,64600,48200,64600
history_page_cold_cpu_cache,190,30,52300,61200,104200,44400,104200
history_page_cold_cpu_cache,191,30,50300,61500,99400,46600,99400
history_page_cold_cpu_cache,192,30,53000,69700,100700,45600,100700
history_page_cold_cpu_cache,193,30,52500,66900,128300,47900,128300
history_page_cold_cpu_cache,194,30,53000,70700,112800,47900,112800
history_page_cold_cpu_cache,195,30,50300,62100,151300,46200,151300
history_page_cold_cpu_cache,196,30,50500,59100,71100,46500,71100
history_page_cold_cpu_cache,197,30,53700,113100,138000,43900,138000
history_page_cold_cpu_cache,198,30,51600,80700,82400,44200,82400
history_page_cold_cpu_cache,199,30,52500,75500,97600,43900,97600
history_page_cold_cpu_cache,200,30,52500,72600,97400,46900,97400
history_page_cold_cpu_cache,201,30,51600,93600,133600,46000,133600
history_page_cold_cpu_cache,202,30,52100,87700,88700,43300,88700
history_page_cold_cpu_cache,203,30,51600,74800,75600,43100,75600
history_page_cold_cpu_cache,204,30,54400,89900,108000,46300,108000
history_page_cold_cpu_cache,205,30,51300,60500,74400,47800,74400
history_page_cold_cpu_cache,206,30,51600,66600,81800,46500,81800
history_page_cold_cpu_cache,207,30,51200,136900,140800,46900,140800
history_page_cold_cpu_cache,208,30,54200,68600,194400,45900,194400
history_page_cold_cpu_cache,209,30,51600,76800,103000,46000,103000
history_page_cold_cpu_cache,210,30,51700,67000,88800,43600,88800
history_page_cold_cpu_cache,211,30,49900,61800,65100,45000,65100
history_page_cold_cpu_cache,212,30,50700,66300,154700,44800,154700
history_page_cold_cpu_cache,213,30,51500,64300,65200,46200,65200
history_page_cold_cpu_cache,214,30,52500,68500,104900,45100,104900
history_page_cold_cpu_cache,215,30,52400,63800,69500,44400,69500
history_page_cold_cpu_cache,216,30,53900,99900,136000,44300,136000
history_page_cold_cpu_cache,217,30,50600,72200,118800,45600,118800
history_page_cold_cpu_cache,218,30,50700,74100,84800,44900,84800
history_page_cold_cpu_cache,219,30,51600,73300,78400,42500,78400
history_page_cold_cpu_cache,220,30,49900,58400,71800,44600,71800
history_page_cold_cpu_cache,221,30,52100,79200,107800,45500,107800
history_page_cold_cpu_cache,222,30,50900,61600,70900,45900,70900
history_page_cold_cpu_cache,223,30,51000,66600,70000,46600,70000
history_page_cold_cpu_cache,224,30,50600,62100,86400,44000,86400
history_page_cold_cpu_cache,225,30,53200,69300,92700,44300,92700
history_page_cold_cpu_cache,226,30,52200,65800,157200,47200,157200
history_page_cold_cpu_cache,227,30,50300,60500,61500,45300,61500
history_page_cold_cpu_cache,228,30,50900,60600,74000,46300,74000
history_page_cold_cpu_cache,229,30,51500,67000,83800,46400,83800
history_page_cold_cpu_cache,230,30,51700,71500,97400,47000,97400
history_page_cold_cpu_cache,231,30,51400,72200,78400,47000,78400
history_page_cold_cpu_cache,232,30,51400,72400,78700,46700,78700
history_page_cold_cpu_cache,233,30,51100,59200,60400,44700,60400
history_page_cold_cpu_cache,234,30,50000,92100,92400,44500,92400
history_page_cold_cpu_cache,235,30,52200,63300,106200,44600,106200
history_page_cold_cpu_cache,236,30,52700,81800,112100,47000,112100
history_page_cold_cpu_cache,237,30,53600,59500,94900,46000,94900
history_page_cold_cpu_cache,238,30,52300,58900,62900,44800,62900
history_page_cold_cpu_cache,239,30,51800,95900,119600,45600,119600
history_page_cold_cpu_cache,240,30,53200,63500,81600,45500,81600
history_page_cold_cpu_cache,241,30,52200,77500,81100,45100,81100
history_page_cold_cpu_cache,242,30,51400,68200,74500,44600,74500
history_page_cold_cpu_cache,243,30,52900,67700,67900,47400,67900
history_page_cold_cpu_cache,244,30,52500,95700,108900,47800,108900
history_page_cold_cpu_cache,245,30,54000,69100,79900,46200,79900
history_page_cold_cpu_cache,246,30,51500,76400,117900,47600,117900
history_page_cold_cpu_cache,247,30,51400,68900,87300,45900,87300
history_page_cold_cpu_cache,248,30,53400,100000,136100,44200,136100
history_page_cold_cpu_cache,249,30,51700,66200,71700,45200,71700
history_page_cold_cpu_cache,250,30,53100,63000,77800,45300,77800
history_page_cold_cpu_cache,251,30,51700,62200,65900,45400,65900
history_page_cold_cpu_cache,252,30,50100,59000,60200,46200,60200
history_page_cold_cpu_cache,253,30,51300,59300,59400,45800,59400
history_page_cold_cpu_cache,254,30,51900,83200,85900,46500,85900
history_page_cold_cpu_cache,255,30,54400,91800,94100,46200,94100
history_page_cold_cpu_cache,256,30,51200,74300,98300,47700,98300
history_page_cold_cpu_cache,257,30,50800,62300,70700,47600,70700
history_page_cold_cpu_cache,258,30,53000,74100,120500,45900,120500
history_page_cold_cpu_cache,259,30,53000,77200,92300,44500,92300
history_page_cold_cpu_cache,260,30,51400,80000,113800,42700,113800
history_page_cold_cpu_cache,261,30,51000,69800,96400,46500,96400
history_page_cold_cpu_cache,262,30,50400,59800,87600,44600,87600
history_page_cold_cpu_cache,263,30,53100,76800,150100,46100,150100
history_page_cold_cpu_cache,264,30,53600,90800,154300,46300,154300
history_page_cold_cpu_cache,265,30,53200,60100,64700,47000,64700
history_page_cold_cpu_cache,266,30,53000,60900,65100,43600,65100
history_page_cold_cpu_cache,267,30,51800,57300,57500,42800,57500
history_page_cold_cpu_cache,268,30,51400,113500,170100,44400,170100
history_page_cold_cpu_cache,269,30,52900,103400,179700,46200,179700
history_page_cold_cpu_cache,270,30,51000,60300,60500,46400,60500
history_page_cold_cpu_cache,271,30,51900,101500,170800,45000,170800
history_page_cold_cpu_cache,272,30,50300,66200,88100,45400,88100
history_page_cold_cpu_cache,273,30,49700,69800,102800,46000,102800
history_page_cold_cpu_cache,274,30,53700,63400,93800,47100,93800
history_page_cold_cpu_cache,275,30,53800,59900,65000,45200,65000
history_page_cold_cpu_cache,276,30,51800,57900,61100,47500,61100
history_page_cold_cpu_cache,277,30,50800,59500,61300,45200,61300
history_page_cold_cpu_cache,278,30,52300,88700,179300,46100,179300
history_page_cold_cpu_cache,279,30,54800,112000,124900,46000,124900
history_page_cold_cpu_cache,280,30,51600,66500,123800,46900,123800
history_page_cold_cpu_cache,281,30,53300,70600,81800,44400,81800
history_page_cold_cpu_cache,282,30,52100,61300,102300,47700,102300
history_page_cold_cpu_cache,283,30,50600,65600,155400,44900,155400
history_page_cold_cpu_cache,284,30,52200,60400,61900,44200,61900
history_page_cold_cpu_cache,285,30,53000,89000,109700,44700,109700
history_page_cold_cpu_cache,286,30,52600,76100,129400,45100,129400
history_page_cold_cpu_cache,287,30,50700,63700,107700,45600,107700
history_page_cold_cpu_cache,288,30,51900,85600,169700,45300,169700
history_page_cold_cpu_cache,289,30,52900,104300,109200,45100,109200
history_page_cold_cpu_cache,290,30,54500,109500,144900,45900,144900
history_page_cold_cpu_cache,291,30,52900,67400,145800,43500,145800
history_page_cold_cpu_cache,292,30,51800,62500,66800,42600,66800
history_page_cold_cpu_cache,293,30,52800,60400,109700,47300,109700
history_page_cold_cpu_cache,294,30,51500,110200,154900,46500,154900
history_page_cold_cpu_cache,295,30,52600,68300,80000,44900,80000
history_page_cold_cpu_cache,296,30,55100,68300,156500,44500,156500
history_page_cold_cpu_cache,297,30,54600,83200,142900,42700,142900
history_page_cold_cpu_cache,298,30,52000,65600,70000,46900,70000
history_page_cold_cpu_cache,299,30,52500,72000,80400,46600,80400
history_page_cold_cpu_cache,300,30,51200,66600,76100,47000,76100
history_page_cold_cpu_cache,301,30,51400,158600,202800,45600,202800
history_page_cold_cpu_cache,302,30,52600,90000,103400,45100,103400
history_page_cold_cpu_cache,303,30,54600,76600,105400,43900,105400
history_page_cold_cpu_cache,304,30,51900,113100,119700,45600,119700
history_page_cold_cpu_cache,305,30,49600,104400,104700,44400,104700
history_page_cold_cpu_cache,306,30,51700,106400,162100,43800,162100
history_page_cold_cpu_cache,307,30,53100,61200,70400,43500,70400
history_page_cold_cpu_cache,308,30,52800,85000,215400,44200,215400
history_page_cold_cpu_cache,309,30,50400,62200,68500,47100,68500
history_page_cold_cpu_cache,310,30,51000,102200,109100,45500,109100
history_page_cold_cpu_cache,311,30,52300,63700,105000,44700,105000
history_page_cold_cpu_cache,312,30,52300,63300,136900,46100,136900
history_page_cold_cpu_cache,313,30,53400,59800,62900,46800,62900
history_page_cold_cpu_cache,314,30,52100,78200,81600,46900,81600
history_page_cold_cpu_cache,315,30,51300,60800,162900,45500,162900
history_page_cold_cpu_cache,316,30,53300,85900,94100,44800,94100
history_page_cold_cpu_cache,317,30,53800,135800,340700,47500,340700
history_page_cold_cpu_cache,318,30,53200,83700,161500,45400,161500
history_page_cold_cpu_cache,319,30,50000,82900,100800,46700,100800
history_page_cold_cpu_cache,320,30,50400,62000,106600,45900,106600
history_page_cold_cpu_cache,321,30,52200,58700,61700,42400,61700
history_page_cold_cpu_cache,322,30,54000,63800,66200,42200,66200
history_page_cold_cpu_cache,323,30,51400,63300,149200,42700,149200
history_page_cold_cpu_cache,324,30,52200,67200,90800,46800,90800
history_page_cold_cpu_cache,325,30,49800,58800,96000,45800,96000
history_page_cold_cpu_cache,326,30,51600,62800,69600,46100,69600
history_page_cold_cpu_cache,327,30,52700,62400,79400,45500,79400
history_page_cold_cpu_cache,328,30,50900,59900,73300,44900,73300
history_page_cold_cpu_cache,329,30,50300,103000,124800,44000,124800
history_page_cold_cpu_cache,330,30,50300,63000,108500,44600,108500
history_page_cold_cpu_cache,331,30,50500,62900,136400,45300,136400
history_page_cold_cpu_cache,332,30,50800,67100,95500,44900,95500
history_page_cold_cpu_cache,333,30,51000,63200,102000,44000,102000
history_page_cold_cpu_cache,334,30,51100,66500,82200,42800,82200
history_page_cold_cpu_cache,335,30,51000,72300,86500,45500,86500
history_page_cold_cpu_cache,336,30,52100,65200,68200,46700,68200
history_page_cold_cpu_cache,337,30,53400,79300,110300,45400,110300
history_page_cold_cpu_cache,338,30,52800,64700,65500,45800,65500
history_page_cold_cpu_cache,339,30,51900,62300,178300,46000,178300
history_page_cold_cpu_cache,340,30,50900,82600,130000,44700,130000
history_page_cold_cpu_cache,341,30,51800,59600,59700,45900,59700
history_page_cold_cpu_cache,342,30,52500,118600,148200,44600,148200
history_page_cold_cpu_cache,343,30,53100,64400,65400,44500,65400
history_page_cold_cpu_cache,344,30,52400,75700,105100,43000,105100
history_page_cold_cpu_cache,345,30,50700,59800,63000,44000,63000
history_page_cold_cpu_cache,346,30,52100,58200,58500,42000,58500
history_page_cold_cpu_cache,347,30,53800,78400,102400,46500,102400
history_page_cold_cpu_cache,348,30,51800,88400,125000,46600,125000
history_page_cold_cpu_cache,349,30,52200,62500,68000,42100,68000
history_page_cold_cpu_cache,350,30,50000,68900,81100,42700,81100
history_page_cold_cpu_cache,351,30,50400,102000,103600,41800,103600
history_page_cold_cpu_cache,352,30,51900,79600,109900,44800,109900
history_page_cold_cpu_cache,353,30,52300,72500,144100,47600,144100
history_page_cold_cpu_cache,354,30,52200,71800,72200,45500,72200
history_page_cold_cpu_cache,355,30,53000,144200,170900,42500,170900
history_page_cold_cpu_cache,356,30,52100,88400,112500,47700,112500
history_page_cold_cpu_cache,357,30,50400,78300,93400,47200,93400
history_page_cold_cpu_cache,358,30,53100,70000,70000,46100,70000
history_page_cold_cpu_cache,359,30,54600,105400,191300,43600,191300
history_page_cold_cpu_cache,360,30,53900,72700,143900,43100,143900
history_page_cold_cpu_cache,361,30,53600,80300,98900,41000,98900
history_page_cold_cpu_cache,362,30,51600,67000,99800,40300,99800
history_page_cold_cpu_cache,363,30,50900,126300,201600,46300,201600
history_page_cold_cpu_cache,364,30,53200,61300,65500,43900,65500
history_page_cold_cpu_cache,365,30,52100,59300,71000,44700,71000
history_page_cold_cpu_cache,366,30,53800,88300,117600,46700,117600
history_page_cold_cpu_cache,367,30,50900,61600,79600,45300,79600
history_page_cold_cpu_cache,368,30,51300,60200,62700,46300,62700
history_page_cold_cpu_cache,369,30,53700,81600,95900,47800,95900
history_page_cold_cpu_cache,370,30,53000,118600,167400,45900,167400
history_page_cold_cpu_cache,371,30,50900,63100,70300,46000,70300
history_page_cold_cpu_cache,372,30,50700,61700,62200,45800,62200
history_page_cold_cpu_cache,373,30,54000,117100,131800,46700,131800
history_page_cold_cpu_cache,374,30,54800,63300,77600,46000,77600
history_page_cold_cpu_cache,375,30,52000,60800,89500,47000,89500
history_page_cold_cpu_cache,376,30,52700,88200,96200,45900,96200
history_page_cold_cpu_cache,377,30,51100,59500,60700,43500,60700
history_page_cold_cpu_cache,378,30,51600,121200,170900,46900,170900
history_page_cold_cpu_cache,379,30,54200,101100,116300,46200,116300
history_page_cold_cpu_cache,380,30,52600,60400,88900,44800,88900
history_page_cold_cpu_cache,381,30,50500,69900,89600,46300,89600
history_page_cold_cpu_cache,382,30,52200,82800,107800,45400,107800
history_page_cold_cpu_cache,383,30,53300,113300,124500,46800,124500
history_page_cold_cpu_cache,384,30,52900,64400,80800,46100,80800
history_page_cold_cpu_cache,385,30,51500,59000,67500,45100,67500
history_page_cold_cpu_cache,386,30,50600,69900,111600,44700,111600
history_page_cold_cpu_cache,387,30,50800,68900,72200,45800,72200
history_page_cold_cpu_cache,388,30,52600,61300,169000,44100,169000
history_page_cold_cpu_cache,389,30,51500,103500,117400,46200,117400
history_page_cold_cpu_cache,390,30,51500,104200,124800,46600,124800
history_page_cold_cpu_cache,391,30,53900,65300,107000,45600,107000
history_page_cold_cpu_cache,392,30,52700,62600,85600,45200,85600
history_page_cold_cpu_cache,393,30,50800,61500,75400,46100,75400
history_page_cold_cpu_cache,394,30,51100,61600,63100,44600,63100
history_page_cold_cpu_cache,395,30,50900,80000,131300,47500,131300
history_page_cold_cpu_cache,396,30,51300,68200,98100,44300,98100
history_page_cold_cpu_cache,397,30,53400,67800,73900,45200,73900
history_page_cold_cpu_cache,398,30,52200,106100,121200,45700,121200
history_page_cold_cpu_cache,399,30,51600,84400,106000,44400,106000
history_page_cold_cpu_cache,400,30,52500,75900,127800,44900,127800
history_page_cold_cpu_cache,401,30,52100,85300,88600,45700,88600
history_page_cold_cpu_cache,402,30,55100,83000,106000,47400,106000
history_page_cold_cpu_cache,403,30,53100,84900,140400,46200,140400
history_page_cold_cpu_cache,404,30,51600,132500,167600,46200,167600
history_page_cold_cpu_cache,405,30,52400,112100,116400,45000,116400
history_page_cold_cpu_cache,406,30,53200,65100,69300,45400,69300
history_page_cold_cpu_cache,407,30,54400,109700,135500,44500,135500
history_page_cold_cpu_cache,408,30,54200,69900,86200,44600,86200
history_page_cold_cpu_cache,409,30,50900,57300,94400,46000,94400
history_page_cold_cpu_cache,410,30,54200,61800,178100,45300,178100
history_page_cold_cpu_cache,411,30,53100,167900,244800,45600,244800
history_page_cold_cpu_cache,412,30,52300,64300,69000,47400,69000
history_page_cold_cpu_cache,413,30,51900,102000,110000,46700,110000
history_page_cold_cpu_cache,414,30,51800,65100,105500,44600,105500
history_page_cold_cpu_cache,415,30,51700,67900,81900,44800,81900
history_page_cold_cpu_cache,416,30,51700,59900,73200,45600,73200
history_page_cold_cpu_cache,417,30,53400,65500,191000,47300,191000
history_page_cold_cpu_cache,418,30,53000,59100,61800,48000,61800
history_page_cold_cpu_cache,419,30,51100,81400,87100,45800,87100
history_page_cold_cpu_cache,420,30,50900,59400,64200,44700,64200
history_page_cold_cpu_cache,421,30,52300,59900,76200,45400,76200
history_page_cold_cpu_cache,422,30,51600,77300,131800,47400,131800
history_page_cold_cpu_cache,423,30,53300,72300,104600,46500,104600
history_page_cold_cpu_cache,424,30,53500,60300,138000,46300,138000
history_page_cold_cpu_cache,425,30,53000,63200,90600,46000,90600
history_page_cold_cpu_cache,426,30,52800,63600,147400,46800,147400
history_page_cold_cpu_cache,427,30,52700,127000,156700,46200,156700
history_page_cold_cpu_cache,428,30,53200,79300,84600,47600,84600
history_page_cold_cpu_cache,429,30,53500,86900,100700,45000,100700
history_page_cold_cpu_cache,430,30,51400,86200,107100,44900,107100
history_page_cold_cpu_cache,431,30,51500,102900,106800,47900,106800
history_page_cold_cpu_cache,432,30,53600,68600,92300,44200,92300
history_page_cold_cpu_cache,433,30,52700,60500,91900,47100,91900
history_page_cold_cpu_cache,434,30,52500,90900,98700,43000,98700
history_page_cold_cpu_cache,435,30,52600,93800,101100,46800,101100
history_page_cold_cpu_cache,436,30,52800,105600,175300,47600,175300
history_page_cold_cpu_cache,437,30,51300,61600,102500,46800,102500
history_page_cold_cpu_cache,438,30,52400,99200,124400,45600,124400
history_page_cold_cpu_cache,439,30,52900,71400,101900,44600,101900
history_page_cold_cpu_cache,440,30,51900,61500,103800,42700,103800
history_page_cold_cpu_cache,441,30,54200,99700,101800,41900,101800
history_page_cold_cpu_cache,442,30,52900,61700,91200,43400,91200
history_page_cold_cpu_cache,443,30,51700,58300,59600,42900,59600
history_page_cold_cpu_cache,444,30,51700,86000,101300,46100,101300
history_page_cold_cpu_cache,445,30,52000,72600,79300,46300,79300
history_page_cold_cpu_cache,446,30,52400,69500,93900,47200,93900
history_page_cold_cpu_cache,447,30,53400,59100,60500,44100,60500
history_page_cold_cpu_cache,448,30,53900,121700,172200,40700,172200
history_page_cold_cpu_cache,449,30,54900,77200,102100,41500,102100
history_page_cold_cpu_cache,450,30,50200,60300,93200,41800,93200
history_page_cold_cpu_cache,451,30,51600,83100,102500,48600,102500
history_page_cold_cpu_cache,452,30,54900,100800,115000,44600,115000
history_page_cold_cpu_cache,453,30,55100,87800,98200,47700,98200
history_page_cold_cpu_cache,454,30,52200,65500,66500,46100,66500
history_page_cold_cpu_cache,455,30,51100,66000,67600,46000,67600
history_page_cold_cpu_cache,456,30,52500,58800,131500,45200,131500
history_page_cold_cpu_cache,457,30,51300,111100,121600,45800,121600
history_page_cold_cpu_cache,458,30,52700,100400,111800,47000,111800
history_page_cold_cpu_cache,459,30,54100,57900,66800,44500,66800
history_page_cold_cpu_cache,460,30,53400,84300,90200,45500,90200
history_page_cold_cpu_cache,461,30,50700,59400,91800,45900,91800
history_page_cold_cpu_cache,462,30,51500,73200,107500,46700,107500
history_page_cold_cpu_cache,463,30,52400,155300,269200,45500,269200
history_page_cold_cpu_cache,464,30,50900,57700,90000,43900,90000
history_page_cold_cpu_cache,465,30,53600,76600,199800,43600,199800
history_page_cold_cpu_cache,466,30,51200,60600,84400,41500,84400
history_page_cold_cpu_cache,467,30,51600,67100,72500,43700,72500
history_page_cold_cpu_cache,468,30,51800,69400,74100,46500,74100
history_page_cold_cpu_cache,469,30,51600,79500,106200,48000,106200
history_page_cold_cpu_cache,470,30,52800,68300,136400,46600,136400
history_page_cold_cpu_cache,471,30,53100,61000,78800,46400,78800
history_page_cold_cpu_cache,472,30,50600,58200,84200,46500,84200
history_page_cold_cpu_cache,473,30,51300,78500,93400,44900,93400
history_page_cold_cpu_cache,474,30,50800,60300,90600,45200,90600
history_page_cold_cpu_cache,475,30,52300,59300,63000,47600,63000
history_page_cold_cpu_cache,476,30,52400,61800,65100,46500,65100
history_page_cold_cpu_cache,477,30,54100,61600,65800,47500,65800
history_page_cold_cpu_cache,478,30,53800,86300,90800,47400,90800
history_page_cold_cpu_cache,479,30,54600,65600,86700,48000,86700
history_page_cold_cpu_cache,480,30,54400,91100,91300,48400,91300
history_page_cold_cpu_cache,481,30,52200,58500,77500,47600,77500
history_page_cold_cpu_cache,482,30,52300,69900,76600,48000,76600
history_page_cold_cpu_cache,483,30,53100,91200,127300,46900,127300
history_page_cold_cpu_cache,484,30,53600,60400,90500,47000,90500
history_page_cold_cpu_cache,485,30,52100,58600,63800,46100,63800
history_page_cold_cpu_cache,486,30,52500,59600,78100,45300,78100
history_page_cold_cpu_cache,487,30,52000,61600,96500,47900,96500
history_page_cold_cpu_cache,488,30,53400,67100,79700,47400,79700
history_page_cold_cpu_cache,489,30,54600,71500,82000,45800,82000
history_page_cold_cpu_cache,490,30,50800,69400,98800,46100,98800
history_page_cold_cpu_cache,491,30,51500,82400,96800,46900,96800
history_page_cold_cpu_cache,492,30,54000,60400,75800,46100,75800
history_page_cold_cpu_cache,493,30,53800,67300,74200,46600,74200
history_page_cold_cpu_cache,494,30,53500,80100,179700,45100,179700
history_page_cold_cpu_cache,495,30,52200,59000,60600,46100,60600
history_page_cold_cpu_cache,496,30,54000,61000,68100,46700,68100
history_page_cold_cpu_cache,497,30,53300,59200,62100,44400,62100
history_page_cold_cpu_cache,498,30,51300,62900,89300,44500,89300
history_page_cold_cpu_cache,499,30,53000,85100,100300,46300,100300
history_page_cold_cpu_cache,500,30,50700,104800,116200,44900,116200
history_page_cold_cpu_cache,501,30,52600,105300,107700,46300,107700
history_page_cold_cpu_cache,502,30,52400,100200,101700,42600,101700
history_page_cold_cpu_cache,503,30,52400,75700,97100,42200,97100
history_page_cold_cpu_cache,504,30,51400,62900,156900,46600,156900
history_page_cold_cpu_cache,505,30,50800,58500,62000,46500,62000
history_page_cold_cpu_cache,506,30,53900,58100,58700,48000,58700
history_page_cold_cpu_cache,507,30,52700,63700,70700,47600,70700
history_page_cold_cpu_cache,508,30,53600,64000,70700,47800,70700
history_page_cold_cpu_cache,509,30,53100,88700,89800,47000,89800
history_page_cold_cpu_cache,510,30,53100,63900,64600,47100,64600
history_page_cold_cpu_cache,511,30,50900,59900,61600,46900,61600
history_page_cold_cpu_cache,512,30,52200,86600,116700,46000,116700
history_page_cold_cpu_cache,513,30,53900,102100,108500,47800,108500
history_page_cold_cpu_cache,514,30,51300,59200,60700,47300,60700
history_page_cold_cpu_cache,515,30,53600,62100,94400,46300,94400
history_page_cold_cpu_cache,516,30,54000,75200,76900,45700,76900
history_page_cold_cpu_cache,517,30,50900,89000,102200,47500,102200
history_page_cold_cpu_cache,518,30,53200,70700,88300,47300,88300
history_page_cold_cpu_cache,519,30,52200,61800,85200,47000,85200
history_page_cold_cpu_cache,520,30,53200,113700,117200,46800,117200
history_page_cold_cpu_cache,521,30,54300,84900,106500,45000,106500
history_page_cold_cpu_cache,522,30,51500,95100,108000,44500,108000
history_page_cold_cpu_cache,523,30,54500,87400,179400,43400,179400
history_page_cold_cpu_cache,524,30,53400,88600,126400,43600,126400
history_page_cold_cpu_cache,525,30,54800,150600,303800,45800,303800
history_page_cold_cpu_cache,526,30,52800,63600,104000,46900,104000
history_page_cold_cpu_cache,527,30,52400,74300,82900,44700,82900
history_page_cold_cpu_cache,528,30,51500,66400,104800,44500,104800
history_page_cold_cpu_cache,529,30,52300,86300,107500,43600,107500
history_page_cold_cpu_cache,530,30,52900,104500,110900,46800,110900
history_page_cold_cpu_cache,531,30,50600,105800,144200,45500,144200
history_page_cold_cpu_cache,532,30,49600,59300,104400,43200,104400
history_page_cold_cpu_cache,533,30,53200,81900,198900,43000,198900
history_page_cold_cpu_cache,534,30,53200,82700,108300,46200,108300
history_page_cold_cpu_cache,535,30,52900,152000,156900,42500,156900
history_page_cold_cpu_cache,536,30,50900,74500,95700,43500,95700
history_page_cold_cpu_cache,537,30,50100,132700,134600,42900,134600
history_page_cold_cpu_cache,538,30,50700,60000,79600,44200,79600
history_page_cold_cpu_cache,539,30,51500,86600,103300,45700,103300
history_page_cold_cpu_cache,540,30,52300,80900,105400,45700,105400
history_page_cold_cpu_cache,541,30,52400,60300,89500,46600,89500
history_page_cold_cpu_cache,542,30,51900,88200,97000,46400,97000
history_page_cold_cpu_cache,543,30,56000,81100,86400,47700,86400
history_page_cold_cpu_cache,544,30,54900,75600,83600,46700,83600
history_page_cold_cpu_cache,545,30,50900,59900,61200,42800,61200
history_page_cold_cpu_cache,546,30,54000,74700,115300,44800,115300
history_page_cold_cpu_cache,547,30,53700,68300,69800,43700,69800
history_page_cold_cpu_cache,548,30,54300,105300,119700,45300,119700
history_page_cold_cpu_cache,549,30,53600,87100,142400,46700,142400
history_page_cold_cpu_cache,550,30,50900,88300,104600,45200,104600
history_page_cold_cpu_cache,551,30,51100,99600,108800,44100,108800
history_page_cold_cpu_cache,552,30,52800,107500,170100,43700,170100
history_page_cold_cpu_cache,553,30,53500,80300,112200,40700,112200
history_page_cold_cpu_cache,554,30,52100,63600,96900,40800,96900
history_page_cold_cpu_cache,555,30,51200,77600,102400,43200,102400
history_page_cold_cpu_cache,556,30,52700,100900,105800,44000,105800
history_page_cold_cpu_cache,557,30,53000,72600,130500,43000,130500
history_page_cold_cpu_cache,558,30,53200,68600,167800,43100,167800
history_page_cold_cpu_cache,559,30,51500,85200,106200,43300,106200
history_page_cold_cpu_cache,560,30,52900,103900,106800,42700,106800
history_page_cold_cpu_cache,561,30,50700,102500,131100,44400,131100
history_page_cold_cpu_cache,562,30,56100,97400,154600,45600,154600
history_page_cold_cpu_cache,563,30,52100,92800,110500,47500,110500
history_page_cold_cpu_cache,564,30,56000,102400,125200,42500,125200
history_page_cold_cpu_cache,565,30,52700,64900,68900,41800,68900
history_page_cold_cpu_cache,566,30,49900,60800,74200,45300,74200
history_page_cold_cpu_cache,567,30,54100,87300,146900,44700,146900
history_page_cold_cpu_cache,568,30,54100,61800,67700,45700,67700
history_page_cold_cpu_cache,569,30,51600,67700,112700,46200,112700
history_page_cold_cpu_cache,570,30,52300,61800,63100,45600,63100
history_page_cold_cpu_cache,571,30,51300,70500,85400,45300,85400
history_page_cold_cpu_cache,572,30,54000,69200,86200,44500,86200
history_page_cold_cpu_cache,573,30,54000,61700,64200,44400,64200
history_page_cold_cpu_cache,574,30,54400,95200,169000,48400,169000
history_page_cold_cpu_cache,575,30,54200,81600,109200,48500,109200
history_page_cold_cpu_cache,576,30,51000,65300,78800,46200,78800
history_page_cold_cpu_cache,577,30,54200,89700,115000,43700,115000
history_page_cold_cpu_cache,578,30,52900,65600,106500,45000,106500
history_page_cold_cpu_cache,579,30,52700,69600,88500,43700,88500
history_page_cold_cpu_cache,580,30,51900,84800,107300,44600,107300
history_page_cold_cpu_cache,581,30,54600,69100,110900,47700,110900
history_page_cold_cpu_cache,582,30,52100,72600,84000,46700,84000
history_page_cold_cpu_cache,583,30,53600,99300,138600,45900,138600
history_page_cold_cpu_cache,584,30,52400,64700,99600,47700,99600
history_page_cold_cpu_cache,585,30,54100,85000,105400,43700,105400
history_page_cold_cpu_cache,586,30,52900,61200,61400,42100,61400
history_page_cold_cpu_cache,587,30,50500,58100,58200,47200,58200
history_page_cold_cpu_cache,588,30,51600,67800,157900,46500,157900
history_page_cold_cpu_cache,589,30,50800,59000,60200,44400,60200
history_page_cold_cpu_cache,590,30,50900,74700,151000,47400,151000
history_page_cold_cpu_cache,591,30,51400,74100,96400,45600,96400
history_page_cold_cpu_cache,592,30,50900,62000,130600,45300,130600
history_page_cold_cpu_cache,593,30,51600,58000,58600,45600,58600
history_page_cold_cpu_cache,594,30,52100,69900,91100,44700,91100
history_page_cold_cpu_cache,595,30,52800,63600,68100,46300,68100
history_page_cold_cpu_cache,596,30,52600,60000,74000,46000,74000
history_page_cold_cpu_cache,597,30,51600,73000,100400,47600,100400
history_page_cold_cpu_cache,598,30,51700,94300,107600,46500,107600
history_page_cold_cpu_cache,599,30,55600,99500,153200,46800,153200
history_page_cold_cpu_cache,600,30,54100,71300,76900,44300,76900
history_page_cold_cpu_cache,601,30,53900,77300,151600,45400,151600
history_page_cold_cpu_cache,602,30,51700,56600,58700,43700,58700
history_page_cold_cpu_cache,603,30,50600,79600,111200,44000,111200
history_page_cold_cpu_cache,604,30,54200,134200,155300,45400,155300
history_page_cold_cpu_cache,605,30,52200,60300,60600,45400,60600
history_page_cold_cpu_cache,606,30,54500,67400,73400,44300,73400
history_page_cold_cpu_cache,607,30,51100,67000,74000,43300,74000
history_page_cold_cpu_cache,608,30,51700,60400,69800,43300,69800
history_page_cold_cpu_cache,609,30,53200,84900,86600,44600,86600
history_page_cold_cpu_cache,610,30,53300,82200,86900,45400,86900
history_page_cold_cpu_cache,611,30,52800,59500,59800,47900,59800
history_page_cold_cpu_cache,612,30,51600,70400,72900,47100,72900
history_page_cold_cpu_cache,613,30,50600,103000,145800,46800,145800
history_page_cold_cpu_cache,614,30,53800,82100,110600,45800,110600
history_page_cold_cpu_cache,615,30,55600,72100,105700,45600,105700
history_page_cold_cpu_cache,616,30,51800,64900,86500,44900,86500
history_page_cold_cpu_cache,617,30,53100,65900,98100,43400,98100
history_page_cold_cpu_cache,618,30,50800,67200,91100,43200,91100
history_page_cold_cpu_cache,619,30,51400,80500,135200,47100,135200
history_page_cold_cpu_cache,620,30,55000,67500,126500,44200,126500
history_page_cold_cpu_cache,621,30,51700,60700,63100,47400,63100
history_page_cold_cpu_cache,622,30,52000,65800,102800,45300,102800
history_page_cold_cpu_cache,623,30,53400,67800,80400,42100,80400
history_page_cold_cpu_cache,624,30,50800,84600,102000,43300,102000
history_page_cold_cpu_cache,625,30,53400,88600,102800,44800,102800
history_page_cold_cpu_cache,626,30,53900,104600,203900,45000,203900
history_page_cold_cpu_cache,627,30,52800,61100,61800,47200,61800
history_page_cold_cpu_cache,628,30,53700,122400,128900,48200,128900
history_page_cold_cpu_cache,629,30,51300,60100,89900,48300,89900
history_page_cold_cpu_cache,630,30,50900,57500,59700,44500,59700
history_page_cold_cpu_cache,631,30,52000,58400,58700,41200,58700
history_page_cold_cpu_cache,632,30,54400,75900,98600,47000,98600
history_page_cold_cpu_cache,633,30,53500,98700,114700,45400,114700
history_page_cold_cpu_cache,634,30,53200,58500,71500,45000,71500
history_page_cold_cpu_cache,635,30,51300,70700,73300,44900,73300
history_page_cold_cpu_cache,636,30,52000,59300,61900,44000,61900
history_page_cold_cpu_cache,637,30,51000,69100,83700,43000,83700
history_page_cold_cpu_cache,638,30,52100,63100,86800,44800,86800
history_page_cold_cpu_cache,639,30,50800,59300,69400,45900,69400
history_page_cold_cpu_cache,640,30,53400,59700,60500,47500,60500
history_page_cold_cpu_cache,641,30,52500,72000,141100,47700,141100
history_page_cold_cpu_cache,642,30,51600,62100,64900,45800,64900
history_page_cold_cpu_cache,643,30,52400,76600,87300,43600,87300
history_page_cold_cpu_cache,644,30,50800,61700,87000,47400,87000
history_page_cold_cpu_cache,645,30,49800,91000,96600,46300,96600
history_page_cold_cpu_cache,646,30,51200,68300,80900,46700,80900
history_page_cold_cpu_cache,647,30,54000,92100,99700,47700,99700
history_page_cold_cpu_cache,648,30,53600,62800,71900,46400,71900
history_page_cold_cpu_cache,649,30,51400,65600,77000,44500,77000
history_page_cold_cpu_cache,650,30,50400,62200,63900,43600,63900
history_page_cold_cpu_cache,651,30,53000,69200,69700,46900,69700
history_page_cold_cpu_cache,652,30,54900,84000,106000,48500,106000
history_page_cold_cpu_cache,653,30,54400,105100,156600,42400,156600
history_page_cold_cpu_cache,654,30,52400,60500,77700,41600,77700
history_page_cold_cpu_cache,655,30,50300,61200,61200,47600,61200
history_page_cold_cpu_cache,656,30,51100,69600,87200,47300,87200
history_page_cold_cpu_cache,657,30,54900,96400,127000,47900,127000
history_page_cold_cpu_cache,658,30,52500,59600,59900,45600,59900
history_page_cold_cpu_cache,659,30,54300,115000,198000,45500,198000
history_page_cold_cpu_cache,660,30,51000,106000,116600,44600,116600
history_page_cold_cpu_cache,661,30,52500,101400,104000,45700,104000
history_page_cold_cpu_cache,662,30,53900,78300,105300,45200,105300
history_page_cold_cpu_cache,663,30,52800,91800,107000,44300,107000
history_page_cold_cpu_cache,664,30,50900,61600,61600,47100,61600
history_page_cold_cpu_cache,665,30,51400,95500,106600,45900,106600
history_page_cold_cpu_cache,666,30,52500,84900,86800,46300,86800
history_page_cold_cpu_cache,667,30,52900,162900,402300,46000,402300
history_page_cold_cpu_cache,668,30,52500,78600,79900,43800,79900
history_page_cold_cpu_cache,669,30,53700,69400,88500,46000,88500
history_page_cold_cpu_cache,670,30,51400,58800,66600,44000,66600
history_page_cold_cpu_cache,671,30,52200,59800,60400,45200,60400
history_page_cold_cpu_cache,672,30,54000,90800,110500,46100,110500
history_page_cold_cpu_cache,673,30,53000,60800,136600,43500,136600
history_page_cold_cpu_cache,674,30,53900,66900,78900,47700,78900
history_page_cold_cpu_cache,675,30,51800,66000,72100,43600,72100
history_page_cold_cpu_cache,676,30,53300,74000,80900,43500,80900
history_page_cold_cpu_cache,677,30,53500,77000,97100,48400,97100
history_page_cold_cpu_cache,678,30,54400,93100,122600,47400,122600
history_page_cold_cpu_cache,679,30,53400,74400,74800,46200,74800
history_page_cold_cpu_cache,680,30,52600,102200,142300,47000,142300
history_page_cold_cpu_cache,681,30,51800,81000,113200,46500,113200
history_page_cold_cpu_cache,682,30,51900,63100,135800,45900,135800
history_page_cold_cpu_cache,683,30,52700,199800,343800,44100,343800
history_page_cold_cpu_cache,684,30,53100,131500,161200,44100,161200
history_page_cold_cpu_cache,685,30,53800,61800,108500,45500,108500
history_page_cold_cpu_cache,686,30,53100,67200,88200,44400,88200
history_page_cold_cpu_cache,687,30,50900,98100,106400,44300,106400
history_page_cold_cpu_cache,688,30,51200,76400,241800,47200,241800
history_page_cold_cpu_cache,689,30,54000,106200,178400,47300,178400
history_page_cold_cpu_cache,690,30,52900,74200,105800,47200,105800
history_page_cold_cpu_cache,691,30,51000,104800,107800,44900,107800
history_page_cold_cpu_cache,692,30,49400,62800,99100,44700,99100
history_page_cold_cpu_cache,693,30,54200,102800,110600,45000,110600
history_page_cold_cpu_cache,694,30,55100,103800,113200,44300,113200
history_page_cold_cpu_cache,695,30,53900,99100,105300,48000,105300
history_page_cold_cpu_cache,696,30,51700,103700,104800,47800,104800
history_page_cold_cpu_cache,697,30,52500,102300,102900,48200,102900
history_page_cold_cpu_cache,698,30,50400,102500,118300,46000,118300
history_page_cold_cpu_cache,699,30,54900,105800,124900,46600,124900
history_page_cold_cpu_cache,700,30,53700,79400,104300,45400,104300
history_page_cold_cpu_cache,701,30,51100,61100,82200,46200,82200
history_page_cold_cpu_cache,702,30,53600,62700,63800,46600,63800
history_page_cold_cpu_cache,703,30,52700,61100,61200,47700,61200
history_page_cold_cpu_cache,704,30,53900,122900,123300,49700,123300
history_page_cold_cpu_cache,705,30,52300,59600,85200,44900,85200
history_page_cold_cpu_cache,706,30,52300,60800,108000,44300,108000
history_page_cold_cpu_cache,707,30,54100,97500,120300,47400,120300
history_page_cold_cpu_cache,708,30,51300,93900,101800,47000,101800
history_page_cold_cpu_cache,709,30,54100,77600,207100,46500,207100
history_page_cold_cpu_cache,710,30,51500,61200,180700,45900,180700
history_page_cold_cpu_cache,711,30,51000,101000,191100,45800,191100
history_page_cold_cpu_cache,712,30,53300,71500,173300,46300,173300
history_page_cold_cpu_cache,713,30,51600,62500,124100,44700,124100
history_page_cold_cpu_cache,714,30,52100,105700,133300,46900,133300
history_page_cold_cpu_cache,715,30,54100,79300,116700,46700,116700
history_page_cold_cpu_cache,716,30,51400,61300,69500,43100,69500
history_page_cold_cpu_cache,717,30,51600,59000,61100,45100,61100
history_page_cold_cpu_cache,718,30,52900,67600,70100,43200,70100
history_page_cold_cpu_cache,719,30,53600,59000,59500,45700,59500
history_page_cold_cpu_cache,720,30,52700,60900,62700,45400,62700
history_page_cold_cpu_cache,721,30,50500,90000,124600,45100,124600
history_page_cold_cpu_cache,722,30,51800,65200,77400,46000,77400
history_page_cold_cpu_cache,723,30,52100,134500,172200,48200,172200
history_page_cold_cpu_cache,724,30,54100,128200,251100,47000,251100
history_page_cold_cpu_cache,725,30,51100,58500,65900,42900,65900
history_page_cold_cpu_cache,726,30,51700,78500,121600,43600,121600
history_page_cold_cpu_cache,727,30,51100,58900,75500,47200,75500
history_page_cold_cpu_cache,728,30,54100,72000,82200,43200,82200
history_page_cold_cpu_cache,729,30,52500,59700,79300,46000,79300
history_page_cold_cpu_cache,730,30,51900,58700,64300,46100,64300
history_page_cold_cpu_cache,731,30,50600,59400,99600,44800,99600
history_page_cold_cpu_cache,732,30,53100,58000,58300,45800,58300
history_page_cold_cpu_cache,733,30,52100,79800,81700,46300,81700
history_page_cold_cpu_cache,734,30,52600,61200,70000,47500,70000
history_page_cold_cpu_cache,735,30,52100,67300,86100,47000,86100
history_page_cold_cpu_cache,736,30,51200,58000,60000,47700,60000
history_page_cold_cpu_cache,737,30,51900,75600,106300,46500,106300
history_page_cold_cpu_cache,738,30,52300,82100,271300,46500,271300
history_page_cold_cpu_cache,739,30,52100,78300,176700,46300,176700
history_page_cold_cpu_cache,740,30,51800,60500,87400,44900,87400
history_page_cold_cpu_cache,741,30,50600,58300,80000,46000,80000
history_page_cold_cpu_cache,742,30,52700,81200,111500,47000,111500
history_page_cold_cpu_cache,743,30,52000,74600,83100,45100,83100
history_page_cold_cpu_cache,744,30,53200,61200,75300,46400,75300
history_page_cold_cpu_cache,745,30,52500,93000,94300,46000,94300
history_page_cold_cpu_cache,746,30,53200,58900,59100,45800,59100
history_page_cold_cpu_cache,747,30,50800,77700,84600,46400,84600
history_page_cold_cpu_cache,748,30,50000,68400,82400,42100,82400
history_page_cold_cpu_cache,749,30,51700,95400,122000,44500,122000
history_page_cold_cpu_cache,750,30,51300,92800,129800,46200,129800
history_page_cold_cpu_cache,751,30,53500,61500,83200,45600,83200
history_page_cold_cpu_cache,752,30,51500,58200,61700,44500,61700
history_page_cold_cpu_cache,753,30,51100,92800,112100,43500,112100
history_page_cold_cpu_cache,754,30,50900,71500,76700,43000,76700
history_page_cold_cpu_cache,755,30,51300,57300,60800,42000,60800
history_page_cold_cpu_cache,756,30,52800,61300,77500,46700,77500
history_page_cold_cpu_cache,757,30,50000,56200,60600,45600,60600
history_page_cold_cpu_cache,758,30,51400,62100,153800,44800,153800
history_page_cold_cpu_cache,759,30,51300,59800,90400,43500,90400
history_page_cold_cpu_cache,760,30,50700,88200,114900,44400,114900
history_page_cold_cpu_cache,761,30,51000,67300,94600,44300,94600
history_page_cold_cpu_cache,762,30,51900,64500,124900,43400,124900
history_page_cold_cpu_cache,763,30,50300,59700,63000,44800,63000
history_page_cold_cpu_cache,764,30,53000,99600,179800,43400,179800
history_page_cold_cpu_cache,765,30,52800,71600,77600,45100,77600
history_page_cold_cpu_cache,766,30,51900,63500,76700,43800,76700
history_page_cold_cpu_cache,767,30,52800,57500,66500,47800,66500
history_page_cold_cpu_cache,768,30,51800,57400,59100,48100,59100
history_page_cold_cpu_cache,769,30,50000,63300,64300,45500,64300
history_page_cold_cpu_cache,770,30,52700,65800,110600,48000,110600
history_page_cold_cpu_cache,771,30,51400,109600,124500,46200,124500
history_page_cold_cpu_cache,772,30,52900,79400,83300,47100,83300
history_page_cold_cpu_cache,773,30,52600,74200,76100,45400,76100
history_page_cold_cpu_cache,774,30,54000,84500,90600,45800,90600
history_page_cold_cpu_cache,775,30,52100,80200,92000,45800,92000
history_page_cold_cpu_cache,776,30,52000,59500,136300,45400,136300
history_page_cold_cpu_cache,777,30,51500,60300,69700,45200,69700
history_page_cold_cpu_cache,778,30,51700,82200,87500,46800,87500
history_page_cold_cpu_cache,779,30,54300,87500,109500,47400,109500
history_page_cold_cpu_cache,780,30,53500,90200,108000,45300,108000
history_page_cold_cpu_cache,781,30,54800,103700,162200,47100,162200
history_page_cold_cpu_cache,782,30,54100,101700,147500,45100,147500
history_page_cold_cpu_cache,783,30,51400,68200,109700,43300,109700
history_page_cold_cpu_cache,784,30,51500,75400,104500,45100,104500
history_page_cold_cpu_cache,785,30,53600,63200,91300,46700,91300
history_page_cold_cpu_cache,786,30,53200,60300,67300,45900,67300
history_page_cold_cpu_cache,787,30,55200,71300,104400,45900,104400
history_page_cold_cpu_cache,788,30,50100,60700,67900,46400,67900
history_page_cold_cpu_cache,789,30,51600,71100,104300,47200,104300
history_page_cold_cpu_cache,790,30,54500,107100,120300,47100,120300
history_page_cold_cpu_cache,791,30,52700,106800,123300,46000,123300
history_page_cold_cpu_cache,792,30,52700,83100,111300,45200,111300
history_page_cold_cpu_cache,793,30,53300,60600,73700,43500,73700
history_page_cold_cpu_cache,794,30,53200,86900,149700,46700,149700
history_page_cold_cpu_cache,795,30,52900,78600,92600,46500,92600
history_page_cold_cpu_cache,796,30,54200,68400,92500,46000,92500
history_page_cold_cpu_cache,797,30,53100,66500,82300,44400,82300
history_page_cold_cpu_cache,798,30,51800,63100,101400,45800,101400
history_page_cold_cpu_cache,799,30,51800,65900,91700,46000,91700
history_page_cold_cpu_cache,800,30,50800,61200,70100,45400,70100
history_page_cold_cpu_cache,801,30,52900,61900,80300,45700,80300
history_page_cold_cpu_cache,802,30,53600,80000,109200,45700,109200
history_page_cold_cpu_cache,803,30,50900,60500,106600,46700,106600
history_page_cold_cpu_cache,804,30,52800,60400,90300,45100,90300
history_page_cold_cpu_cache,805,30,51600,68300,178700,47000,178700
history_page_cold_cpu_cache,806,30,52000,65800,81100,46700,81100
history_page_cold_cpu_cache,807,30,53000,62000,70600,48000,70600
history_page_cold_cpu_cache,808,30,52700,75000,81900,47300,81900
history_page_cold_cpu_cache,809,30,52400,63100,91400,46200,91400
history_page_cold_cpu_cache,810,30,51600,58700,130800,47100,130800
history_page_cold_cpu_cache,811,30,53200,82400,139500,45700,139500
history_page_cold_cpu_cache,812,30,53500,77600,98000,42400,98000
history_page_cold_cpu_cache,813,30,53300,71500,80400,44600,80400
history_page_cold_cpu_cache,814,30,51400,62200,67700,45000,67700
history_page_cold_cpu_cache,815,30,51300,63000,91400,43900,91400
history_page_cold_cpu_cache,816,30,52000,74600,101800,46300,101800
history_page_cold_cpu_cache,817,30,53900,62700,83200,47500,83200
history_page_cold_cpu_cache,818,30,52800,88600,96400,46700,96400
history_page_cold_cpu_cache,819,30,50800,81700,150100,46200,150100
history_page_cold_cpu_cache,820,30,50800,73200,89600,46500,89600
history_page_cold_cpu_cache,821,30,53000,67900,84800,47100,84800
history_page_cold_cpu_cache,822,30,54900,100800,116900,45500,116900
history_page_cold_cpu_cache,823,30,52600,65200,106500,47900,106500
history_page_cold_cpu_cache,824,30,51800,65700,71000,46800,71000
history_page_cold_cpu_cache,825,30,52400,72900,85400,46900,85400
history_page_cold_cpu_cache,826,30,51700,69800,202800,46500,202800
history_page_cold_cpu_cache,827,30,50900,91000,173800,46000,173800
history_page_cold_cpu_cache,828,30,52100,65700,69600,45100,69600
history_page_cold_cpu_cache,829,30,50900,66100,80500,44800,80500
history_page_cold_cpu_cache,830,30,52200,64700,65300,45900,65300
history_page_cold_cpu_cache,831,30,53200,73300,105900,44800,105900
history_page_cold_cpu_cache,832,30,53200,88600,101100,46400,101100
history_page_cold_cpu_cache,833,30,55400,69800,92600,45300,92600
history_page_cold_cpu_cache,834,30,52600,63500,84600,46900,84600
history_page_cold_cpu_cache,835,30,51300,66400,148100,47900,148100
history_page_cold_cpu_cache,836,30,52200,70600,79700,46600,79700
history_page_cold_cpu_cache,837,30,53100,65100,89100,43300,89100
history_page_cold_cpu_cache,838,30,53800,62000,116900,47000,116900
history_page_cold_cpu_cache,839,30,54800,69800,98600,46200,98600
history_page_cold_cpu_cache,840,30,51000,61900,110200,48700,110200
history_page_cold_cpu_cache,841,30,52700,65600,188800,44200,188800
history_page_cold_cpu_cache,842,30,52200,65100,96400,47500,96400
history_page_cold_cpu_cache,843,30,54800,66200,73000,42900,73000
history_page_cold_cpu_cache,844,30,51700,81200,215400,43400,215400
history_page_cold_cpu_cache,845,30,52200,58500,196700,47500,196700
history_page_cold_cpu_cache,846,30,53900,70400,118600,46800,118600
history_page_cold_cpu_cache,847,30,52400,62700,94300,47200,94300
history_page_cold_cpu_cache,848,30,51200,63300,64800,44100,64800
history_page_cold_cpu_cache,849,30,53000,122000,225100,41500,225100
history_page_cold_cpu_cache,850,30,51500,108400,146600,46700,146600
history_page_cold_cpu_cache,851,30,53300,59300,78600,43600,78600
history_page_cold_cpu_cache,852,30,53300,73600,109300,47900,109300
history_page_cold_cpu_cache,853,30,52600,91900,121500,47500,121500
history_page_cold_cpu_cache,854,30,52800,62800,68100,47700,68100
history_page_cold_cpu_cache,855,30,52200,64200,66800,45900,66800
history_page_cold_cpu_cache,856,30,53600,72600,78500,45200,78500
history_page_cold_cpu_cache,857,30,54100,68700,106400,45000,106400
history_page_cold_cpu_cache,858,30,53500,63300,68300,44800,68300
history_page_cold_cpu_cache,859,30,53200,80600,94300,44600,94300
history_page_cold_cpu_cache,860,30,51300,57700,58100,47000,58100
history_page_cold_cpu_cache,861,30,55100,62500,65900,47700,65900
history_page_cold_cpu_cache,862,30,56400,107300,121500,46800,121500
history_page_cold_cpu_cache,863,30,54300,103800,109800,47600,109800
history_page_cold_cpu_cache,864,30,51000,66800,72000,46800,72000
history_page_cold_cpu_cache,865,30,52400,69000,94000,44100,94000
history_page_cold_cpu_cache,866,30,51500,61100,104300,44800,104300
history_page_cold_cpu_cache,867,30,52000,99400,167300,45900,167300
history_page_cold_cpu_cache,868,30,51200,64000,70400,46500,70400
history_page_cold_cpu_cache,869,30,51400,61900,81400,45500,81400
history_page_cold_cpu_cache,870,30,53200,83600,102400,43900,102400
history_page_cold_cpu_cache,871,30,54100,85000,99100,46600,99100
history_page_cold_cpu_cache,872,30,51400,101000,123100,46100,123100
history_page_cold_cpu_cache,873,30,52200,101700,131900,47400,131900
history_page_cold_cpu_cache,874,30,51300,91800,101600,45100,101600
history_page_cold_cpu_cache,875,30,51600,80700,104800,47700,104800
history_page_cold_cpu_cache,876,30,54100,87000,106600,47100,106600
history_page_cold_cpu_cache,877,30,51800,61100,90400,43000,90400
history_page_cold_cpu_cache,878,30,53600,103200,207000,48100,207000
history_page_cold_cpu_cache,879,30,52500,68300,104500,46500,104500
history_page_cold_cpu_cache,880,30,52200,96000,105300,47500,105300
history_page_cold_cpu_cache,881,30,52800,65100,101800,47000,101800
history_page_cold_cpu_cache,882,30,52300,100900,135800,48200,135800
history_page_cold_cpu_cache,883,30,53700,73800,99400,47100,99400
history_page_cold_cpu_cache,884,30,51900,103300,121800,46600,121800
history_page_cold_cpu_cache,885,30,50900,90700,134000,45400,134000
history_page_cold_cpu_cache,886,30,53300,67900,108000,46000,108000
history_page_cold_cpu_cache,887,30,52000,104600,164700,42400,164700
history_page_cold_cpu_cache,888,30,54100,71300,104500,42000,104500
history_page_cold_cpu_cache,889,30,51600,74200,87400,44900,87400
history_page_cold_cpu_cache,890,30,50500,112600,161400,46500,161400
history_page_cold_cpu_cache,891,30,51600,85800,98600,46600,98600
history_page_cold_cpu_cache,892,30,51100,82100,102000,44100,102000
history_page_cold_cpu_cache,893,30,52700,114000,173900,45300,173900
history_page_cold_cpu_cache,894,30,52400,120500,134300,45100,134300
history_page_cold_cpu_cache,895,30,51300,99200,133500,45300,133500
history_page_cold_cpu_cache,896,30,51700,163100,166100,44800,166100
history_page_cold_cpu_cache,897,30,52700,58500,59000,44400,59000
history_page_cold_cpu_cache,898,30,53400,63300,101700,44700,101700
history_page_cold_cpu_cache,899,30,53800,77300,100500,44200,100500
history_page_cold_cpu_cache,900,30,53000,73000,100800,44800,100800
history_page_cold_cpu_cache,901,30,51100,105200,140200,46400,140200
history_page_cold_cpu_cache,902,30,53900,61000,75900,46500,75900
history_page_cold_cpu_cache,903,30,55200,77700,104800,46300,104800
history_page_cold_cpu_cache,904,30,52600,63800,72200,46800,72200
history_page_cold_cpu_cache,905,30,52800,95000,123000,47100,123000
history_page_cold_cpu_cache,906,30,54000,118700,148000,46800,148000
history_page_cold_cpu_cache,907,30,52500,57800,69600,47600,69600
history_page_cold_cpu_cache,908,30,51000,60200,134500,47600,134500
history_page_cold_cpu_cache,909,30,51300,65300,146400,43400,146400
history_page_cold_cpu_cache,910,30,50500,67800,69100,44500,69100
history_page_cold_cpu_cache,911,30,51400,68100,80500,45900,80500
history_page_cold_cpu_cache,912,30,53500,91600,115200,44500,115200
history_page_cold_cpu_cache,913,30,51600,84700,150900,45800,150900
history_page_cold_cpu_cache,914,30,52700,72700,134100,45400,134100
history_page_cold_cpu_cache,915,30,50600,60700,66600,44200,66600
history_page_cold_cpu_cache,916,30,53000,68700,166600,46200,166600
history_page_cold_cpu_cache,917,30,51100,97700,158200,46800,158200
history_page_cold_cpu_cache,918,30,52100,63200,110100,45000,110100
history_page_cold_cpu_cache,919,30,54000,68700,76700,46100,76700
history_page_cold_cpu_cache,920,30,52200,129300,133100,43900,133100
history_page_cold_cpu_cache,921,30,50500,71500,103800,44200,103800
history_page_cold_cpu_cache,922,30,51900,81200,133100,45500,133100
history_page_cold_cpu_cache,923,30,53100,102000,125600,43700,125600
history_page_cold_cpu_cache,924,30,52400,87800,91400,46600,91400
history_page_cold_cpu_cache,925,30,52400,72400,103100,45900,103100
history_page_cold_cpu_cache,926,30,50700,80800,84400,45800,84400
history_page_cold_cpu_cache,927,30,53000,68900,71400,47400,71400
history_page_cold_cpu_cache,928,30,53000,115000,154500,47500,154500
history_page_cold_cpu_cache,929,30,52900,59900,98500,46100,98500
history_page_cold_cpu_cache,930,30,52600,84700,100900,47500,100900
history_page_cold_cpu_cache,931,30,52200,124500,147300,46000,147300
history_page_cold_cpu_cache,932,30,54000,121600,128200,45300,128200
history_page_cold_cpu_cache,933,30,53800,81100,92600,48000,92600
history_page_cold_cpu_cache,934,30,53600,97100,97900,47100,97900
history_page_cold_cpu_cache,935,30,51400,83100,97600,46300,97600
history_page_cold_cpu_cache,936,30,52200,100800,105800,46600,105800
history_page_cold_cpu_cache,937,30,52600,128700,239000,46000,239000
history_page_cold_cpu_cache,938,30,54700,64200,99100,48300,99100
history_page_cold_cpu_cache,939,30,52600,62600,139300,46400,139300
history_page_cold_cpu_cache,940,30,52400,89500,134600,47800,134600
history_page_cold_cpu_cache,941,30,52300,63700,75200,46000,75200
history_page_cold_cpu_cache,942,30,52000,83800,132900,45500,132900
history_page_cold_cpu_cache,943,30,51500,76300,103200,45000,103200
history_page_cold_cpu_cache,944,30,51500,59800,65900,46300,65900
history_page_cold_cpu_cache,945,30,51300,72900,112800,44000,112800
history_page_cold_cpu_cache,946,30,54000,84400,100600,46400,100600
history_page_cold_cpu_cache,947,30,51800,94700,116400,45700,116400
history_page_cold_cpu_cache,948,30,51700,63200,76600,46600,76600
history_page_cold_cpu_cache,949,30,50000,58800,65900,45400,65900
history_page_cold_cpu_cache,950,30,50300,59300,78600,45300,78600
history_page_cold_cpu_cache,951,30,52600,80400,89600,43000,89600
history_page_cold_cpu_cache,952,30,52900,59500,72000,45000,72000
history_page_cold_cpu_cache,953,30,53200,87100,97200,47200,97200
history_page_cold_cpu_cache,954,30,51000,62100,77700,47500,77700
history_page_cold_cpu_cache,955,30,52300,61300,77600,46600,77600
history_page_cold_cpu_cache,956,30,53700,68100,152000,46200,152000
history_page_cold_cpu_cache,957,30,52600,62600,79100,45600,79100
history_page_cold_cpu_cache,958,30,51400,69700,71900,44800,71900
history_page_cold_cpu_cache,959,30,53300,90700,95300,46000,95300
history_page_cold_cpu_cache,960,30,51500,107400,190500,44400,190500
history_page_cold_cpu_cache,961,30,50700,81500,117400,46600,117400
history_page_cold_cpu_cache,962,30,51100,64400,64600,46300,64600
history_page_cold_cpu_cache,963,30,51300,57900,85900,47000,85900
history_page_cold_cpu_cache,964,30,50100,69000,83500,45700,83500
history_page_cold_cpu_cache,965,30,50500,59200,60100,47200,60100
history_page_cold_cpu_cache,966,30,52500,77700,97500,47400,97500
history_page_cold_cpu_cache,967,30,53500,94100,142900,47200,142900
history_page_cold_cpu_cache,968,30,53100,61500,101900,47900,101900
history_page_cold_cpu_cache,969,30,51100,61000,61200,45600,61200
history_page_cold_cpu_cache,970,30,51100,64000,171000,47800,171000
history_page_cold_cpu_cache,971,30,52100,87200,117300,47300,117300
history_page_cold_cpu_cache,972,30,51300,62500,123600,47300,123600
history_page_cold_cpu_cache,973,30,52900,136400,153800,46700,153800
history_page_cold_cpu_cache,974,30,51700,60600,63300,44100,63300
history_page_cold_cpu_cache,975,30,52200,69200,126700,44000,126700
history_page_cold_cpu_cache,976,30,51200,75100,106700,46000,106700
history_page_cold_cpu_cache,977,30,50900,58800,66400,46200,66400
history_page_cold_cpu_cache,978,30,53800,99400,132200,45100,132200
history_page_cold_cpu_cache,979,30,52500,100000,102000,48600,102000
history_page_cold_cpu_cache,980,30,53300,102500,106200,46700,106200
history_page_cold_cpu_cache,981,30,52100,69600,83300,46000,83300
history_page_cold_cpu_cache,982,30,51800,72500,132200,47300,132200
history_page_cold_cpu_cache,983,30,52700,96600,122400,46500,122400
history_page_cold_cpu_cache,984,30,53700,71500,100900,46300,100900
history_page_cold_cpu_cache,985,30,51800,101000,102200,45600,102200
history_page_cold_cpu_cache,986,30,51600,62600,65200,43300,65200
history_page_cold_cpu_cache,987,30,51500,58000,61400,41900,61400
history_page_cold_cpu_cache,988,30,53000,79600,89300,41500,89300
history_page_cold_cpu_cache,989,30,53100,81800,159700,42600,159700
history_page_cold_cpu_cache,990,30,51600,69200,331800,46200,331800
history_page_cold_cpu_cache,991,30,52000,59200,63100,46600,63100
history_page_cold_cpu_cache,992,30,51000,113400,140900,44300,140900
history_page_cold_cpu_cache,993,30,54400,66100,81400,47900,81400
history_page_cold_cpu_cache,994,30,51400,88200,123600,47800,123600
history_page_cold_cpu_cache,995,30,52600,96500,114900,45200,114900
history_page_cold_cpu_cache,996,30,52900,96400,96900,46300,96900
history_page_cold_cpu_cache,997,30,52500,65000,101500,45300,101500
history_page_cold_cpu_cache,998,30,54300,61500,107600,44800,107600
history_page_cold_cpu_cache,999,30,53000,62300,91200,46900,91200
history_page_cold_cpu_cache,1000,30,52500,67100,69700,45800,69700
history_page_cold_cpu_cache,1001,30,52900,58000,144800,47300,144800
history_page_cold_cpu_cache,1002,30,52200,61000,62900,46500,62900
history_page_cold_cpu_cache,1003,30,52200,57400,84900,44800,84900
history_page_cold_cpu_cache,1004,30,53700,87100,90000,43500,90000
history_page_cold_cpu_cache,1005,30,51900,58400,82500,44100,82500
history_page_cold_cpu_cache,1006,30,52000,64300,64800,45000,64800
history_page_cold_cpu_cache,1007,30,51800,60200,154700,45800,154700
history_page_cold_cpu_cache,1008,30,51400,134300,240800,46800,240800
history_page_cold_cpu_cache,1009,30,52500,95400,107400,44200,107400
history_page_cold_cpu_cache,1010,30,52100,74500,111900,45800,111900
history_page_cold_cpu_cache,1011,30,50800,71300,72300,43400,72300
history_page_cold_cpu_cache,1012,30,52000,73900,75400,46900,75400
history_page_cold_cpu_cache,1013,30,51200,70000,73500,46200,73500
history_page_cold_cpu_cache,1014,30,51900,74200,93700,46700,93700
history_page_cold_cpu_cache,1015,30,53700,59600,100300,47800,100300
history_page_cold_cpu_cache,1016,30,50600,62700,97000,47200,97000
history_page_cold_cpu_cache,1017,30,50600,59200,71500,47000,71500
history_page_cold_cpu_cache,1018,30,51700,57900,60600,46100,60600
history_page_cold_cpu_cache,1019,30,53800,68900,166700,45000,166700
history_page_cold_cpu_cache,1020,30,53600,59200,59300,47200,59300
history_page_cold_cpu_cache,1021,30,50100,75500,129200,46100,129200
history_page_cold_cpu_cache,1022,30,50700,72600,77700,45500,77700
history_page_cold_cpu_cache,1023,30,50700,57600,61700,46200,61700
history_page_cold_cpu_cache,1024,30,54600,90000,132800,45700,132800
history_page_cold_cpu_cache,1025,30,54200,62400,66800,47500,66800
history_page_cold_cpu_cache,1026,30,50700,61700,64000,45900,64000
history_page_cold_cpu_cache,1027,30,51500,63400,109400,43900,109400
history_page_cold_cpu_cache,1028,30,51500,81000,119700,42800,119700
history_page_cold_cpu_cache,1029,30,52300,64000,104700,47900,104700
history_page_cold_cpu_cache,1030,30,52300,60900,112400,48200,112400
history_page_cold_cpu_cache,1031,30,52000,93100,110100,47500,110100
history_page_cold_cpu_cache,1032,30,51700,183600,188700,45100,188700
history_page_cold_cpu_cache,1033,30,53600,173700,281200,45700,281200
history_page_cold_cpu_cache,1034,30,52000,60200,92600,43700,92600
history_page_cold_cpu_cache,1035,30,52900,65200,120100,45900,120100
history_page_cold_cpu_cache,1036,30,51200,59300,78600,44800,78600
history_page_cold_cpu_cache,1037,30,51900,67600,69700,41200,69700
history_page_cold_cpu_cache,1038,30,51100,64900,84800,46700,84800
history_page_cold_cpu_cache,1039,30,51000,63600,71600,46400,71600
history_page_cold_cpu_cache,1040,30,53300,83300,90800,45800,90800
history_page_cold_cpu_cache,1041,30,53400,131100,137200,46100,137200
history_page_cold_cpu_cache,1042,30,50300,63200,101500,45000,101500
history_page_cold_cpu_cache,1043,30,51600,67800,76500,42700,76500
history_page_cold_cpu_cache,1044,30,54700,75600,99200,46400,99200
history_page_cold_cpu_cache,1045,30,50700,57800,102600,44000,102600
history_page_cold_cpu_cache,1046,30,52000,65100,72000,46100,72000
history_page_cold_cpu_cache,1047,30,53200,62200,109000,46100,109000
history_page_cold_cpu_cache,1048,30,52400,59400,73300,45700,73300
history_page_cold_cpu_cache,1049,30,52900,88700,112700,45900,112700
history_page_cold_cpu_cache,1050,30,51800,60000,63700,45400,63700
history_page_cold_cpu_cache,1051,30,53000,60400,63200,44500,63200
history_page_cold_cpu_cache,1052,30,51600,64500,96700,45100,96700
history_page_cold_cpu_cache,1053,30,51600,58800,63900,47400,63900
history_page_cold_cpu_cache,1054,30,51400,70600,99500,47900,99500
history_page_cold_cpu_cache,1055,30,52100,78200,82700,43600,82700
history_page_cold_cpu_cache,1056,30,53600,109800,115600,44100,115600
history_page_cold_cpu_cache,1057,30,52100,59400,65700,44700,65700
history_page_cold_cpu_cache,1058,30,50400,57500,93800,44900,93800
history_page_cold_cpu_cache,1059,30,53900,98200,154900,45700,154900
history_page_cold_cpu_cache,1060,30,50600,65300,68200,47800,68200
history_page_cold_cpu_cache,1061,30,51600,77700,120700,44100,120700
history_page_cold_cpu_cache,1062,30,51400,71500,103900,43000,103900
history_page_cold_cpu_cache,1063,30,51300,60600,64800,43300,64800
history_page_cold_cpu_cache,1064,30,51900,102100,130000,45900,130000
history_page_cold_cpu_cache,1065,30,52900,61200,76300,46500,76300
history_page_cold_cpu_cache,1066,30,51600,67300,78700,44900,78700
history_page_cold_cpu_cache,1067,30,51700,77500,124400,45000,124400
history_page_cold_cpu_cache,1068,30,50300,64700,124100,44100,124100
history_page_cold_cpu_cache,1069,30,53700,61600,125600,44300,125600
history_page_cold_cpu_cache,1070,30,52200,65900,143900,42300,143900
history_page_cold_cpu_cache,1071,30,51300,65000,70100,42400,70100
history_page_cold_cpu_cache,1072,30,53500,60000,62000,46500,62000
history_page_cold_cpu_cache,1073,30,52200,62500,109400,45100,109400
history_page_cold_cpu_cache,1074,30,52200,58900,78200,45300,78200
history_page_cold_cpu_cache,1075,30,52500,58400,59000,43400,59000
history_page_cold_cpu_cache,1076,30,53600,65700,73000,43900,73000
history_page_cold_cpu_cache,1077,30,53300,92300,138300,47600,138300
history_page_cold_cpu_cache,1078,30,53100,80000,92800,47500,92800
history_page_cold_cpu_cache,1079,30,50700,83700,105000,46800,105000
history_page_cold_cpu_cache,1080,30,52900,63300,80700,45800,80700
history_page_cold_cpu_cache,1081,30,52600,60400,74500,46700,74500
history_page_cold_cpu_cache,1082,30,51700,62800,66200,46100,66200
history_page_cold_cpu_cache,1083,30,52400,60400,94400,46400,94400
history_page_cold_cpu_cache,1084,30,50200,57400,168500,47600,168500
history_page_cold_cpu_cache,1085,30,50800,60700,80900,45200,80900
history_page_cold_cpu_cache,1086,30,51300,56000,59200,44100,59200
history_page_cold_cpu_cache,1087,30,51600,82800,204300,46100,204300
history_page_cold_cpu_cache,1088,30,54300,65400,68000,47900,68000
history_page_cold_cpu_cache,1089,30,32100,39600,58000,27700,58000
history_page_warm,1,30,23800,39800,47700,23000,47700
history_page_warm,2,30,36800,43200,61700,36200,61700
history_page_warm,3,30,35800,63900,64000,35000,64000
history_page_warm,4,30,35800,51000,62000,35000,62000
history_page_warm,5,30,35800,51200,61000,34700,61000
history_page_warm,6,30,36000,44400,61000,35200,61000
history_page_warm,7,30,35700,44300,61000,35100,61000
history_page_warm,8,30,35700,44300,64100,34900,64100
history_page_warm,9,30,35800,63100,76300,34800,76300
history_page_warm,10,30,36100,46400,60600,35200,60600
history_page_warm,11,30,35800,64600,106500,35300,106500
history_page_warm,12,30,35800,63000,104500,35000,104500
history_page_warm,13,30,35900,59400,67700,34900,67700
history_page_warm,14,30,36100,67300,93100,35500,93100
history_page_warm,15,30,35800,66300,67600,35100,67600
history_page_warm,16,30,36000,63200,68200,35000,68200
history_page_warm,17,30,35900,61900,69300,35000,69300
history_page_warm,18,30,36000,61600,66400,35200,66400
history_page_warm,19,30,36200,60200,101700,35000,101700
history_page_warm,20,30,35800,60600,62400,34900,62400
history_page_warm,21,30,36000,68700,103500,34900,103500
history_page_warm,22,30,35700,60900,70400,34700,70400
history_page_warm,23,30,35700,62700,85100,35200,85100
history_page_warm,24,30,36000,69700,76100,35100,76100
history_page_warm,25,30,35900,66000,77600,34900,77600
history_page_warm,26,30,35700,62200,91200,35100,91200
history_page_warm,27,30,36100,58800,69900,35200,69900
history_page_warm,28,30,35900,60700,69400,35100,69400
history_page_warm,29,30,36000,62700,69100,34800,69100
history_page_warm,30,30,35900,62200,69100,34700,69100
history_page_warm,31,30,35900,69500,171400,35200,171400
history_page_warm,32,30,35800,63400,69400,34700,69400
history_page_warm,33,30,35900,62100,76800,34800,76800
history_page_warm,34,30,36000,63600,69300,35100,69300
history_page_warm,35,30,35700,62800,69000,35100,69000
history_page_warm,36,30,36200,61800,69600,35500,69600
history_page_warm,37,30,35900,61800,68900,34900,68900
history_page_warm,38,30,35900,68000,68800,35000,68800
history_page_warm,39,30,35900,62100,68900,35100,68900
history_page_warm,40,30,36100,64300,69200,35100,69200
history_page_warm,41,30,35900,59300,68800,35300,68800
history_page_warm,42,30,35800,59500,69100,35100,69100
history_page_warm,43,30,35700,61100,68900,34800,68900
history_page_warm,44,30,36100,63500,135400,35100,135400
history_page_warm,45,30,35700,62300,121400,34800,121400
history_page_warm,46,30,35900,47600,62000,34900,62000
history_page_warm,47,30,35800,39300,60100,34900,60100
history_page_warm,48,30,35800,61100,74800,35200,74800
history_page_warm,49,30,35700,41200,65200,35300,65200
history_page_warm,50,30,36000,38500,62500,35000,62500
history_page_warm,51,30,35800,38500,62600,34500,62600
history_page_warm,52,30,35700,38500,61800,34600,61800
history_page_warm,53,30,36100,62100,101500,34900,101500
history_page_warm,54,30,36000,62500,83900,34800,83900
history_page_warm,55,30,35700,39900,67500,34600,67500
history_page_warm,56,30,35700,40200,59800,34900,59800
history_page_warm,57,30,35800,42700,63300,34500,63300
history_page_warm,58,30,35800,40300,63700,34900,63700
history_page_warm,59,30,36000,62400,75700,34600,75700
history_page_warm,60,30,35800,41500,63400,34800,63400
history_page_warm,61,30,36000,42900,60900,35400,60900
history_page_warm,62,30,35800,47800,62000,35100,62000
history_page_warm,63,30,35900,41100,65400,35200,65400
history_page_warm,64,30,35800,48900,62800,34800,62800
history_page_warm,65,30,35900,37600,61900,35400,61900
history_page_warm,66,30,35800,37200,60200,35100,60200
history_page_warm,67,30,35800,37400,61800,34800,61800
history_page_warm,68,30,35800,38000,64100,35000,64100
history_page_warm,69,30,35800,65000,108600,34900,108600
history_page_warm,70,30,36300,61900,78900,35300,78900
history_page_warm,71,30,35800,114300,155400,35300,155400
history_page_warm,72,30,36000,66400,79000,35100,79000
history_page_warm,73,30,35800,76100,76500,34900,76500
history_page_warm,74,30,36000,63200,76800,35200,76800
history_page_warm,75,30,35800,61600,77400,34600,77400
history_page_warm,76,30,35900,60000,76200,34800,76200
history_page_warm,77,30,35900,44900,63300,35400,63300
history_page_warm,78,30,36200,42100,63400,35500,63400
history_page_warm,79,30,35900,61600,62200,34800,62200
history_page_warm,80,30,36000,38300,64500,35200,64500
history_page_warm,81,30,35700,41600,60800,35000,60800
history_page_warm,82,30,35900,62700,66300,35000,66300
history_page_warm,83,30,35700,37300,76800,35000,76800
history_page_warm,84,30,35900,44500,63500,35100,63500
history_page_warm,85,30,35900,64100,72100,34800,72100
history_page_warm,86,30,35800,61700,87300,35000,87300
history_page_warm,87,30,36000,61900,70700,35300,70700
history_page_warm,88,30,35900,61800,69200,35100,69200
history_page_warm,89,30,36200,69400,145900,35000,145900
history_page_warm,90,30,35800,68900,70500,35200,70500
history_page_warm,91,30,35900,62000,69200,35200,69200
history_page_warm,92,30,35900,64800,69000,35100,69000
history_page_warm,93,30,35900,63800,69000,34900,69000
history_page_warm,94,30,36000,68800,111200,35400,111200
history_page_warm,95,30,36000,59600,69200,35300,69200
history_page_warm,96,30,36000,62200,68800,35000,68800
history_page_warm,97,30,35900,68800,145600,35300,145600
history_page_warm,98,30,35800,77800,129900,35000,129900
history_page_warm,99,30,36100,70700,72000,35100,72000
history_page_warm,100,30,35800,69300,80800,35000,80800
history_page_warm,101,30,36300,59500,69300,35100,69300
history_page_warm,102,30,35800,62700,69100,35100,69100
history_page_warm,103,30,36000,62900,69200,34900,69200
history_page_warm,104,30,36300,63700,69400,35200,69400
history_page_warm,105,30,35900,64400,69000,35000,69000
history_page_warm,106,30,35700,69000,96800,35100,96800
history_page_warm,107,30,36200,63400,69100,35000,69100
history_page_warm,108,30,36100,61500,69100,35300,69100
history_page_warm,109,30,36000,66200,69100,35100,69100
history_page_warm,110,30,36200,65200,83500,34900,83500
history_page_warm,111,30,36000,61100,63500,35000,63500
history_page_warm,112,30,36300,61000,63300,35300,63300
history_page_warm,113,30,36000,57800,61000,35100,61000
history_page_warm,114,30,36100,56700,67000,35000,67000
history_page_warm,115,30,35900,54500,63200,35100,63200
history_page_warm,116,30,36200,55100,63300,35100,63300
history_page_warm,117,30,35900,56100,59400,34900,59400
history_page_warm,118,30,36100,42500,55200,35100,55200
history_page_warm,119,30,35800,39500,55700,35000,55700
history_page_warm,120,30,35800,40800,55600,35000,55600
history_page_warm,121,30,36200,41200,56400,35400,56400
history_page_warm,122,30,36000,40300,56000,34600,56000
history_page_warm,123,30,35700,55600,56100,34800,56100
history_page_warm,124,30,35800,40600,55600,34900,55600
history_page_warm,125,30,35900,42400,56100,35200,56100
history_page_warm,126,30,35800,56800,85400,35000,85400
history_page_warm,127,30,35800,68000,96900,34600,96900
history_page_warm,128,30,35900,39800,57900,34800,57900
history_page_warm,129,30,36100,64900,84700,35000,84700
history_page_warm,130,30,35800,52200,118800,34900,118800
history_page_warm,131,30,36000,40600,53000,34900,53000
history_page_warm,132,30,36000,42600,152300,34600,152300
history_page_warm,133,30,36100,43000,44100,35000,44100
history_page_warm,134,30,35800,55800,86400,35100,86400
history_page_warm,135,30,35800,63700,68100,35100,68100
history_page_warm,136,30,35900,70200,119400,35200,119400
history_page_warm,137,30,35800,65200,79400,34900,79400
history_page_warm,138,30,36300,55400,65400,35400,65400
history_page_warm,139,30,35800,37700,38900,35000,38900
history_page_warm,140,30,35800,38200,39400,35100,39400
history_page_warm,141,30,35900,38400,41100,35000,41100
history_page_warm,142,30,35900,40700,41700,35000,41700
history_page_warm,143,30,35900,45600,47600,35200,47600
history_page_warm,144,30,35800,40400,73400,35100,73400
history_page_warm,145,30,35900,38200,39000,35200,39000
history_page_warm,146,30,36100,37700,44500,35300,44500
history_page_warm,147,30,35700,73000,76000,35100,76000
history_page_warm,148,30,35900,65300,95000,35200,95000
history_page_warm,149,30,35700,36800,40800,34800,40800
history_page_warm,150,30,36000,36800,39600,35200,39600
history_page_warm,151,30,35600,36900,39900,35200,39900
history_page_warm,152,30,35900,36700,36700,34600,36700
history_page_warm,153,30,35900,37700,44000,34900,44000
history_page_warm,154,30,35800,41300,47300,34900,47300
history_page_warm,155,30,36300,45400,51500,35400,51500
history_page_warm,156,30,35900,37300,42300,35000,42300
history_page_warm,157,30,35800,38800,43300,35100,43300
history_page_warm,158,30,35700,37100,37800,35100,37800
history_page_warm,159,30,35800,37100,49300,35300,49300
history_page_warm,160,30,35700,43400,59300,35100,59300
history_page_warm,161,30,35800,38000,59700,35000,59700
history_page_warm,162,30,35700,59200,72700,35000,72700
history_page_warm,163,30,36000,49400,59500,35200,59500
history_page_warm,164,30,35800,38800,60400,35000,60400
history_page_warm,165,30,35900,48000,58000,35100,58000
history_page_warm,166,30,35900,57400,57400,34900,57400
history_page_warm,167,30,35700,37500,58000,35100,58000
history_page_warm,168,30,35900,42400,57700,35100,57700
history_page_warm,169,30,35900,49700,70100,35000,70100
history_page_warm,170,30,35900,43400,59000,35300,59000
history_page_warm,171,30,35700,37200,61000,35100,61000
history_page_warm,172,30,36200,61700,66000,35600,66000
history_page_warm,173,30,35700,73900,135200,35300,135200
history_page_warm,174,30,35700,64800,97800,35000,97800
history_page_warm,175,30,35700,54800,61800,34700,61800
history_page_warm,176,30,36100,51600,62300,34800,62300
history_page_warm,177,30,35700,48300,61000,34700,61000
history_page_warm,178,30,35800,60300,114800,35200,114800
history_page_warm,179,30,35800,60800,76500,35000,76500
history_page_warm,180,30,36100,69700,97000,35200,97000
history_page_warm,181,30,36000,51700,60400,35200,60400
history_page_warm,182,30,35900,61100,100400,35000,100400
history_page_warm,183,30,35800,42300,60200,34900,60200
history_page_warm,184,30,36000,47400,58700,35200,58700
history_page_warm,185,30,35800,55200,57800,35200,57800
history_page_warm,186,30,36000,51700,60700,35000,60700
history_page_warm,187,30,35800,52400,61000,35100,61000
history_page_warm,188,30,35800,58300,60900,35100,60900
history_page_warm,189,30,36100,61700,138200,35400,138200
history_page_warm,190,30,35600,38500,110500,34900,110500
history_page_warm,191,30,35800,40700,85100,34900,85100
history_page_warm,192,30,35800,64100,131600,34900,131600
history_page_warm,193,30,35900,47100,63900,35100,63900
history_page_warm,194,30,35800,40400,63600,35100,63600
history_page_warm,195,30,35800,39200,63200,35100,63200
history_page_warm,196,30,35800,44300,63600,34800,63600
history_page_warm,197,30,36100,37500,65400,35000,65400
history_page_warm,198,30,35900,42700,73500,34800,73500
history_page_warm,199,30,35700,37500,64700,35000,64700
history_page_warm,200,30,35700,46500,65700,34700,65700
history_page_warm,201,30,35800,37500,66000,34900,66000
history_page_warm,202,30,35600,43700,66100,34700,66100
history_page_warm,203,30,35600,37200,65600,35000,65600
history_page_warm,204,30,35500,44200,65600,34700,65600
history_page_warm,205,30,35600,37300,65600,34700,65600
history_page_warm,206,30,36200,53900,65600,35100,65600
history_page_warm,207,30,35700,50800,64400,34900,64400
history_page_warm,208,30,35700,53700,66900,34800,66900
history_page_warm,209,30,35900,65700,88900,35000,88900
history_page_warm,210,30,35900,41600,65600,35000,65600
history_page_warm,211,30,35800,37500,65100,34800,65100
history_page_warm,212,30,35800,57400,65200,34700,65200
history_page_warm,213,30,35600,38900,65300,34800,65300
history_page_warm,214,30,35900,48900,66400,35000,66400
history_page_warm,215,30,35800,66600,91900,35000,91900
history_page_warm,216,30,35800,42500,65400,35200,65400
history_page_warm,217,30,35800,41200,79200,34900,79200
history_page_warm,218,30,36000,38200,66000,35100,66000
history_page_warm,219,30,35800,44600,65900,34600,65900
history_page_warm,220,30,35800,36500,67300,34700,67300
history_page_warm,221,30,35700,46000,71000,34800,71000
history_page_warm,222,30,35700,70600,108200,34800,108200
history_page_warm,223,30,36000,71600,74400,35100,74400
history_page_warm,224,30,35700,41700,70400,34900,70400
history_page_warm,225,30,35800,47000,70600,34800,70600
history_page_warm,226,30,35700,49700,71000,34500,71000
history_page_warm,227,30,35900,85300,104100,34900,104100
history_page_warm,228,30,35700,70300,73200,34600,73200
history_page_warm,229,30,35900,43200,69900,34900,69900
history_page_warm,230,30,35900,51400,70500,34800,70500
history_page_warm,231,30,36000,67000,70200,34500,70200
history_page_warm,232,30,35700,61400,71700,35200,71700
history_page_warm,233,30,35800,71300,72500,34800,72500
history_page_warm,234,30,35700,174500,263700,34800,263700
history_page_warm,235,30,35900,65100,81600,34900,81600
history_page_warm,236,30,35700,64700,72900,34900,72900
history_page_warm,237,30,35800,64100,73900,34900,73900
history_page_warm,238,30,35700,63400,73200,34700,73200
history_page_warm,239,30,35800,63800,72400,35000,72400
history_page_warm,240,30,36100,65600,73800,35200,73800
history_page_warm,241,30,35800,78900,81100,34800,81100
history_page_warm,242,30,35700,62700,80300,34600,80300
history_page_warm,243,30,35800,63800,76000,35100,76000
history_page_warm,244,30,36000,65000,76000,35200,76000
history_page_warm,245,30,35800,63900,75400,35100,75400
history_page_warm,246,30,35700,64300,74300,35000,74300
history_page_warm,247,30,35600,62600,75800,34900,75800
history_page_warm,248,30,36000,43800,131800,35100,131800
history_page_warm,249,30,35800,37900,76200,35100,76200
history_page_warm,250,30,35900,38300,76600,35100,76600
history_page_warm,251,30,35700,38600,75200,35200,75200
history_page_warm,252,30,35800,38800,75800,34900,75800
history_page_warm,253,30,35700,38500,74700,35100,74700
history_page_warm,254,30,36000,83100,137700,35500,137700
history_page_warm,255,30,35700,72000,75200,35000,75200
history_page_warm,256,30,35800,39900,98300,35300,98300
history_page_warm,257,30,36000,42500,74900,35300,74900
history_page_warm,258,30,35800,43700,75600,34600,75600
history_page_warm,259,30,35800,39700,76100,34600,76100
history_page_warm,260,30,35600,39500,75200,35000,75200
history_page_warm,261,30,35900,39300,77600,34900,77600
history_page_warm,262,30,35900,76000,79500,35100,79500
history_page_warm,263,30,35700,57900,79500,35000,79500
history_page_warm,264,30,35700,61700,77500,35300,77500
history_page_warm,265,30,36000,78100,86100,35300,86100
history_page_warm,266,30,35700,39600,77100,34900,77100
history_page_warm,267,30,35800,38900,77300,34900,77300
history_page_warm,268,30,35900,62100,77100,35200,77100
history_page_warm,269,30,36000,78200,81400,35000,81400
history_page_warm,270,30,35900,94800,109900,35100,109900
history_page_warm,271,30,36000,54500,82200,35000,82200
history_page_warm,272,30,36000,39000,81800,34700,81800
history_page_warm,273,30,35800,49000,82300,34600,82300
history_page_warm,274,30,36700,82500,123300,35700,123300
history_page_warm,275,30,35700,69300,80700,34900,80700
history_page_warm,276,30,35800,43000,80200,34800,80200
history_page_warm,277,30,35800,80600,94200,35000,94200
history_page_warm,278,30,36000,51500,81500,35100,81500
history_page_warm,279,30,35900,39000,82200,34800,82200
history_page_warm,280,30,35800,41800,96900,34800,96900
history_page_warm,281,30,35800,41900,87900,34800,87900
history_page_warm,282,30,36200,43400,86300,35300,86300
history_page_warm,283,30,35900,62200,86500,34600,86500
history_page_warm,284,30,35800,39500,86300,35000,86300
history_page_warm,285,30,35600,39400,85700,34900,85700
history_page_warm,286,30,36100,40800,90400,35400,90400
history_page_warm,287,30,35800,41400,90300,35100,90300
history_page_warm,288,30,36000,73900,90000,35000,90000
history_page_warm,289,30,35700,43000,92500,34800,92500
history_page_warm,290,30,35900,42800,94600,34700,94600
history_page_warm,291,30,36200,57300,94800,34900,94800
history_page_warm,292,30,35800,41900,90100,35100,90100
history_page_warm,293,30,36000,40900,90400,34900,90400
history_page_warm,294,30,35700,42200,89200,35000,89200
history_page_warm,295,30,35800,42600,90000,34600,90000
history_page_warm,296,30,35700,43300,93400,35100,93400
history_page_warm,297,30,35900,44900,94600,34900,94600
history_page_warm,298,30,35800,42900,94100,35000,94100
history_page_warm,299,30,36100,41300,95100,35100,95100
history_page_warm,300,30,35900,43200,93800,34700,93800
history_page_warm,301,30,36000,40800,94300,34900,94300
history_page_warm,302,30,35800,109700,136100,34900,136100
history_page_warm,303,30,36000,45500,96800,35100,96800
history_page_warm,304,30,35700,41800,94500,34800,94500
history_page_warm,305,30,36100,40900,94800,35100,94800
history_page_warm,306,30,35800,41000,94600,34800,94600
history_page_warm,307,30,35900,42400,94700,34800,94700
history_page_warm,308,30,36200,41200,95700,35500,95700
history_page_warm,309,30,35800,64900,94900,34800,94900
history_page_warm,310,30,36000,56200,97400,34800,97400
history_page_warm,311,30,35800,83200,98200,34700,98200
history_page_warm,312,30,35900,39900,98500,35000,98500
history_page_warm,313,30,35700,41100,100300,35000,100300
history_page_warm,314,30,36100,98600,100900,34900,100900
history_page_warm,315,30,35900,69900,101200,35400,101200
history_page_warm,316,30,36100,42900,103500,35500,103500
history_page_warm,317,30,35800,43100,104100,34900,104100
history_page_warm,318,30,35900,40900,104500,35000,104500
history_page_warm,319,30,35700,42300,105200,35000,105200
history_page_warm,320,30,36200,52800,106000,35300,106000
history_page_warm,321,30,36000,106300,130200,34900,130200
history_page_warm,322,30,36400,45400,113600,35500,113600
history_page_warm,323,30,35700,40400,106400,35000,106400
history_page_warm,324,30,36000,45700,106000,34800,106000
history_page_warm,325,30,36000,42400,105800,35100,105800
history_page_warm,326,30,35800,43700,106100,34900,106100
history_page_warm,327,30,35900,39800,107000,34900,107000
history_page_warm,328,30,35800,50000,104300,35100,104300
history_page_warm,329,30,35900,39600,105400,35000,105400
history_page_warm,330,30,35800,40500,105000,35100,105000
history_page_warm,331,30,35900,98600,105300,35000,105300
history_page_warm,332,30,35800,56100,104800,34800,104800
history_page_warm,333,30,36200,85400,105800,35100,105800
history_page_warm,334,30,35700,99700,105700,34800,105700
history_page_warm,335,30,35900,39600,100500,34900,100500
history_page_warm,336,30,36000,64500,99600,35100,99600
history_page_warm,337,30,35900,39700,164700,35000,164700
history_page_warm,338,30,35800,40600,154600,34800,154600
history_page_warm,339,30,36000,83900,123500,34800,123500
history_page_warm,340,30,35900,42000,113000,35000,113000
history_page_warm,341,30,36000,107200,131500,35100,131500
history_page_warm,342,30,36500,104000,121600,35300,121600
history_page_warm,343,30,35800,38500,101600,35000,101600
history_page_warm,344,30,36000,54200,63000,35000,63000
history_page_warm,345,30,35900,37900,38500,35000,38500
history_page_warm,346,30,35900,38500,41300,35000,41300
history_page_warm,347,30,35700,38800,45000,34800,45000
history_page_warm,348,30,35600,38500,69600,34900,69600
history_page_warm,349,30,35700,42700,122700,34600,122700
history_page_warm,350,30,36000,38500,75700,35400,75700
history_page_warm,351,30,35500,37600,37900,34900,37900
history_page_warm,352,30,35600,37200,38900,35200,38900
history_page_warm,353,30,35600,40000,106200,34900,106200
history_page_warm,354,30,35900,74300,79000,35100,79000
history_page_warm,355,30,35600,56900,74800,34800,74800
history_page_warm,356,30,35800,70400,97200,34900,97200
history_page_warm,357,30,35400,39000,69300,34800,69300
history_page_warm,358,30,35600,63300,69200,34800,69200
history_page_warm,359,30,35900,39100,69500,34800,69500
history_page_warm,360,30,35700,47900,69200,34600,69200
history_page_warm,361,30,35800,44900,69000,34700,69000
history_page_warm,362,30,35700,38300,79500,34900,79500
history_page_warm,363,30,35700,41500,69400,34800,69400
history_page_warm,364,30,35700,37600,69300,34900,69300
history_page_warm,365,30,35500,38100,69200,34900,69200
history_page_warm,366,30,35700,68900,96100,34800,96100
history_page_warm,367,30,35900,40700,69300,35100,69300
history_page_warm,368,30,35700,65200,69200,34800,69200
history_page_warm,369,30,35800,44300,69000,34800,69000
history_page_warm,370,30,35900,69000,69200,34600,69200
history_page_warm,371,30,36000,53000,69400,35100,69400
history_page_warm,372,30,35900,40800,69100,34900,69100
history_page_warm,373,30,36000,46600,69300,35100,69300
history_page_warm,374,30,35800,43300,68800,34900,68800
history_page_warm,375,30,35700,43000,69200,34700,69200
history_page_warm,376,30,36300,39400,70200,35200,70200
history_page_warm,377,30,35800,39800,69000,34600,69000
history_page_warm,378,30,35800,55500,69200,35000,69200
history_page_warm,379,30,35800,63500,68700,35000,68700
history_page_warm,380,30,35700,38100,42400,35100,42400
history_page_warm,381,30,35700,38400,102800,35000,102800
history_page_warm,382,30,35800,38900,40300,34800,40300
history_page_warm,383,30,35700,40000,41000,34600,41000
history_page_warm,384,30,35800,39600,39900,35100,39900
history_page_warm,385,30,35700,43800,127800,34500,127800
history_page_warm,386,30,35700,39400,43400,35100,43400
history_page_warm,387,30,35700,39400,41900,35000,41900
history_page_warm,388,30,35800,39500,83200,35400,83200
history_page_warm,389,30,35800,46700,81300,34700,81300
history_page_warm,390,30,36000,42200,51700,34900,51700
history_page_warm,391,30,35800,46000,64300,35100,64300
history_page_warm,392,30,35700,47200,63500,34900,63500
history_page_warm,393,30,36200,40000,55000,35300,55000
history_page_warm,394,30,35700,39900,54200,35200,54200
history_page_warm,395,30,35900,41700,54400,34700,54400
history_page_warm,396,30,35800,41900,43400,34900,43400
history_page_warm,397,30,36000,40300,70000,35100,70000
history_page_warm,398,30,35800,41200,83400,34900,83400
history_page_warm,399,30,35800,39800,67800,35100,67800
history_page_warm,400,30,35800,39900,39900,35100,39900
history_page_warm,401,30,36100,39700,39800,35200,39800
history_page_warm,402,30,36000,49000,83900,35000,83900
history_page_warm,403,30,36000,41100,42500,35200,42500
history_page_warm,404,30,35800,39500,225500,34900,225500
history_page_warm,405,30,36200,41000,71000,34900,71000
history_page_warm,406,30,35900,40000,69300,35200,69300
history_page_warm,407,30,36000,39300,69100,35100,69100
history_page_warm,408,30,35900,39300,69000,34600,69000
history_page_warm,409,30,35800,39200,68800,34800,68800
history_page_warm,410,30,36500,40000,118000,35800,118000
history_page_warm,411,30,35800,39000,39500,35000,39500
history_page_warm,412,30,35800,39100,40300,35100,40300
history_page_warm,413,30,35800,40800,127600,34700,127600
history_page_warm,414,30,36000,38800,40400,35100,40400
history_page_warm,415,30,35800,40200,55400,35000,55400
history_page_warm,416,30,36000,40600,43700,35000,43700
history_page_warm,417,30,36000,40500,44000,34900,44000
history_page_warm,418,30,36300,41800,42300,35300,42300
history_page_warm,419,30,36000,39300,70800,34900,70800
history_page_warm,420,30,36200,41200,168700,34900,168700
history_page_warm,421,30,36000,41200,85900,35200,85900
history_page_warm,422,30,36200,40700,42600,35100,42600
history_page_warm,423,30,35900,41000,52600,34900,52600
history_page_warm,424,30,35800,40100,42200,34800,42200
history_page_warm,425,30,35900,45700,52700,34800,52700
history_page_warm,426,30,36200,39400,39500,35000,39500
history_page_warm,427,30,36300,41000,76800,35300,76800
history_page_warm,428,30,35900,77700,120600,35000,120600
history_page_warm,429,30,35800,41200,52500,35100,52500
history_page_warm,430,30,35800,38000,40400,34800,40400
history_page_warm,431,30,35900,39100,42300,34600,42300
history_page_warm,432,30,36000,38900,40000,34900,40000
history_page_warm,433,30,36100,41400,86200,34800,86200
history_page_warm,434,30,35900,40100,80100,35100,80100
history_page_warm,435,30,36200,39600,42600,35100,42600
history_page_warm,436,30,35900,39700,41600,34600,41600
history_page_warm,437,30,36000,52100,57700,35100,57700
history_page_warm,438,30,36000,41000,92600,35200,92600
history_page_warm,439,30,36100,40100,40400,35300,40400
history_page_warm,440,30,36000,38600,38900,35100,38900
history_page_warm,441,30,36000,39200,42300,35100,42300
history_page_warm,442,30,35900,39800,41000,35000,41000
history_page_warm,443,30,35800,39800,85100,34900,85100
history_page_warm,444,30,36400,78700,308600,35500,308600
history_page_warm,445,30,35800,42700,92700,35300,92700
history_page_warm,446,30,36000,39900,69600,35200,69600
history_page_warm,447,30,35900,39900,75400,34800,75400
history_page_warm,448,30,36100,39600,75900,35300,75900
history_page_warm,449,30,35900,39800,69200,35100,69200
history_page_warm,450,30,36000,47100,69700,35100,69700
history_page_warm,451,30,35800,42700,46600,34800,46600
history_page_warm,452,30,36000,41400,42700,35300,42700
history_page_warm,453,30,36100,41300,59300,35100,59300
history_page_warm,454,30,36000,42600,55700,35000,55700
history_page_warm,455,30,36000,39800,41200,34700,41200
history_page_warm,456,30,36200,40400,100000,34900,100000
history_page_warm,457,30,35900,45100,93900,35000,93900
history_page_warm,458,30,35800,40200,69800,35000,69800
history_page_warm,459,30,35800,56500,65100,35100,65100
history_page_warm,460,30,35900,39700,41900,35000,41900
history_page_warm,461,30,36300,40700,47300,35300,47300
history_page_warm,462,30,35900,37700,39900,35100,39900
history_page_warm,463,30,35900,38800,40100,35000,40100
history_page_warm,464,30,36000,41000,42100,35100,42100
history_page_warm,465,30,36000,37600,39600,35300,39600
history_page_warm,466,30,35900,45100,84100,35100,84100
history_page_warm,467,30,36100,55000,143100,35300,143100
history_page_warm,468,30,36000,39100,39700,35100,39700
history_page_warm,469,30,36100,39700,39800,35200,39800
history_page_warm,470,30,35900,38200,39500,35100,39500
history_page_warm,471,30,35900,37900,40800,34800,40800
history_page_warm,472,30,35800,37500,39700,34800,39700
history_page_warm,473,30,36200,40000,42400,35200,42400
history_page_warm,474,30,35900,37600,37600,35100,37600
history_page_warm,475,30,35900,37600,41700,35100,41700
history_page_warm,476,30,35900,37700,40200,34800,40200
history_page_warm,477,30,35800,38700,42000,34600,42000
history_page_warm,478,30,36300,37900,56600,35500,56600
history_page_warm,479,30,35900,37500,39500,34700,39500
history_page_warm,480,30,36000,53100,85400,35000,85400
history_page_warm,481,30,35900,39400,74200,35100,74200
history_page_warm,482,30,36000,63100,110700,35200,110700
history_page_warm,483,30,35900,37500,69900,35200,69900
history_page_warm,484,30,36000,75000,143300,35300,143300
history_page_warm,485,30,36000,85000,90600,35100,90600
history_page_warm,486,30,36100,54200,69500,35300,69500
history_page_warm,487,30,35800,51300,69200,35200,69200
history_page_warm,488,30,35800,131400,146900,34800,146900
history_page_warm,489,30,35600,52800,83700,34800,83700
history_page_warm,490,30,36100,53700,91000,35200,91000
history_page_warm,491,30,35800,54400,97100,34900,97100
history_page_warm,492,30,36000,55700,145100,34900,145100
history_page_warm,493,30,35900,55200,153300,34600,153300
history_page_warm,494,30,36000,55900,186000,34900,186000
history_page_warm,495,30,36300,105200,150500,35300,150500
history_page_warm,496,30,36000,74100,149900,34600,149900
history_page_warm,497,30,35700,55100,138300,34900,138300
history_page_warm,498,30,35900,106000,144800,35000,144800
history_page_warm,499,30,36000,83800,93400,35000,93400
history_page_warm,500,30,35900,70600,83400,35000,83400
history_page_warm,501,30,35900,69300,83600,34800,83600
history_page_warm,502,30,35800,69100,83400,34900,83400
history_page_warm,503,30,36100,96900,119600,35100,119600
history_page_warm,504,30,35900,39200,83800,34600,83800
history_page_warm,505,30,35900,72500,84800,34800,84800
history_page_warm,506,30,35900,69000,75200,34700,75200
history_page_warm,507,30,36100,42100,69000,34900,69000
history_page_warm,508,30,35800,65400,68800,34600,68800
history_page_warm,509,30,35700,69000,93100,34900,93100
history_page_warm,510,30,35700,56200,68800,34800,68800
history_page_warm,511,30,35900,47500,68700,34800,68700
history_page_warm,512,30,36300,37700,69000,35300,69000
history_page_warm,513,30,35900,41200,68900,34800,68900
history_page_warm,514,30,35800,46000,68700,35100,68700
history_page_warm,515,30,35800,37100,68700,35100,68700
history_page_warm,516,30,35900,38600,69000,35300,69000
history_page_warm,517,30,35800,37800,69000,35000,69000
history_page_warm,518,30,35900,38100,68800,34900,68800
history_page_warm,519,30,35800,42300,68700,34900,68700
history_page_warm,520,30,36100,37600,69100,34900,69100
history_page_warm,521,30,35900,38900,69000,34800,69000
history_page_warm,522,30,36200,40900,69000,35200,69000
history_page_warm,523,30,35800,43300,69000,35000,69000
history_page_warm,524,30,36000,45700,60700,35500,60700
history_page_warm,525,30,35800,36900,37000,35200,37000
history_page_warm,526,30,35800,40300,42000,34800,42000
history_page_warm,527,30,35900,37200,44700,35000,44700
history_page_warm,528,30,35900,37000,37100,35000,37100
history_page_warm,529,30,35900,44500,115200,35100,115200
history_page_warm,530,30,35900,44700,47600,34800,47600
history_page_warm,531,30,35600,46900,47600,34900,47600
history_page_warm,532,30,35700,37200,47600,35000,47600
history_page_warm,533,30,35900,40400,47200,34900,47200
history_page_warm,534,30,35900,47400,159400,34900,159400
history_page_warm,535,30,35900,47600,72300,34900,72300
history_page_warm,536,30,35900,52100,63600,35000,63600
history_page_warm,537,30,36000,47400,55900,35200,55900
history_page_warm,538,30,35900,48600,61800,35000,61800
history_page_warm,539,30,36000,47400,58600,34900,58600
history_page_warm,540,30,35900,47200,56200,34900,56200
history_page_warm,541,30,36100,65100,65700,35000,65700
history_page_warm,542,30,35900,60600,73800,34900,73800
history_page_warm,543,30,36100,66200,73000,35100,73000
history_page_warm,544,30,35900,43100,103800,35100,103800
history_page_warm,545,30,35800,39800,64900,34700,64900
history_page_warm,546,30,36800,51000,65100,35800,65100
history_page_warm,547,30,35700,43200,63800,34600,63800
history_page_warm,548,30,35900,51100,63800,35100,63800
history_page_warm,549,30,36000,39800,62800,34900,62800
history_page_warm,550,30,36100,63000,87000,34800,87000
history_page_warm,551,30,36000,63100,81500,35000,81500
history_page_warm,552,30,35800,46900,63800,34900,63800
history_page_warm,553,30,36000,62300,114000,34800,114000
history_page_warm,554,30,36100,63000,75600,35300,75600
history_page_warm,555,30,35800,63000,119900,34900,119900
history_page_warm,556,30,35800,62400,65800,35100,65800
history_page_warm,557,30,35900,37600,62800,35000,62800
history_page_warm,558,30,36000,42200,63000,35200,63000
history_page_warm,559,30,35600,63000,69300,34600,69300
history_page_warm,560,30,35800,41700,63000,34900,63000
history_page_warm,561,30,35800,41300,62700,35000,62700
history_page_warm,562,30,35700,63600,106800,34900,106800
history_page_warm,563,30,36200,41800,61800,35400,61800
history_page_warm,564,30,35600,50500,64300,34800,64300
history_page_warm,565,30,35700,40500,62700,34900,62700
history_page_warm,566,30,35800,51400,63300,35000,63300
history_page_warm,567,30,35700,41100,63200,35100,63200
history_page_warm,568,30,35700,43300,62800,34800,62800
history_page_warm,569,30,35700,41400,63100,34900,63100
history_page_warm,570,30,35700,41100,63100,35400,63100
history_page_warm,571,30,36200,56900,80000,35100,80000
history_page_warm,572,30,35800,42100,63000,34900,63000
history_page_warm,573,30,35900,42300,63000,35300,63000
history_page_warm,574,30,35900,63600,70500,35000,70500
history_page_warm,575,30,36100,43000,62600,35300,62600
history_page_warm,576,30,35800,42600,62800,34800,62800
history_page_warm,577,30,35700,59900,64100,34900,64100
history_page_warm,578,30,35800,40600,63300,34900,63300
history_page_warm,579,30,35700,40500,62900,35200,62900
history_page_warm,580,30,36300,43800,63500,35800,63500
history_page_warm,581,30,35700,43900,63800,35100,63800
history_page_warm,582,30,35700,41300,62300,35200,62300
history_page_warm,583,30,35700,39900,62900,34700,62900
history_page_warm,584,30,36000,40100,63400,34600,63400
history_page_warm,585,30,35800,40400,63700,34900,63700
history_page_warm,586,30,36000,41500,63200,35100,63200
history_page_warm,587,30,35700,40500,62900,35200,62900
history_page_warm,588,30,36000,63900,86700,35300,86700
history_page_warm,589,30,35900,48500,63600,35200,63600
history_page_warm,590,30,35900,48500,62100,35200,62100
history_page_warm,591,30,35800,40200,63200,34800,63200
history_page_warm,592,30,36100,46700,63400,35300,63400
history_page_warm,593,30,35700,57400,62800,35000,62800
history_page_warm,594,30,36000,57000,62500,34900,62500
history_page_warm,595,30,35800,42500,62700,35000,62700
history_page_warm,596,30,36000,41500,63600,35200,63600
history_page_warm,597,30,36100,55700,62800,35500,62800
history_page_warm,598,30,35800,63100,163200,34800,163200
history_page_warm,599,30,35800,62800,92800,34900,92800
history_page_warm,600,30,36000,62600,114600,35000,114600
history_page_warm,601,30,36100,46300,63400,35100,63400
history_page_warm,602,30,36100,45800,75800,34900,75800
history_page_warm,603,30,35800,38900,63500,35000,63500
history_page_warm,604,30,36000,63900,97200,35100,97200
history_page_warm,605,30,36100,65100,65900,35200,65900
history_page_warm,606,30,35900,38400,63900,35100,63900
history_page_warm,607,30,36000,42600,62400,34900,62400
history_page_warm,608,30,35900,64600,149600,35000,149600
history_page_warm,609,30,36000,43000,63600,35100,63600
history_page_warm,610,30,35900,63200,155300,34700,155300
history_page_warm,611,30,36000,64600,75500,34900,75500
history_page_warm,612,30,36000,43900,63700,35100,63700
history_page_warm,613,30,35900,38400,63600,35000,63600
history_page_warm,614,30,36600,46200,62600,35600,62600
history_page_warm,615,30,35900,63700,84200,35000,84200
history_page_warm,616,30,35800,49800,63300,35000,63300
history_page_warm,617,30,35700,44500,63300,34400,63300
history_page_warm,618,30,35900,64200,69400,35200,69400
history_page_warm,619,30,35700,43700,63800,34700,63800
history_page_warm,620,30,35700,45300,64000,35200,64000
history_page_warm,621,30,35800,55800,63300,35000,63300
history_page_warm,622,30,36000,63900,127600,35300,127600
history_page_warm,623,30,35700,63300,66100,34700,66100
history_page_warm,624,30,35800,40700,64100,34900,64100
history_page_warm,625,30,35800,40400,63200,34900,63200
history_page_warm,626,30,35900,38700,64000,35100,64000
history_page_warm,627,30,35700,37600,63200,35200,63200
history_page_warm,628,30,35700,44800,63900,35000,63900
history_page_warm,629,30,35800,41000,63700,34700,63700
history_page_warm,630,30,35800,43300,64000,34900,64000
history_page_warm,631,30,36000,39100,64800,35300,64800
history_page_warm,632,30,35800,63900,120400,34700,120400
history_page_warm,633,30,35700,38100,76500,34700,76500
history_page_warm,634,30,35700,46500,62900,34900,62900
history_page_warm,635,30,35900,57600,63100,35000,63100
history_page_warm,636,30,35800,38200,62700,34800,62700
history_page_warm,637,30,35900,43100,62000,34900,62000
history_page_warm,638,30,35600,75800,98800,34800,98800
history_page_warm,639,30,35700,63500,71600,35400,71600
history_page_warm,640,30,35800,44100,62700,35100,62700
history_page_warm,641,30,36000,39600,62600,35200,62600
history_page_warm,642,30,35800,46800,63000,35200,63000
history_page_warm,643,30,35900,62900,82600,35000,82600
history_page_warm,644,30,35800,37200,63000,35100,63000
history_page_warm,645,30,35800,55500,63400,34800,63400
history_page_warm,646,30,35700,46800,61700,34700,61700
history_page_warm,647,30,35700,68800,123200,34800,123200
history_page_warm,648,30,36100,46600,63500,35200,63500
history_page_warm,649,30,35700,38600,61900,34700,61900
history_page_warm,650,30,35800,38300,62000,35100,62000
history_page_warm,651,30,35900,43300,63400,35100,63400
history_page_warm,652,30,35900,44500,63500,35200,63500
history_page_warm,653,30,35600,63000,103400,35000,103400
history_page_warm,654,30,35700,63500,82900,34900,82900
history_page_warm,655,30,35800,62900,70200,35100,70200
history_page_warm,656,30,36100,62800,76200,35200,76200
history_page_warm,657,30,35600,62300,75500,34900,75500
history_page_warm,658,30,35800,63100,69200,35200,69200
history_page_warm,659,30,35700,62000,75100,34800,75100
history_page_warm,660,30,35700,63300,69800,35000,69800
history_page_warm,661,30,35500,63000,69200,35100,69200
history_page_warm,662,30,35800,69000,70800,34800,70800
history_page_warm,663,30,35500,63200,69400,34900,69400
history_page_warm,664,30,35800,62900,68900,34900,68900
history_page_warm,665,30,36100,69400,75600,35200,75600
history_page_warm,666,30,35700,61400,68800,34900,68800
history_page_warm,667,30,35700,63500,69200,34900,69200
history_page_warm,668,30,35700,63100,68800,34700,68800
history_page_warm,669,30,35800,63300,69300,35100,69300
history_page_warm,670,30,35600,63600,80100,34700,80100
history_page_warm,671,30,35700,62200,69500,35000,69500
history_page_warm,672,30,35700,63300,69200,34700,69200
history_page_warm,673,30,36000,63700,69000,35300,69000
history_page_warm,674,30,35700,62600,69100,35000,69100
history_page_warm,675,30,35900,63200,69100,34800,69100
history_page_warm,676,30,35700,63000,69200,34700,69200
history_page_warm,677,30,35900,63100,79400,35300,79400
history_page_warm,678,30,35700,63100,153500,35100,153500
history_page_warm,679,30,35700,39800,63500,34900,63500
history_page_warm,680,30,35700,37000,63800,35100,63800
history_page_warm,681,30,35600,42700,63000,34600,63000
history_page_warm,682,30,36100,45700,64000,35300,64000
history_page_warm,683,30,35700,63100,133600,34900,133600
history_page_warm,684,30,35800,62700,74800,35000,74800
history_page_warm,685,30,35800,62700,104600,34900,104600
history_page_warm,686,30,36000,63700,104700,35100,104700
history_page_warm,687,30,35600,40200,63700,34500,63700
history_page_warm,688,30,35800,37700,65600,35100,65600
history_page_warm,689,30,35700,64700,78800,35000,78800
history_page_warm,690,30,36000,44400,63600,35300,63600
history_page_warm,691,30,35700,63600,70200,34600,70200
history_page_warm,692,30,35900,37400,64500,34800,64500
history_page_warm,693,30,35700,41600,63500,34800,63500
history_page_warm,694,30,36000,38300,65400,35300,65400
history_page_warm,695,30,35700,37600,75400,34800,75400
history_page_warm,696,30,35700,63200,64400,35000,64400
history_page_warm,697,30,35600,37500,64300,35000,64300
history_page_warm,698,30,35900,43500,63400,35000,63400
history_page_warm,699,30,36100,63600,72100,35000,72100
history_page_warm,700,30,36000,43600,65000,35200,65000
history_page_warm,701,30,35700,38000,63800,35100,63800
history_page_warm,702,30,35900,63500,94100,35100,94100
history_page_warm,703,30,35800,36700,65300,35000,65300
history_page_warm,704,30,35700,39000,63900,34800,63900
history_page_warm,705,30,35700,36700,63300,34800,63300
history_page_warm,706,30,35600,37000,64200,34700,64200
history_page_warm,707,30,35800,63500,88900,35000,88900
history_page_warm,708,30,35600,37100,63700,34900,63700
history_page_warm,709,30,35700,40300,63000,34900,63000
history_page_warm,710,30,35800,37000,63700,34800,63700
history_page_warm,711,30,35900,40400,64200,35000,64200
history_page_warm,712,30,35600,37200,63300,34800,63300
history_page_warm,713,30,35600,37000,63200,34900,63200
history_page_warm,714,30,35800,63800,96100,34600,96100
history_page_warm,715,30,35800,63100,133200,34900,133200
history_page_warm,716,30,36200,41600,64600,35100,64600
history_page_warm,717,30,35800,37000,62500,35100,62500
history_page_warm,718,30,36000,63100,99100,34700,99100
history_page_warm,719,30,35900,45400,64200,35000,64200
history_page_warm,720,30,35800,41500,63100,34900,63100
history_page_warm,721,30,35700,63500,134100,34700,134100
history_page_warm,722,30,35800,55400,63200,35000,63200
history_page_warm,723,30,35700,52600,62900,35000,62900
history_page_warm,724,30,36000,52200,64300,35000,64300
history_page_warm,725,30,35900,51300,63200,34500,63200
history_page_warm,726,30,36000,51800,75400,35100,75400
history_page_warm,727,30,35800,51300,64200,34600,64200
history_page_warm,728,30,35900,64000,71200,34900,71200
history_page_warm,729,30,35900,51500,62600,35100,62600
history_page_warm,730,30,35800,51500,63600,34900,63600
history_page_warm,731,30,35700,63800,101100,35100,101100
history_page_warm,732,30,35800,51400,62900,34800,62900
history_page_warm,733,30,36200,62300,196600,35300,196600
history_page_warm,734,30,35700,52900,63400,34900,63400
history_page_warm,735,30,35700,52200,63200,34700,63200
history_page_warm,736,30,35600,58900,62900,34600,62900
history_page_warm,737,30,35800,53700,62900,35000,62900
history_page_warm,738,30,35600,62900,68600,34700,68600
history_page_warm,739,30,35800,63400,64800,34700,64800
history_page_warm,740,30,35700,53200,64400,35100,64400
history_page_warm,741,30,36100,64200,70700,35300,70700
history_page_warm,742,30,35800,63400,80000,34800,80000
history_page_warm,743,30,35900,63900,71600,35000,71600
history_page_warm,744,30,35800,64000,70000,34900,70000
history_page_warm,745,30,35900,60200,63400,34600,63400
history_page_warm,746,30,35800,61700,63900,34600,63900
history_page_warm,747,30,35700,59900,63500,35100,63500
history_page_warm,748,30,35800,63800,64200,34900,64200
history_page_warm,749,30,35900,63100,64500,35100,64500
history_page_warm,750,30,36400,62900,64500,35300,64500
history_page_warm,751,30,35800,59900,63000,34900,63000
history_page_warm,752,30,35900,62100,64000,34500,64000
history_page_warm,753,30,35700,58100,63600,34700,63600
history_page_warm,754,30,36000,63600,68700,35100,68700
history_page_warm,755,30,35900,63400,66500,35000,66500
history_page_warm,756,30,35800,62500,64300,35000,64300
history_page_warm,757,30,35800,63500,68300,34900,68300
history_page_warm,758,30,36000,65600,75300,35100,75300
history_page_warm,759,30,35800,61900,62700,34900,62700
history_page_warm,760,30,35900,63300,68100,34800,68100
history_page_warm,761,30,35800,62600,67300,34900,67300
history_page_warm,762,30,36200,62500,67500,35200,67500
history_page_warm,763,30,35800,62200,67200,35300,67200
history_page_warm,764,30,35800,62800,67600,35000,67600
history_page_warm,765,30,35800,67200,192300,35100,192300
history_page_warm,766,30,35800,70900,94500,35000,94500
history_page_warm,767,30,36000,67200,69200,35000,69200
history_page_warm,768,30,35900,74900,75700,34700,75700
history_page_warm,769,30,35900,68900,70500,34900,70500
history_page_warm,770,30,35900,68900,69100,34900,69100
history_page_warm,771,30,35900,68900,101300,35200,101300
history_page_warm,772,30,35800,69000,92100,34900,92100
history_page_warm,773,30,35900,49700,69200,35000,69200
history_page_warm,774,30,35800,54700,68700,34800,68700
history_page_warm,775,30,36100,57800,69100,35100,69100
history_page_warm,776,30,35900,55400,68800,34900,68800
history_page_warm,777,30,35900,75000,100400,34800,100400
history_page_warm,778,30,35700,51100,68900,35200,68900
history_page_warm,779,30,36000,68800,118900,35500,118900
history_page_warm,780,30,35800,109600,156900,34300,156900
history_page_warm,781,30,35900,76400,96800,34900,96800
history_page_warm,782,30,35600,68800,69200,35000,69200
history_page_warm,783,30,35800,63400,68900,34700,68900
history_page_warm,784,30,36200,39000,54000,35500,54000
history_page_warm,785,30,35700,42100,92900,34900,92900
history_page_warm,786,30,35900,38800,50100,34900,50100
history_page_warm,787,30,35800,37800,40300,34700,40300
history_page_warm,788,30,36000,39200,42400,35100,42400
history_page_warm,789,30,35800,38700,39300,34800,39300
history_page_warm,790,30,35900,38500,38700,34800,38700
history_page_warm,791,30,35900,42600,59200,34800,59200
history_page_warm,792,30,36200,40400,42600,35100,42600
history_page_warm,793,30,35900,44500,85000,35100,85000
history_page_warm,794,30,36100,44900,147400,35000,147400
history_page_warm,795,30,35900,39500,48600,35100,48600
history_page_warm,796,30,36100,39700,44200,35300,44200
history_page_warm,797,30,35700,39000,39400,34900,39400
history_page_warm,798,30,35700,38400,39600,35000,39600
history_page_warm,799,30,36000,39200,40300,34800,40300
history_page_warm,800,30,35900,54500,90200,35000,90200
history_page_warm,801,30,36000,41800,43900,35200,43900
history_page_warm,802,30,35800,39300,118000,34800,118000
history_page_warm,803,30,35800,42400,56200,34600,56200
history_page_warm,804,30,36000,39700,43500,34900,43500
history_page_warm,805,30,36000,39200,86600,34700,86600
history_page_warm,806,30,35700,46300,49600,34800,49600
history_page_warm,807,30,36100,43600,80300,35200,80300
history_page_warm,808,30,36000,48200,81800,34800,81800
history_page_warm,809,30,36200,39300,39600,35500,39600
history_page_warm,810,30,36000,39100,39100,35100,39100
history_page_warm,811,30,36200,42400,53600,34800,53600
history_page_warm,812,30,36000,42800,175100,34700,175100
history_page_warm,813,30,36100,43100,76500,35100,76500
history_page_warm,814,30,35900,38400,38600,35000,38600
history_page_warm,815,30,36000,38500,42000,34800,42000
history_page_warm,816,30,36000,39800,45800,35000,45800
history_page_warm,817,30,36000,38800,40000,35200,40000
history_page_warm,818,30,36700,41300,78400,35900,78400
history_page_warm,819,30,35800,40800,58000,35000,58000
history_page_warm,820,30,35800,43200,48200,34900,48200
history_page_warm,821,30,35900,68600,131500,35200,131500
history_page_warm,822,30,36000,39700,45600,35000,45600
history_page_warm,823,30,36000,41400,149700,35300,149700
history_page_warm,824,30,36000,39800,61800,35000,61800
history_page_warm,825,30,36000,40100,47000,35000,47000
history_page_warm,826,30,36500,47200,47600,35400,47600
history_page_warm,827,30,35900,40100,40200,35200,40200
history_page_warm,828,30,35900,40600,48500,35100,48500
history_page_warm,829,30,35800,40600,44700,34900,44700
history_page_warm,830,30,36300,41700,42700,35200,42700
history_page_warm,831,30,35900,54200,84600,34800,84600
history_page_warm,832,30,36000,37300,42400,34900,42400
history_page_warm,833,30,35900,37900,40400,35000,40400
history_page_warm,834,30,35900,37700,40700,35100,40700
history_page_warm,835,30,36100,45100,53700,35000,53700
history_page_warm,836,30,35800,55600,68700,34700,68700
history_page_warm,837,30,35900,39900,41600,34900,41600
history_page_warm,838,30,35800,37700,39800,35100,39800
history_page_warm,839,30,35900,39400,40600,35100,40600
history_page_warm,840,30,35800,37800,40700,35200,40700
history_page_warm,841,30,35900,39800,40100,35100,40100
history_page_warm,842,30,35700,40800,58000,34900,58000
history_page_warm,843,30,36100,37900,39500,35100,39500
history_page_warm,844,30,35700,40000,41500,35100,41500
history_page_warm,845,30,35900,37900,40900,34700,40900
history_page_warm,846,30,36000,42300,68100,34800,68100
history_page_warm,847,30,36000,38300,41100,35100,41100
history_page_warm,848,30,35900,40700,47900,35100,47900
history_page_warm,849,30,35900,43000,118600,35000,118600
history_page_warm,850,30,35800,39600,41200,34800,41200
history_page_warm,851,30,35800,42100,102000,34900,102000
history_page_warm,852,30,36200,41500,43500,35000,43500
history_page_warm,853,30,35800,40700,108800,35000,108800
history_page_warm,854,30,35900,38200,39200,34900,39200
history_page_warm,855,30,35800,39400,39800,35100,39800
history_page_warm,856,30,35700,38300,41400,35000,41400
history_page_warm,857,30,35800,40600,41000,34800,41000
history_page_warm,858,30,35800,38400,41100,35100,41100
history_page_warm,859,30,35700,41800,108800,35100,108800
history_page_warm,860,30,36000,41700,57300,35400,57300
history_page_warm,861,30,35900,40100,43100,35200,43100
history_page_warm,862,30,35800,37400,39700,35100,39700
history_page_warm,863,30,35800,38200,38900,34700,38900
history_page_warm,864,30,35800,41600,66200,34800,66200
history_page_warm,865,30,36000,42000,75700,35100,75700
history_page_warm,866,30,35700,39600,41500,35100,41500
history_page_warm,867,30,35900,40300,42600,35000,42600
history_page_warm,868,30,35800,42500,131900,34900,131900
history_page_warm,869,30,36200,39000,39900,35200,39900
history_page_warm,870,30,35700,37700,143400,34600,143400
history_page_warm,871,30,35700,37600,81700,34900,81700
history_page_warm,872,30,35900,48000,64700,35000,64700
history_page_warm,873,30,36000,60500,85100,35200,85100
history_page_warm,874,30,35900,42500,59900,34900,59900
history_page_warm,875,30,36000,55400,59100,34900,59100
history_page_warm,876,30,35700,39200,74000,34900,74000
history_page_warm,877,30,36000,37900,42400,35200,42400
history_page_warm,878,30,35800,37500,37900,34900,37900
history_page_warm,879,30,35800,45600,120900,35000,120900
history_page_warm,880,30,35700,39300,45900,34900,45900
history_page_warm,881,30,35800,37500,39500,34900,39500
history_page_warm,882,30,35800,37800,40800,34800,40800
history_page_warm,883,30,35800,37200,45600,34800,45600
history_page_warm,884,30,35600,37100,37200,34700,37200
history_page_warm,885,30,35600,46800,63800,35000,63800
history_page_warm,886,30,36200,84000,98700,35800,98700
history_page_warm,887,30,35900,63300,68800,34900,68800
history_page_warm,888,30,35800,42300,64000,34900,64000
history_page_warm,889,30,35900,42000,62200,34900,62200
history_page_warm,890,30,36000,41200,63800,35300,63800
history_page_warm,891,30,35800,38900,65300,35000,65300
history_page_warm,892,30,35900,63000,64100,35000,64100
history_page_warm,893,30,35900,39100,62400,34900,62400
history_page_warm,894,30,36100,39400,63500,35200,63500
history_page_warm,895,30,35700,38900,60400,35000,60400
history_page_warm,896,30,35800,38100,39300,35100,39300
history_page_warm,897,30,35800,38500,39100,35100,39100
history_page_warm,898,30,35700,37800,38800,34900,38800
history_page_warm,899,30,35800,40500,43200,35200,43200
history_page_warm,900,30,35800,38400,72600,35100,72600
history_page_warm,901,30,35700,37700,38700,34900,38700
history_page_warm,902,30,35700,37400,38300,34900,38300
history_page_warm,903,30,36100,40200,41500,35000,41500
history_page_warm,904,30,35600,40300,46500,34800,46500
history_page_warm,905,30,35700,41400,81000,35200,81000
history_page_warm,906,30,35800,41600,73500,34900,73500
history_page_warm,907,30,35700,43200,48900,35000,48900
history_page_warm,908,30,35800,44600,48100,34900,48100
history_page_warm,909,30,35800,38800,40000,35100,40000
history_page_warm,910,30,35700,38900,39000,34900,39000
history_page_warm,911,30,36000,42600,50600,35300,50600
history_page_warm,912,30,35800,40800,78300,35100,78300
history_page_warm,913,30,35900,40600,97600,34800,97600
history_page_warm,914,30,35800,40300,43900,34700,43900
history_page_warm,915,30,35800,40900,60700,34900,60700
history_page_warm,916,30,35800,44500,44800,34700,44800
history_page_warm,917,30,35700,38800,39700,34300,39700
history_page_warm,918,30,35700,39400,39900,34800,39900
history_page_warm,919,30,35600,40800,44200,35000,44200
history_page_warm,920,30,36100,40500,41100,35100,41100
history_page_warm,921,30,35700,38200,40100,34800,40100
history_page_warm,922,30,35800,38900,39400,34800,39400
history_page_warm,923,30,35700,39400,41500,35000,41500
history_page_warm,924,30,35800,39500,40700,35000,40700
history_page_warm,925,30,35700,38600,39000,34700,39000
history_page_warm,926,30,35700,52400,144900,35000,144900
history_page_warm,927,30,35700,39400,40100,34800,40100
history_page_warm,928,30,35900,39100,40400,34900,40400
history_page_warm,929,30,35700,39500,39900,35000,39900
history_page_warm,930,30,36000,40300,40600,34600,40600
history_page_warm,931,30,35700,39200,40600,34800,40600
history_page_warm,932,30,35700,41500,41800,34700,41800
history_page_warm,933,30,35900,38300,40600,34900,40600
history_page_warm,934,30,35700,37900,41900,34700,41900
history_page_warm,935,30,35600,37200,39800,34900,39800
history_page_warm,936,30,35600,38000,42000,34900,42000
history_page_warm,937,30,36000,38100,40700,35300,40700
history_page_warm,938,30,35700,39400,42700,34900,42700
history_page_warm,939,30,35800,42700,92000,34900,92000
history_page_warm,940,30,35800,39300,39900,35000,39900
history_page_warm,941,30,36100,39400,39800,34800,39800
history_page_warm,942,30,35800,37300,40100,34600,40100
history_page_warm,943,30,35900,37900,38100,34800,38100
history_page_warm,944,30,35700,37100,37600,34900,37600
history_page_warm,945,30,36000,42900,97300,35100,97300
history_page_warm,946,30,35800,37200,42500,34900,42500
history_page_warm,947,30,35800,37300,39000,35000,39000
history_page_warm,948,30,35700,37300,54600,35000,54600
history_page_warm,949,30,35900,37800,53800,35000,53800
history_page_warm,950,30,35800,38700,118500,34400,118500
history_page_warm,951,30,35800,45900,47900,34900,47900
history_page_warm,952,30,35700,37700,38100,34900,38100
history_page_warm,953,30,35600,37100,38700,34700,38700
history_page_warm,954,30,36700,39500,41700,35500,41700
history_page_warm,955,30,35700,39000,40100,34700,40100
history_page_warm,956,30,35700,39700,59000,34900,59000
history_page_warm,957,30,35900,76400,141200,34800,141200
history_page_warm,958,30,36100,48600,54000,35000,54000
history_page_warm,959,30,36100,43100,140200,35000,140200
history_page_warm,960,30,35800,41400,45800,34600,45800
history_page_warm,961,30,35900,40700,47000,34900,47000
history_page_warm,962,30,36100,46500,119200,35000,119200
history_page_warm,963,30,35800,57100,79200,34700,79200
history_page_warm,964,30,35800,39100,48900,35000,48900
history_page_warm,965,30,35900,37400,39400,34800,39400
history_page_warm,966,30,35800,41300,45500,34900,45500
history_page_warm,967,30,36000,39200,41200,35000,41200
history_page_warm,968,30,35800,39300,59500,34800,59500
history_page_warm,969,30,35700,38800,40100,34600,40100
history_page_warm,970,30,35700,42000,44300,35100,44300
history_page_warm,971,30,36100,40100,43300,35100,43300
history_page_warm,972,30,35800,39000,39900,35000,39900
history_page_warm,973,30,35800,40200,74700,35100,74700
history_page_warm,974,30,35700,39100,54000,34600,54000
history_page_warm,975,30,36000,42000,50900,35200,50900
history_page_warm,976,30,36000,38700,39500,35100,39500
history_page_warm,977,30,36000,38900,65300,35300,65300
history_page_warm,978,30,35900,39200,44700,35000,44700
history_page_warm,979,30,36000,38100,39200,35300,39200
history_page_warm,980,30,35900,39000,71900,34800,71900
history_page_warm,981,30,36000,38600,39300,35100,39300
history_page_warm,982,30,35900,39400,39900,35000,39900
history_page_warm,983,30,35800,40300,53100,35200,53100
history_page_warm,984,30,35900,39600,71600,34800,71600
history_page_warm,985,30,35800,39700,39900,34700,39900
history_page_warm,986,30,35900,45100,72400,35000,72400
history_page_warm,987,30,36000,45900,48700,35000,48700
history_page_warm,988,30,36400,40400,65000,35400,65000
history_page_warm,989,30,35800,40100,45400,35200,45400
history_page_warm,990,30,35900,39200,43900,34600,43900
history_page_warm,991,30,35900,39200,39700,35000,39700
history_page_warm,992,30,35900,40700,56300,34900,56300
history_page_warm,993,30,35800,48700,60800,35000,60800
history_page_warm,994,30,35900,40400,62000,35100,62000
history_page_warm,995,30,35700,39800,104800,34900,104800
history_page_warm,996,30,36100,39200,74900,35100,74900
history_page_warm,997,30,35900,38700,39000,35300,39000
history_page_warm,998,30,36000,39400,40100,35000,40100
history_page_warm,999,30,35800,39500,46300,34800,46300
history_page_warm,1000,30,35800,37400,39600,35000,39600
history_page_warm,1001,30,36000,38400,39900,35100,39900
history_page_warm,1002,30,35700,37700,39200,35200,39200
history_page_warm,1003,30,35700,53300,131200,34700,131200
history_page_warm,1004,30,35900,42200,42600,34800,42600
history_page_warm,1005,30,36200,41300,127700,35400,127700
history_page_warm,1006,30,36000,37900,40500,35100,40500
history_page_warm,1007,30,35800,37600,40800,35100,40800
history_page_warm,1008,30,35900,37600,40200,34700,40200
history_page_warm,1009,30,36100,40500,45900,35400,45900
history_page_warm,1010,30,35800,38100,40100,35100,40100
history_page_warm,1011,30,36000,38100,43600,34800,43600
history_page_warm,1012,30,35800,37800,37800,34900,37800
history_page_warm,1013,30,36200,37500,38400,35100,38400
history_page_warm,1014,30,36000,37300,37700,35200,37700
history_page_warm,1015,30,36100,39300,45200,35100,45200
history_page_warm,1016,30,35800,53100,61500,35100,61500
history_page_warm,1017,30,35900,53900,79400,35200,79400
history_page_warm,1018,30,36100,40700,48100,35300,48100
history_page_warm,1019,30,36100,39300,122700,35000,122700
history_page_warm,1020,30,35700,37800,56100,35100,56100
history_page_warm,1021,30,35700,45400,84100,35100,84100
history_page_warm,1022,30,36300,43100,49500,35400,49500
history_page_warm,1023,30,35800,39800,40200,35200,40200
history_page_warm,1024,30,35700,39900,41100,35000,41100
history_page_warm,1025,30,35700,46500,50000,35100,50000
history_page_warm,1026,30,36000,45300,51100,35200,51100
history_page_warm,1027,30,35800,39900,54700,34700,54700
history_page_warm,1028,30,35700,38200,41800,34900,41800
history_page_warm,1029,30,35800,41600,64800,34600,64800
history_page_warm,1030,30,36000,48800,66800,35300,66800
history_page_warm,1031,30,35700,41000,43900,34600,43900
history_page_warm,1032,30,35800,39500,65600,34800,65600
history_page_warm,1033,30,35800,38300,42000,35100,42000
history_page_warm,1034,30,35700,40700,55100,34900,55100
history_page_warm,1035,30,35800,37700,40300,34900,40300
history_page_warm,1036,30,35800,41200,42000,35200,42000
history_page_warm,1037,30,35800,38800,39200,34600,39200
history_page_warm,1038,30,35700,42000,43900,35100,43900
history_page_warm,1039,30,36100,39200,42600,35300,42600
history_page_warm,1040,30,35900,38100,41300,35000,41300
history_page_warm,1041,30,35700,38200,39700,34900,39700
history_page_warm,1042,30,35900,40300,67700,34800,67700
history_page_warm,1043,30,36000,39600,42200,35200,42200
history_page_warm,1044,30,35700,37500,44600,35000,44600
history_page_warm,1045,30,35900,37800,47300,35200,47300
history_page_warm,1046,30,35800,43700,108300,35000,108300
history_page_warm,1047,30,36200,37800,72600,35400,72600
history_page_warm,1048,30,35800,37600,39700,35200,39700
history_page_warm,1049,30,35900,37100,37600,34800,37600
history_page_warm,1050,30,35800,37600,67400,35300,67400
history_page_warm,1051,30,35800,37600,50200,35000,50200
history_page_warm,1052,30,35800,57000,115600,35100,115600
history_page_warm,1053,30,35700,46800,128500,34700,128500
history_page_warm,1054,30,35600,71100,156400,34600,156400
history_page_warm,1055,30,35900,56300,69600,34500,69600
history_page_warm,1056,30,36100,53100,69400,35200,69400
history_page_warm,1057,30,36000,69400,140600,34800,140600
history_page_warm,1058,30,35900,69100,126000,34900,126000
history_page_warm,1059,30,35700,62000,69100,34600,69100
history_page_warm,1060,30,35900,66700,69500,35100,69500
history_page_warm,1061,30,35800,64700,69300,35100,69300
history_page_warm,1062,30,36000,63800,162400,34900,162400
history_page_warm,1063,30,35800,46200,62800,35000,62800
history_page_warm,1064,30,36100,43700,88200,35300,88200
history_page_warm,1065,30,35700,62400,96500,35100,96500
history_page_warm,1066,30,36100,63200,151500,34900,151500
history_page_warm,1067,30,35800,61600,74200,35000,74200
history_page_warm,1068,30,35700,37800,60800,34900,60800
history_page_warm,1069,30,35800,38000,62700,35200,62700
history_page_warm,1070,30,35900,38000,62700,35000,62700
history_page_warm,1071,30,35900,43300,61400,34900,61400
history_page_warm,1072,30,36100,39600,61700,34900,61700
history_page_warm,1073,30,36100,38200,62500,35300,62500
history_page_warm,1074,30,35900,61100,87500,34900,87500
history_page_warm,1075,30,35900,41000,61100,34900,61100
history_page_warm,1076,30,35900,38500,62400,35000,62400
history_page_warm,1077,30,36100,38400,63200,35100,63200
history_page_warm,1078,30,35900,45900,60700,34800,60700
history_page_warm,1079,30,35900,60200,68700,35000,68700
history_page_warm,1080,30,35700,58800,58900,34900,58900
history_page_warm,1081,30,36100,42000,59600,35200,59600
history_page_warm,1082,30,36100,51600,63100,35100,63100
history_page_warm,1083,30,36000,40800,63100,35100,63100
history_page_warm,1084,30,35600,37200,64500,35100,64500
history_page_warm,1085,30,35800,38800,60600,35000,60600
history_page_warm,1086,30,35800,62400,73400,35300,73400
history_page_warm,1087,30,35800,62300,63300,35200,63300
history_page_warm,1088,30,35800,43900,61600,35100,61600
history_page_warm,1089,30,19900,33400,75100,19600,75100
